─── Game variant: nlhe_full_52 ──────────────────
  deck cards      : 52  (excluded 0/52)
  initial stack   : 100000 mbb
  blinds          : 500 / 1000 mbb
  min bet / raise : 1000 / 1000 mbb
  max raises/rnd  : 4
  pot fractions   : {0.25, 0.33, 0.5, 0.66, 0.75, 1, 1.25, 1.5, 2, 2.5, 3}  all-in slot: yes
Action space (14 actions):
  [0] Fold
  [1] Check/Call
  [2] Raise 0.25× pot
  [3] Raise 0.33× pot
  [4] Raise 0.5× pot
  [5] Raise 0.66× pot
  [6] Raise 0.75× pot
  [7] Raise 1× pot
  [8] Raise 1.25× pot
  [9] Raise 1.5× pot
  [10] Raise 2× pot
  [11] Raise 2.5× pot
  [12] Raise 3× pot
  [13] All-in
Bet-history attention encoder: ON
Round-summary block          : ON
Opponent pool                : ON  (size=20, snapshot_every=2457600 steps, warmup=4915200 steps, p_use_pool=0.05, max_unique=4)
Using device: cuda
Rollout strategy: threadpool
[ppo] R-NaD reward regularisation: eta=0.1 (magnet KL moved from loss into rewards)
League anchors:  uniform  random_init  always_call  always_raise  pair_all_in
Best-response evaluator: ON  (every 36864000 env steps, 1 seeds × 3000 exploiter updates, 10000-hand eval match)
Metrics dir: runs/20260611_171906
  (live plots: `python tools/plot_live.py runs/20260611_171906`)

Starting training for 600000000 steps...

[rollout] CUDA-graphed inference forward (POKER_PPO_NO_CUDA_GRAPH=1 disables)
Loading HandRanks.DAT file...
Loading HandRanks.DAT file...
Loading HandRanks.DAT file...
Loading HandRanks.DAT file...
Loading HandRanks.DAT file...
Loading HandRanks.DAT file...
Loading HandRanks.DAT file...
Loading HandRanks.DAT file...
Loading HandRanks.DAT file...
Loading HandRanks.DAT file...
Loading HandRanks.DAT file...
Loading HandRanks.DAT file...
Loading HandRanks.DAT file...
Searching in: 
Searching in: 
Searching in: 
/mnt/c/Users/Elijah/CLionProjects/poker_ppo/Game/Utility/HandRanks.dat
/mnt/c/Users/Elijah/CLionProjects/poker_ppo/HandRanks.dat
Searching in: 
/mnt/c/Users/Elijah/CLionProjects/poker_ppo/Game/Utility/HandRanks.dat
/mnt/c/Users/Elijah/CLionProjects/poker_ppo/HandRanks.dat
Searching in: 
/mnt/c/Users/Elijah/CLionProjects/poker_ppo/Game/Utility/HandRanks.dat
/mnt/c/Users/Elijah/CLionProjects/poker_ppo/HandRanks.dat
Searching in: 
/mnt/c/Users/Elijah/CLionProjects/poker_ppo/Game/Utility/HandRanks.dat
/mnt/c/Users/Elijah/CLionProjects/poker_ppo/HandRanks.dat
Searching in: 
/mnt/c/Users/Elijah/CLionProjects/poker_ppo/Game/Utility/HandRanks.dat
/mnt/c/Users/Elijah/CLionProjects/poker_ppo/HandRanks.dat
/mnt/c/Users/Elijah/CLionProjects/poker_ppo/Game/Utility/HandRanks.dat
/mnt/c/Users/Elijah/CLionProjects/poker_ppo/HandRanks.dat
Searching in: 
/mnt/c/Users/Elijah/CLionProjects/poker_ppo/Game/Utility/HandRanks.dat
/mnt/c/Users/Elijah/CLionProjects/poker_ppo/HandRanks.dat
Searching in: 
/mnt/c/Users/Elijah/CLionProjects/poker_ppo/Game/Utility/HandRanks.dat
/mnt/c/Users/Elijah/CLionProjects/poker_ppo/HandRanks.dat
Searching in: 
/mnt/c/Users/Elijah/CLionProjects/poker_ppo/Game/Utility/HandRanks.dat
/mnt/c/Users/Elijah/CLionProjects/poker_ppo/HandRanks.dat
/mnt/c/Users/Elijah/CLionProjects/poker_ppo/Game/Utility/HandRanks.dat
/mnt/c/Users/Elijah/CLionProjects/poker_ppo/HandRanks.dat
Searching in: 
/mnt/c/Users/Elijah/CLionProjects/poker_ppo/Game/Utility/HandRanks.dat
/mnt/c/Users/Elijah/CLionProjects/poker_ppo/HandRanks.dat
Searching in: 
/mnt/c/Users/Elijah/CLionProjects/poker_ppo/Game/Utility/HandRanks.dat
/mnt/c/Users/Elijah/CLionProjects/poker_ppo/HandRanks.dat
Searching in: 
/mnt/c/Users/Elijah/CLionProjects/poker_ppo/Game/Utility/HandRanks.dat
/mnt/c/Users/Elijah/CLionProjects/poker_ppo/HandRanks.dat
complete.

complete.

complete.

complete.

complete.

complete.

complete.

complete.

complete.

complete.

complete.

complete.

complete.

[update] CUDA-graphed minibatch fwd+bwd (POKER_PPO_NO_UPDATE_GRAPH=1 disables)
update=0  step=49152  pg=-0.0130  vf=9.3305  H=2.0641  kl=0.0035  clip=0.1988  ev=-0.0169  lr=0.000300
[update 0]  rollout=3528.8ms  update=660.7ms  pool=0/20
update=10  step=540672  pg=-0.0044  vf=8.2720  H=1.8669  kl=0.0032  clip=0.1511  ev=0.1480  lr=0.000300
[update 10]  rollout=201.8ms  update=362.6ms  pool=0/20
update=20  step=1032192  pg=-0.0018  vf=6.9253  H=1.8639  kl=0.0036  clip=0.1740  ev=0.2199  lr=0.000300
[update 20]  rollout=184.2ms  update=328.9ms  pool=0/20
update=30  step=1523712  pg=-0.0025  vf=6.6024  H=1.8563  kl=0.0029  clip=0.1394  ev=0.2515  lr=0.000299
[update 30]  rollout=175.9ms  update=349.1ms  pool=0/20
update=40  step=2015232  pg=-0.0028  vf=8.0415  H=1.7973  kl=0.0022  clip=0.1036  ev=0.2936  lr=0.000299
[update 40]  rollout=295.1ms  update=758.8ms  pool=0/20

[league eval @ update 49  duration=14574ms]
──────────────────────────────────────────────────────────────────
  vs anchor          hands     bb/hand     win%     mode-collapse?
──────────────────────────────────────────────────────────────────
  random_init        10000      11.008     54.1%    top=23.5%
  uniform            10000      10.526     53.3%    top=23.9%
  always_call        10000       2.910     47.2%    top=20.7%
  always_raise       10000       2.575     35.5%    top=24.4%
  pair_all_in        10000      -0.156     87.3%    top=17.6%
──────────────────────────────────────────────────────────────────
  action mix (vs uniform):  F=14.4%  C=23.9%  R0=6.4%  R1=5.1%  R2=6.1%  R3=5.9%  R4=6.2%  R5=5.0%  R6=4.4%  R7=4.6%  R8=3.8%  R9=3.9%  R10=3.3%  AI=6.9%
  action mix (vs pair_all_in):  F=16.1%  C=17.6%  R0=1.4%  R1=1.4%  R2=8.8%  R3=7.5%  R4=9.7%  R5=7.4%  R6=6.7%  R7=6.4%  R8=4.7%  R9=5.0%  R10=4.9%  AI=2.5%

update=50  step=2506752  pg=-0.0017  vf=6.9495  H=1.8293  kl=0.0037  clip=0.1715  ev=0.3124  lr=0.000299
[update 50]  rollout=225.1ms  update=389.8ms  pool=0/20
update=60  step=2998272  pg=-0.0022  vf=7.0974  H=1.8204  kl=0.0025  clip=0.1221  ev=0.3383  lr=0.000299
[update 60]  rollout=192.0ms  update=342.9ms  pool=0/20
update=70  step=3489792  pg=-0.0023  vf=5.4544  H=1.8945  kl=0.0039  clip=0.1793  ev=0.3476  lr=0.000298
[update 70]  rollout=192.2ms  update=371.5ms  pool=0/20
update=80  step=3981312  pg=-0.0022  vf=5.6954  H=1.8802  kl=0.0032  clip=0.1479  ev=0.3634  lr=0.000298
[update 80]  rollout=194.1ms  update=375.4ms  pool=0/20
update=90  step=4472832  pg=-0.0022  vf=5.7514  H=1.8656  kl=0.0034  clip=0.1688  ev=0.3920  lr=0.000298
[update 90]  rollout=194.2ms  update=380.4ms  pool=0/20

[league eval @ update 99  duration=13178.5ms]
──────────────────────────────────────────────────────────────────
  vs anchor          hands     bb/hand     win%     mode-collapse?
──────────────────────────────────────────────────────────────────
  uniform            10000       9.323     47.1%    top=21.8%
  random_init        10000       9.265     47.5%    top=22.3%
  always_raise       10000       2.668     32.2%    top=25.2%
  always_call        10000       0.899     44.9%    top=19.9%
  pair_all_in        10000       0.011     85.8%    top=19.7%
──────────────────────────────────────────────────────────────────
  action mix (vs uniform):  F=19.1%  C=21.8%  R0=6.7%  R1=5.9%  R2=6.4%  R3=5.7%  R4=5.5%  R5=5.2%  R6=4.1%  R7=4.2%  R8=3.8%  R9=3.0%  R10=3.5%  AI=5.1%
  action mix (vs pair_all_in):  F=19.7%  C=15.0%  R0=1.4%  R1=1.5%  R2=8.1%  R3=7.6%  R4=7.7%  R5=7.3%  R6=6.2%  R7=6.5%  R8=6.5%  R9=5.4%  R10=5.2%  AI=2.0%

update=100  step=4964352  pg=-0.0033  vf=5.7116  H=1.8642  kl=0.0030  clip=0.1529  ev=0.3766  lr=0.000298
[update 100]  rollout=438.9ms  update=392.8ms  pool=1/20
update=110  step=5455872  pg=-0.0044  vf=6.9111  H=1.7938  kl=0.0034  clip=0.1718  ev=0.3896  lr=0.000297
[update 110]  rollout=356.1ms  update=371.3ms  pool=1/20
update=120  step=5947392  pg=-0.0043  vf=5.9873  H=1.8289  kl=0.0030  clip=0.1571  ev=0.4157  lr=0.000297
[update 120]  rollout=373.9ms  update=371.0ms  pool=1/20
update=130  step=6438912  pg=-0.0031  vf=5.6483  H=1.8450  kl=0.0042  clip=0.1897  ev=0.4087  lr=0.000297
[update 130]  rollout=374.6ms  update=377.8ms  pool=1/20
update=140  step=6930432  pg=-0.0053  vf=5.5504  H=1.8363  kl=0.0030  clip=0.1633  ev=0.4415  lr=0.000297
[update 140]  rollout=361.1ms  update=361.0ms  pool=1/20

[league eval @ update 149  duration=15852.1ms]
──────────────────────────────────────────────────────────────────
  vs anchor          hands     bb/hand     win%     mode-collapse?
──────────────────────────────────────────────────────────────────
  uniform            10000      11.427     52.9%    top=22.0%
  random_init        10000      10.984     51.7%    top=21.8%
  always_raise       10000       3.709     34.9%    top=24.8%
  always_call        10000       3.155     47.4%    top=19.4%
  pair_all_in        10000      -0.059     87.6%    top=16.7%
──────────────────────────────────────────────────────────────────
  action mix (vs uniform):  F=15.7%  C=22.0%  R0=6.1%  R1=6.1%  R2=6.6%  R3=7.1%  R4=7.2%  R5=4.6%  R6=4.5%  R7=4.2%  R8=3.4%  R9=2.9%  R10=2.8%  AI=6.7%
  action mix (vs pair_all_in):  F=16.7%  C=15.0%  R0=1.3%  R1=0.9%  R2=8.1%  R3=8.9%  R4=11.2%  R5=6.9%  R6=6.4%  R7=5.2%  R8=6.2%  R9=5.5%  R10=5.4%  AI=2.4%

update=150  step=7421952  pg=-0.0053  vf=5.2935  H=1.8470  kl=0.0026  clip=0.1315  ev=0.4604  lr=0.000296
[update 150]  rollout=539.5ms  update=378.2ms  pool=2/20
update=160  step=7913472  pg=-0.0056  vf=5.4078  H=1.8357  kl=0.0032  clip=0.1702  ev=0.4612  lr=0.000296
[update 160]  rollout=543.0ms  update=727.3ms  pool=2/20
update=170  step=8404992  pg=-0.0047  vf=5.1152  H=1.8441  kl=0.0033  clip=0.1711  ev=0.4513  lr=0.000296
[update 170]  rollout=451.8ms  update=351.3ms  pool=2/20
update=180  step=8896512  pg=-0.0065  vf=5.5212  H=1.8370  kl=0.0029  clip=0.1671  ev=0.4486  lr=0.000296
[update 180]  rollout=460.6ms  update=340.6ms  pool=2/20
update=190  step=9388032  pg=-0.0055  vf=4.6551  H=1.8581  kl=0.0030  clip=0.1597  ev=0.4437  lr=0.000295
[update 190]  rollout=434.9ms  update=340.6ms  pool=2/20

[league eval @ update 199  duration=13956.8ms]
──────────────────────────────────────────────────────────────────
  vs anchor          hands     bb/hand     win%     mode-collapse?
──────────────────────────────────────────────────────────────────
  random_init        10000      10.595     49.3%    top=21.3%
  uniform            10000      10.070     48.7%    top=21.3%
  always_raise       10000       4.765     33.7%    top=24.0%
  always_call        10000       2.674     45.7%    top=20.5%
  pair_all_in        10000      -0.118     84.9%    top=21.1%
──────────────────────────────────────────────────────────────────
  action mix (vs uniform):  F=18.6%  C=21.3%  R0=6.3%  R1=5.1%  R2=6.0%  R3=6.1%  R4=5.4%  R5=5.8%  R6=4.3%  R7=3.7%  R8=3.8%  R9=3.3%  R10=3.8%  AI=6.3%
  action mix (vs pair_all_in):  F=21.1%  C=14.2%  R0=1.4%  R1=0.8%  R2=7.9%  R3=7.5%  R4=7.0%  R5=7.6%  R6=6.2%  R7=5.9%  R8=5.8%  R9=5.7%  R10=6.9%  AI=1.9%

update=200  step=9879552  pg=-0.0070  vf=4.7694  H=1.8581  kl=0.0032  clip=0.1680  ev=0.4562  lr=0.000295
[update 200]  rollout=765.9ms  update=380.0ms  pool=3/20
update=210  step=10371072  pg=-0.0069  vf=4.4510  H=1.8744  kl=0.0029  clip=0.1572  ev=0.4616  lr=0.000295
[update 210]  rollout=607.7ms  update=380.8ms  pool=3/20
update=220  step=10862592  pg=-0.0074  vf=4.6635  H=1.8813  kl=0.0034  clip=0.1834  ev=0.4491  lr=0.000295
[update 220]  rollout=592.6ms  update=341.7ms  pool=3/20
update=230  step=11354112  pg=-0.0076  vf=4.4109  H=1.8921  kl=0.0033  clip=0.1748  ev=0.4773  lr=0.000294
[update 230]  rollout=566.1ms  update=348.0ms  pool=3/20
update=240  step=11845632  pg=-0.0079  vf=5.1530  H=1.8649  kl=0.0027  clip=0.1468  ev=0.4486  lr=0.000294
[update 240]  rollout=581.6ms  update=343.1ms  pool=3/20

[league eval @ update 249  duration=12495.3ms]
──────────────────────────────────────────────────────────────────
  vs anchor          hands     bb/hand     win%     mode-collapse?
──────────────────────────────────────────────────────────────────
  random_init        10000       9.948     47.4%    top=22.2%
  uniform            10000       9.670     47.1%    top=22.2%
  always_raise       10000       3.525     31.7%    top=26.2%
  always_call        10000       2.888     47.3%    top=25.7%
  pair_all_in        10000      -0.008     86.9%    top=17.8%
──────────────────────────────────────────────────────────────────
  action mix (vs uniform):  F=19.7%  C=22.2%  R0=6.5%  R1=4.9%  R2=6.6%  R3=6.1%  R4=5.8%  R5=5.9%  R6=4.6%  R7=4.2%  R8=3.4%  R9=2.6%  R10=2.6%  AI=5.0%
  action mix (vs pair_all_in):  F=17.8%  C=15.7%  R0=1.0%  R1=0.8%  R2=8.2%  R3=7.9%  R4=7.9%  R5=10.3%  R6=7.1%  R7=6.3%  R8=5.5%  R9=5.0%  R10=4.5%  AI=2.0%

update=250  step=12337152  pg=-0.0081  vf=4.4968  H=1.8940  kl=0.0035  clip=0.1930  ev=0.4693  lr=0.000294
[update 250]  rollout=718.1ms  update=390.8ms  pool=4/20
update=260  step=12828672  pg=-0.0088  vf=5.0064  H=1.8711  kl=0.0028  clip=0.1613  ev=0.4596  lr=0.000294
[update 260]  rollout=641.4ms  update=341.4ms  pool=4/20
update=270  step=13320192  pg=-0.0088  vf=5.4720  H=1.8389  kl=0.0029  clip=0.1597  ev=0.4748  lr=0.000293
[update 270]  rollout=647.8ms  update=340.0ms  pool=4/20
update=280  step=13811712  pg=-0.0090  vf=5.2023  H=1.8556  kl=0.0029  clip=0.1626  ev=0.4583  lr=0.000293
[update 280]  rollout=654.4ms  update=339.7ms  pool=4/20
update=290  step=14303232  pg=-0.0086  vf=5.2167  H=1.8541  kl=0.0031  clip=0.1815  ev=0.4739  lr=0.000293
[update 290]  rollout=651.1ms  update=341.3ms  pool=4/20

[league eval @ update 299  duration=12358.8ms]
──────────────────────────────────────────────────────────────────
  vs anchor          hands     bb/hand     win%     mode-collapse?
──────────────────────────────────────────────────────────────────
  uniform            10000      10.462     49.6%    top=21.7%
  random_init        10000       9.969     48.4%    top=21.8%
  always_raise       10000       4.317     34.6%    top=25.2%
  always_call        10000       3.088     47.0%    top=18.7%
  pair_all_in        10000      -0.017     86.7%    top=18.4%
──────────────────────────────────────────────────────────────────
  action mix (vs uniform):  F=17.7%  C=21.7%  R0=6.2%  R1=5.3%  R2=7.0%  R3=6.1%  R4=5.9%  R5=5.3%  R6=4.2%  R7=4.3%  R8=4.3%  R9=3.4%  R10=2.9%  AI=5.6%
  action mix (vs pair_all_in):  F=18.4%  C=13.4%  R0=1.1%  R1=0.9%  R2=8.8%  R3=8.3%  R4=7.8%  R5=7.7%  R6=6.3%  R7=7.0%  R8=6.6%  R9=6.9%  R10=4.9%  AI=1.9%

update=300  step=14794752  pg=-0.0095  vf=4.8836  H=1.8494  kl=0.0031  clip=0.1751  ev=0.4860  lr=0.000293
[update 300]  rollout=709.3ms  update=394.3ms  pool=5/20
update=310  step=15286272  pg=-0.0098  vf=4.9142  H=1.8653  kl=0.0031  clip=0.1712  ev=0.4746  lr=0.000292
[update 310]  rollout=652.4ms  update=356.9ms  pool=5/20
update=320  step=15777792  pg=-0.0106  vf=4.4993  H=1.8533  kl=0.0032  clip=0.1820  ev=0.4975  lr=0.000292
[update 320]  rollout=645.0ms  update=342.4ms  pool=5/20
update=330  step=16269312  pg=-0.0100  vf=4.7203  H=1.8785  kl=0.0033  clip=0.1876  ev=0.4714  lr=0.000292
[update 330]  rollout=663.5ms  update=357.5ms  pool=5/20
update=340  step=16760832  pg=-0.0102  vf=4.9695  H=1.8394  kl=0.0030  clip=0.1626  ev=0.4910  lr=0.000292
[update 340]  rollout=678.4ms  update=358.4ms  pool=5/20

[league eval @ update 349  duration=12296.6ms]
──────────────────────────────────────────────────────────────────
  vs anchor          hands     bb/hand     win%     mode-collapse?
──────────────────────────────────────────────────────────────────
  random_init        10000      10.024     48.6%    top=21.5%
  uniform            10000       9.938     49.1%    top=21.9%
  always_raise       10000       3.228     33.0%    top=25.8%
  always_call        10000       2.502     46.4%    top=20.6%
  pair_all_in        10000       0.117     87.3%    top=18.0%
──────────────────────────────────────────────────────────────────
  action mix (vs uniform):  F=17.8%  C=21.9%  R0=6.8%  R1=5.6%  R2=6.7%  R3=4.9%  R4=6.4%  R5=5.1%  R6=4.9%  R7=4.3%  R8=4.2%  R9=2.9%  R10=3.0%  AI=5.6%
  action mix (vs pair_all_in):  F=18.0%  C=13.2%  R0=1.0%  R1=1.6%  R2=8.6%  R3=6.5%  R4=8.3%  R5=7.7%  R6=7.3%  R7=6.9%  R8=7.7%  R9=5.5%  R10=6.1%  AI=1.5%

update=350  step=17252352  pg=-0.0109  vf=5.1431  H=1.8430  kl=0.0030  clip=0.1661  ev=0.4633  lr=0.000291
[update 350]  rollout=697.1ms  update=385.2ms  pool=6/20
update=360  step=17743872  pg=-0.0100  vf=5.1818  H=1.8459  kl=0.0031  clip=0.1686  ev=0.4671  lr=0.000291
[update 360]  rollout=647.5ms  update=358.4ms  pool=6/20
update=370  step=18235392  pg=-0.0107  vf=5.2826  H=1.8277  kl=0.0031  clip=0.1788  ev=0.4639  lr=0.000291
[update 370]  rollout=670.6ms  update=364.4ms  pool=6/20
update=380  step=18726912  pg=-0.0095  vf=5.8944  H=1.8111  kl=0.0025  clip=0.1434  ev=0.4494  lr=0.000291
[update 380]  rollout=707.0ms  update=359.8ms  pool=6/20
update=390  step=19218432  pg=-0.0110  vf=5.2073  H=1.8387  kl=0.0027  clip=0.1523  ev=0.4603  lr=0.000290
[update 390]  rollout=658.1ms  update=357.4ms  pool=6/20

[league eval @ update 399  duration=12547.1ms]
──────────────────────────────────────────────────────────────────
  vs anchor          hands     bb/hand     win%     mode-collapse?
──────────────────────────────────────────────────────────────────
  random_init        10000      10.170     49.4%    top=22.2%
  uniform            10000       9.920     49.5%    top=22.0%
  always_raise       10000       3.808     34.5%    top=25.6%
  always_call        10000       3.137     47.3%    top=19.1%
  pair_all_in        10000      -0.046     86.8%    top=18.0%
──────────────────────────────────────────────────────────────────
  action mix (vs uniform):  F=18.0%  C=22.0%  R0=7.1%  R1=5.5%  R2=6.4%  R3=5.6%  R4=6.1%  R5=5.1%  R6=4.2%  R7=5.1%  R8=3.8%  R9=3.4%  R10=2.4%  AI=5.2%
  action mix (vs pair_all_in):  F=18.0%  C=13.6%  R0=1.1%  R1=0.6%  R2=7.5%  R3=7.4%  R4=8.2%  R5=6.9%  R6=6.5%  R7=9.4%  R8=7.2%  R9=6.8%  R10=4.9%  AI=2.0%

update=400  step=19709952  pg=-0.0117  vf=5.2313  H=1.8453  kl=0.0030  clip=0.1720  ev=0.4649  lr=0.000290
[update 400]  rollout=707.3ms  update=369.1ms  pool=7/20
update=410  step=20201472  pg=-0.0098  vf=4.7575  H=1.8486  kl=0.0034  clip=0.1833  ev=0.4853  lr=0.000290
[update 410]  rollout=667.6ms  update=341.6ms  pool=7/20
update=420  step=20692992  pg=-0.0117  vf=4.6622  H=1.8524  kl=0.0030  clip=0.1692  ev=0.4850  lr=0.000290
[update 420]  rollout=717.5ms  update=345.0ms  pool=7/20
update=430  step=21184512  pg=-0.0121  vf=4.6644  H=1.8516  kl=0.0031  clip=0.1808  ev=0.4883  lr=0.000289
[update 430]  rollout=679.0ms  update=340.5ms  pool=7/20
update=440  step=21676032  pg=-0.0118  vf=5.0074  H=1.8370  kl=0.0031  clip=0.1749  ev=0.4828  lr=0.000289
[update 440]  rollout=684.1ms  update=341.9ms  pool=7/20

[league eval @ update 449  duration=12258.8ms]
──────────────────────────────────────────────────────────────────
  vs anchor          hands     bb/hand     win%     mode-collapse?
──────────────────────────────────────────────────────────────────
  uniform            10000       9.967     49.0%    top=21.2%
  random_init        10000       9.842     48.0%    top=20.4%
  always_raise       10000       2.589     31.9%    top=24.4%
  always_call        10000       2.338     45.8%    top=21.1%
  pair_all_in        10000      -0.047     86.0%    top=19.8%
──────────────────────────────────────────────────────────────────
  action mix (vs uniform):  F=18.5%  C=21.2%  R0=6.6%  R1=5.6%  R2=6.9%  R3=5.3%  R4=5.1%  R5=6.1%  R6=4.5%  R7=4.5%  R8=3.5%  R9=3.4%  R10=3.2%  AI=5.6%
  action mix (vs pair_all_in):  F=19.8%  C=12.7%  R0=1.0%  R1=0.5%  R2=8.6%  R3=6.7%  R4=7.5%  R5=7.5%  R6=7.0%  R7=7.5%  R8=5.7%  R9=6.8%  R10=6.1%  AI=2.7%

update=450  step=22167552  pg=-0.0123  vf=4.6294  H=1.8489  kl=0.0034  clip=0.1928  ev=0.4885  lr=0.000289
[update 450]  rollout=687.1ms  update=378.4ms  pool=8/20
update=460  step=22659072  pg=-0.0126  vf=4.9663  H=1.8305  kl=0.0030  clip=0.1706  ev=0.4848  lr=0.000289
[update 460]  rollout=655.0ms  update=352.0ms  pool=8/20
update=470  step=23150592  pg=-0.0121  vf=5.2670  H=1.8169  kl=0.0032  clip=0.1771  ev=0.4650  lr=0.000288
[update 470]  rollout=655.3ms  update=356.6ms  pool=8/20
update=480  step=23642112  pg=-0.0126  vf=5.4146  H=1.8217  kl=0.0030  clip=0.1712  ev=0.4739  lr=0.000288
[update 480]  rollout=666.0ms  update=351.8ms  pool=8/20
update=490  step=24133632  pg=-0.0129  vf=4.7497  H=1.8458  kl=0.0032  clip=0.1749  ev=0.4799  lr=0.000288
[update 490]  rollout=673.3ms  update=354.8ms  pool=8/20

[league eval @ update 499  duration=13004.2ms]
──────────────────────────────────────────────────────────────────
  vs anchor          hands     bb/hand     win%     mode-collapse?
──────────────────────────────────────────────────────────────────
  uniform            10000       9.840     49.4%    top=22.4%
  random_init        10000       9.618     49.4%    top=22.6%
  always_raise       10000       3.021     32.9%    top=25.6%
  always_call        10000       2.161     46.2%    top=18.3%
  pair_all_in        10000       0.038     87.0%    top=18.0%
──────────────────────────────────────────────────────────────────
  action mix (vs uniform):  F=17.6%  C=22.4%  R0=6.6%  R1=5.5%  R2=6.8%  R3=5.5%  R4=5.9%  R5=5.0%  R6=4.5%  R7=5.1%  R8=3.7%  R9=3.1%  R10=3.1%  AI=5.2%
  action mix (vs pair_all_in):  F=18.0%  C=14.4%  R0=0.7%  R1=0.8%  R2=7.7%  R3=7.7%  R4=8.3%  R5=7.2%  R6=6.9%  R7=9.1%  R8=6.5%  R9=5.2%  R10=5.2%  AI=2.3%

update=500  step=24625152  pg=-0.0111  vf=5.2877  H=1.8303  kl=0.0027  clip=0.1543  ev=0.4717  lr=0.000288
[update 500]  rollout=723.5ms  update=377.8ms  pool=9/20
update=510  step=25116672  pg=-0.0126  vf=5.2758  H=1.8191  kl=0.0028  clip=0.1554  ev=0.4843  lr=0.000287
[update 510]  rollout=678.2ms  update=356.4ms  pool=9/20
update=520  step=25608192  pg=-0.0133  vf=4.8719  H=1.8443  kl=0.0034  clip=0.1866  ev=0.4853  lr=0.000287
[update 520]  rollout=661.5ms  update=354.5ms  pool=9/20
update=530  step=26099712  pg=-0.0132  vf=4.6133  H=1.8587  kl=0.0032  clip=0.1790  ev=0.4881  lr=0.000287
[update 530]  rollout=667.6ms  update=352.3ms  pool=9/20
update=540  step=26591232  pg=-0.0134  vf=4.3293  H=1.8676  kl=0.0033  clip=0.1807  ev=0.4917  lr=0.000287
[update 540]  rollout=678.3ms  update=355.0ms  pool=9/20

[league eval @ update 549  duration=13687.5ms]
──────────────────────────────────────────────────────────────────
  vs anchor          hands     bb/hand     win%     mode-collapse?
──────────────────────────────────────────────────────────────────
  random_init        10000       9.785     48.8%    top=21.8%
  uniform            10000       9.454     48.7%    top=21.5%
  always_raise       10000       2.775     32.8%    top=23.9%
  always_call        10000       2.715     45.6%    top=20.4%
  pair_all_in        10000      -0.352     85.8%    top=19.1%
──────────────────────────────────────────────────────────────────
  action mix (vs uniform):  F=18.4%  C=21.5%  R0=6.7%  R1=4.9%  R2=6.4%  R3=6.3%  R4=5.4%  R5=5.1%  R6=5.0%  R7=4.2%  R8=4.1%  R9=3.7%  R10=2.6%  AI=5.6%
  action mix (vs pair_all_in):  F=19.1%  C=14.1%  R0=0.9%  R1=0.7%  R2=7.8%  R3=8.2%  R4=7.1%  R5=7.2%  R6=7.5%  R7=7.2%  R8=6.6%  R9=6.9%  R10=4.5%  AI=2.1%

update=550  step=27082752  pg=-0.0132  vf=4.6967  H=1.8512  kl=0.0029  clip=0.1644  ev=0.4883  lr=0.000286
[update 550]  rollout=792.2ms  update=385.0ms  pool=10/20
update=560  step=27574272  pg=-0.0131  vf=4.8117  H=1.8465  kl=0.0029  clip=0.1638  ev=0.4779  lr=0.000286
[update 560]  rollout=700.9ms  update=355.1ms  pool=10/20
update=570  step=28065792  pg=-0.0130  vf=4.5580  H=1.8613  kl=0.0032  clip=0.1760  ev=0.4744  lr=0.000286
[update 570]  rollout=633.9ms  update=327.4ms  pool=10/20
update=580  step=28557312  pg=-0.0120  vf=4.7435  H=1.8416  kl=0.0030  clip=0.1621  ev=0.4873  lr=0.000286
[update 580]  rollout=655.6ms  update=352.9ms  pool=10/20
update=590  step=29048832  pg=-0.0121  vf=5.5985  H=1.8207  kl=0.0031  clip=0.1695  ev=0.4791  lr=0.000286
[update 590]  rollout=647.9ms  update=355.8ms  pool=10/20

[league eval @ update 599  duration=13888.3ms]
──────────────────────────────────────────────────────────────────
  vs anchor          hands     bb/hand     win%     mode-collapse?
──────────────────────────────────────────────────────────────────
  uniform            10000      10.004     48.6%    top=22.5%
  random_init        10000       9.924     48.5%    top=22.0%
  always_raise       10000       3.208     32.6%    top=25.5%
  always_call        10000       2.551     45.7%    top=20.7%
  pair_all_in        10000      -0.039     85.3%    top=20.5%
──────────────────────────────────────────────────────────────────
  action mix (vs uniform):  F=18.4%  C=22.5%  R0=6.1%  R1=4.7%  R2=6.6%  R3=6.2%  R4=4.6%  R5=5.7%  R6=4.9%  R7=4.6%  R8=3.7%  R9=3.4%  R10=3.2%  AI=5.5%
  action mix (vs pair_all_in):  F=20.5%  C=14.1%  R0=0.8%  R1=1.0%  R2=8.0%  R3=7.0%  R4=6.1%  R5=8.6%  R6=6.8%  R7=6.4%  R8=5.8%  R9=6.7%  R10=6.3%  AI=1.9%

update=600  step=29540352  pg=-0.0136  vf=4.9161  H=1.8317  kl=0.0032  clip=0.1778  ev=0.4865  lr=0.000285
[update 600]  rollout=730.6ms  update=372.2ms  pool=11/20
update=610  step=30031872  pg=-0.0131  vf=5.0289  H=1.8385  kl=0.0031  clip=0.1708  ev=0.4751  lr=0.000285
[update 610]  rollout=666.6ms  update=352.7ms  pool=11/20
update=620  step=30523392  pg=-0.0133  vf=4.9547  H=1.8278  kl=0.0032  clip=0.1760  ev=0.4782  lr=0.000285
[update 620]  rollout=670.2ms  update=334.1ms  pool=11/20
update=630  step=31014912  pg=-0.0132  vf=4.4812  H=1.8464  kl=0.0030  clip=0.1655  ev=0.5018  lr=0.000285
[update 630]  rollout=666.3ms  update=353.1ms  pool=11/20
update=640  step=31506432  pg=-0.0124  vf=4.6806  H=1.8550  kl=0.0031  clip=0.1763  ev=0.4747  lr=0.000284
[update 640]  rollout=654.6ms  update=354.7ms  pool=11/20

[league eval @ update 649  duration=12159.3ms]
──────────────────────────────────────────────────────────────────
  vs anchor          hands     bb/hand     win%     mode-collapse?
──────────────────────────────────────────────────────────────────
  uniform            10000       9.574     47.0%    top=21.9%
  random_init        10000       9.189     46.4%    top=21.3%
  always_raise       10000       2.969     31.3%    top=24.4%
  always_call        10000       2.854     46.1%    top=22.5%
  pair_all_in        10000      -0.100     86.2%    top=18.9%
──────────────────────────────────────────────────────────────────
  action mix (vs uniform):  F=19.6%  C=21.9%  R0=5.8%  R1=5.8%  R2=5.8%  R3=5.7%  R4=5.9%  R5=6.3%  R6=4.2%  R7=3.9%  R8=3.9%  R9=3.5%  R10=2.6%  AI=5.1%
  action mix (vs pair_all_in):  F=18.9%  C=13.4%  R0=0.8%  R1=1.1%  R2=7.2%  R3=7.5%  R4=8.8%  R5=9.7%  R6=6.3%  R7=6.4%  R8=6.7%  R9=5.8%  R10=5.6%  AI=2.1%

update=650  step=31997952  pg=-0.0129  vf=4.6562  H=1.8391  kl=0.0030  clip=0.1674  ev=0.4868  lr=0.000284
[update 650]  rollout=670.3ms  update=384.1ms  pool=12/20
update=660  step=32489472  pg=-0.0135  vf=4.5717  H=1.8420  kl=0.0033  clip=0.1759  ev=0.4927  lr=0.000284
[update 660]  rollout=666.1ms  update=353.6ms  pool=12/20
update=670  step=32980992  pg=-0.0135  vf=4.6341  H=1.8510  kl=0.0031  clip=0.1734  ev=0.4904  lr=0.000284
[update 670]  rollout=667.8ms  update=354.9ms  pool=12/20
update=680  step=33472512  pg=-0.0136  vf=4.7222  H=1.8505  kl=0.0032  clip=0.1793  ev=0.4723  lr=0.000283
[update 680]  rollout=665.2ms  update=352.9ms  pool=12/20
update=690  step=33964032  pg=-0.0133  vf=5.1245  H=1.8216  kl=0.0030  clip=0.1693  ev=0.4873  lr=0.000283
[update 690]  rollout=650.7ms  update=353.9ms  pool=12/20

[league eval @ update 699  duration=12461ms]
──────────────────────────────────────────────────────────────────
  vs anchor          hands     bb/hand     win%     mode-collapse?
──────────────────────────────────────────────────────────────────
  random_init        10000       9.748     48.9%    top=21.0%
  uniform            10000       9.091     47.9%    top=21.7%
  always_raise       10000       3.888     33.9%    top=25.2%
  always_call        10000       2.525     46.2%    top=20.9%
  pair_all_in        10000       0.058     87.2%    top=17.7%
──────────────────────────────────────────────────────────────────
  action mix (vs uniform):  F=18.9%  C=21.7%  R0=6.1%  R1=5.5%  R2=6.8%  R3=6.8%  R4=5.5%  R5=4.9%  R6=4.4%  R7=4.2%  R8=3.6%  R9=3.8%  R10=2.7%  AI=5.1%
  action mix (vs pair_all_in):  F=17.7%  C=14.4%  R0=1.0%  R1=0.9%  R2=8.9%  R3=7.8%  R4=8.2%  R5=7.6%  R6=5.9%  R7=7.0%  R8=5.8%  R9=7.5%  R10=5.4%  AI=1.9%

update=700  step=34455552  pg=-0.0136  vf=4.9754  H=1.8285  kl=0.0032  clip=0.1735  ev=0.4770  lr=0.000283
[update 700]  rollout=697.4ms  update=396.1ms  pool=13/20
update=710  step=34947072  pg=-0.0133  vf=4.6616  H=1.8449  kl=0.0029  clip=0.1677  ev=0.4848  lr=0.000283
[update 710]  rollout=653.1ms  update=352.6ms  pool=13/20
update=720  step=35438592  pg=-0.0137  vf=4.6553  H=1.8356  kl=0.0033  clip=0.1836  ev=0.4835  lr=0.000282
[update 720]  rollout=630.5ms  update=347.4ms  pool=13/20
update=730  step=35930112  pg=-0.0135  vf=4.1615  H=1.8358  kl=0.0036  clip=0.1914  ev=0.5233  lr=0.000282
[update 730]  rollout=637.5ms  update=350.3ms  pool=13/20
update=740  step=36421632  pg=-0.0139  vf=4.2059  H=1.8542  kl=0.0033  clip=0.1787  ev=0.4998  lr=0.000282
[update 740]  rollout=619.3ms  update=348.9ms  pool=13/20

[league eval @ update 749  duration=10882ms]
──────────────────────────────────────────────────────────────────
  vs anchor          hands     bb/hand     win%     mode-collapse?
──────────────────────────────────────────────────────────────────
  random_init        10000       8.875     45.5%    top=21.0%
  uniform            10000       8.705     44.9%    top=21.4%
  always_call        10000       2.918     45.5%    top=21.5%
  always_raise       10000       2.896     29.9%    top=23.4%
  pair_all_in        10000       0.012     85.0%    top=21.8%
──────────────────────────────────────────────────────────────────
  action mix (vs uniform):  F=21.4%  C=20.0%  R0=5.6%  R1=5.6%  R2=6.6%  R3=6.1%  R4=6.4%  R5=5.1%  R6=4.4%  R7=4.3%  R8=3.1%  R9=3.1%  R10=3.1%  AI=5.2%
  action mix (vs pair_all_in):  F=21.8%  C=12.4%  R0=0.8%  R1=0.6%  R2=7.9%  R3=7.1%  R4=8.7%  R5=7.7%  R6=7.1%  R7=6.9%  R8=5.6%  R9=5.4%  R10=6.3%  AI=1.6%

[best-response eval @ update 749  seeds=1  bb/hand max=0.644  mean=0.644  min=0.644  std=0.000  best-win%=41.5  duration=1057954ms]

update=750  step=36913152  pg=-0.0135  vf=4.3036  H=1.8495  kl=0.0031  clip=0.1714  ev=0.4967  lr=0.000282
[update 750]  rollout=661.5ms  update=368.5ms  pool=14/20
update=760  step=37404672  pg=-0.0133  vf=4.5024  H=1.8551  kl=0.0030  clip=0.1631  ev=0.4826  lr=0.000281
[update 760]  rollout=618.9ms  update=346.3ms  pool=14/20
update=770  step=37896192  pg=-0.0142  vf=4.2967  H=1.8426  kl=0.0031  clip=0.1664  ev=0.4949  lr=0.000281
[update 770]  rollout=650.7ms  update=349.2ms  pool=14/20
update=780  step=38387712  pg=-0.0141  vf=4.4081  H=1.8546  kl=0.0029  clip=0.1626  ev=0.4757  lr=0.000281
[update 780]  rollout=634.0ms  update=349.7ms  pool=14/20
update=790  step=38879232  pg=-0.0138  vf=4.5489  H=1.8490  kl=0.0033  clip=0.1758  ev=0.4771  lr=0.000281
[update 790]  rollout=655.9ms  update=346.3ms  pool=14/20

[league eval @ update 799  duration=11536.6ms]
──────────────────────────────────────────────────────────────────
  vs anchor          hands     bb/hand     win%     mode-collapse?
──────────────────────────────────────────────────────────────────
  random_init        10000       9.764     49.1%    top=22.0%
  uniform            10000       9.505     48.7%    top=21.8%
  always_raise       10000       3.393     33.7%    top=24.8%
  always_call        10000       2.314     46.1%    top=21.1%
  pair_all_in        10000      -0.175     86.3%    top=18.3%
──────────────────────────────────────────────────────────────────
  action mix (vs uniform):  F=18.3%  C=21.8%  R0=6.4%  R1=5.5%  R2=6.7%  R3=5.7%  R4=6.2%  R5=5.4%  R6=4.6%  R7=4.1%  R8=4.0%  R9=3.7%  R10=2.5%  AI=5.2%
  action mix (vs pair_all_in):  F=18.3%  C=15.7%  R0=1.1%  R1=1.2%  R2=7.4%  R3=8.0%  R4=8.4%  R5=7.3%  R6=7.6%  R7=6.0%  R8=6.8%  R9=6.3%  R10=4.2%  AI=1.8%

update=800  step=39370752  pg=-0.0147  vf=4.6789  H=1.8482  kl=0.0033  clip=0.1801  ev=0.4964  lr=0.000280
[update 800]  rollout=662.3ms  update=377.3ms  pool=15/20
update=810  step=39862272  pg=-0.0149  vf=4.6264  H=1.8507  kl=0.0033  clip=0.1759  ev=0.4874  lr=0.000280
[update 810]  rollout=622.7ms  update=349.0ms  pool=15/20
update=820  step=40353792  pg=-0.0139  vf=4.3263  H=1.8554  kl=0.0031  clip=0.1752  ev=0.5040  lr=0.000280
[update 820]  rollout=649.6ms  update=339.3ms  pool=15/20
update=830  step=40845312  pg=-0.0150  vf=4.1927  H=1.8383  kl=0.0032  clip=0.1780  ev=0.5190  lr=0.000280
[update 830]  rollout=624.6ms  update=340.8ms  pool=15/20
update=840  step=41336832  pg=-0.0146  vf=4.3871  H=1.8513  kl=0.0034  clip=0.1812  ev=0.4920  lr=0.000279
[update 840]  rollout=649.3ms  update=358.7ms  pool=15/20

[league eval @ update 849  duration=11656.9ms]
──────────────────────────────────────────────────────────────────
  vs anchor          hands     bb/hand     win%     mode-collapse?
──────────────────────────────────────────────────────────────────
  random_init        10000       9.347     47.4%    top=20.9%
  uniform            10000       9.236     47.6%    top=20.2%
  always_raise       10000       3.827     33.2%    top=24.0%
  always_call        10000       2.195     45.9%    top=19.4%
  pair_all_in        10000       0.009     85.8%    top=20.0%
──────────────────────────────────────────────────────────────────
  action mix (vs uniform):  F=19.7%  C=20.2%  R0=6.9%  R1=5.3%  R2=6.9%  R3=6.1%  R4=6.3%  R5=5.4%  R6=4.3%  R7=3.8%  R8=3.7%  R9=3.1%  R10=3.1%  AI=5.4%
  action mix (vs pair_all_in):  F=20.0%  C=13.7%  R0=1.3%  R1=0.8%  R2=9.1%  R3=7.4%  R4=8.2%  R5=7.8%  R6=6.1%  R7=6.3%  R8=6.2%  R9=5.5%  R10=5.4%  AI=2.2%

update=850  step=41828352  pg=-0.0145  vf=4.1843  H=1.8500  kl=0.0030  clip=0.1664  ev=0.5019  lr=0.000279
[update 850]  rollout=671.2ms  update=379.0ms  pool=16/20
update=860  step=42319872  pg=-0.0144  vf=4.6199  H=1.8451  kl=0.0031  clip=0.1695  ev=0.4817  lr=0.000279
[update 860]  rollout=628.2ms  update=344.0ms  pool=16/20
update=870  step=42811392  pg=-0.0138  vf=4.5943  H=1.8470  kl=0.0032  clip=0.1761  ev=0.4909  lr=0.000279
[update 870]  rollout=615.1ms  update=364.2ms  pool=16/20
update=880  step=43302912  pg=-0.0146  vf=4.3864  H=1.8382  kl=0.0031  clip=0.1734  ev=0.5163  lr=0.000278
[update 880]  rollout=620.7ms  update=348.9ms  pool=16/20
update=890  step=43794432  pg=-0.0143  vf=4.6064  H=1.8355  kl=0.0030  clip=0.1665  ev=0.4978  lr=0.000278
[update 890]  rollout=629.5ms  update=348.6ms  pool=16/20

[league eval @ update 899  duration=11365.3ms]
──────────────────────────────────────────────────────────────────
  vs anchor          hands     bb/hand     win%     mode-collapse?
──────────────────────────────────────────────────────────────────
  random_init        10000      10.006     47.7%    top=20.4%
  uniform            10000       8.871     46.8%    top=20.2%
  always_raise       10000       3.128     32.1%    top=24.6%
  always_call        10000       3.083     46.4%    top=20.8%
  pair_all_in        10000       0.170     85.9%    top=21.0%
──────────────────────────────────────────────────────────────────
  action mix (vs uniform):  F=20.2%  C=19.7%  R0=6.3%  R1=5.4%  R2=6.4%  R3=6.0%  R4=5.8%  R5=5.5%  R6=4.9%  R7=4.1%  R8=4.0%  R9=2.9%  R10=3.3%  AI=5.5%
  action mix (vs pair_all_in):  F=21.0%  C=12.9%  R0=0.7%  R1=0.9%  R2=7.9%  R3=6.6%  R4=8.0%  R5=7.1%  R6=7.5%  R7=6.6%  R8=7.1%  R9=5.1%  R10=6.3%  AI=2.3%

update=900  step=44285952  pg=-0.0148  vf=4.4118  H=1.8435  kl=0.0033  clip=0.1795  ev=0.5025  lr=0.000278
[update 900]  rollout=670.1ms  update=371.3ms  pool=17/20
update=910  step=44777472  pg=-0.0147  vf=4.8347  H=1.8171  kl=0.0031  clip=0.1694  ev=0.5021  lr=0.000278
[update 910]  rollout=650.2ms  update=347.6ms  pool=17/20
update=920  step=45268992  pg=-0.0147  vf=4.2472  H=1.8424  kl=0.0032  clip=0.1704  ev=0.5092  lr=0.000277
[update 920]  rollout=642.0ms  update=349.2ms  pool=17/20
update=930  step=45760512  pg=-0.0142  vf=5.1889  H=1.8200  kl=0.0029  clip=0.1610  ev=0.4774  lr=0.000277
[update 930]  rollout=619.3ms  update=362.0ms  pool=17/20
update=940  step=46252032  pg=-0.0145  vf=5.1080  H=1.8289  kl=0.0031  clip=0.1710  ev=0.4785  lr=0.000277
[update 940]  rollout=675.5ms  update=348.2ms  pool=17/20

[league eval @ update 949  duration=12842ms]
──────────────────────────────────────────────────────────────────
  vs anchor          hands     bb/hand     win%     mode-collapse?
──────────────────────────────────────────────────────────────────
  random_init        10000       9.928     47.8%    top=21.3%
  uniform            10000       9.474     47.8%    top=21.3%
  always_raise       10000       3.264     32.4%    top=24.3%
  always_call        10000       2.475     46.4%    top=17.7%
  pair_all_in        10000      -0.040     86.2%    top=19.3%
──────────────────────────────────────────────────────────────────
  action mix (vs uniform):  F=19.0%  C=21.3%  R0=6.7%  R1=5.7%  R2=6.8%  R3=6.1%  R4=6.2%  R5=4.8%  R6=4.9%  R7=4.2%  R8=3.9%  R9=2.9%  R10=2.6%  AI=5.0%
  action mix (vs pair_all_in):  F=19.3%  C=13.3%  R0=0.9%  R1=1.0%  R2=8.5%  R3=8.4%  R4=8.4%  R5=7.4%  R6=7.9%  R7=7.1%  R8=6.1%  R9=4.8%  R10=5.1%  AI=1.9%

update=950  step=46743552  pg=-0.0147  vf=4.8537  H=1.8219  kl=0.0031  clip=0.1718  ev=0.4911  lr=0.000277
[update 950]  rollout=662.4ms  update=369.5ms  pool=18/20
update=960  step=47235072  pg=-0.0152  vf=4.7566  H=1.8347  kl=0.0032  clip=0.1744  ev=0.5003  lr=0.000276
[update 960]  rollout=677.2ms  update=348.0ms  pool=18/20
update=970  step=47726592  pg=-0.0151  vf=5.0494  H=1.8147  kl=0.0031  clip=0.1674  ev=0.4980  lr=0.000276
[update 970]  rollout=639.0ms  update=364.5ms  pool=18/20
update=980  step=48218112  pg=-0.0148  vf=4.5842  H=1.8320  kl=0.0031  clip=0.1706  ev=0.5150  lr=0.000276
[update 980]  rollout=610.3ms  update=348.9ms  pool=18/20
update=990  step=48709632  pg=-0.0147  vf=4.5531  H=1.8344  kl=0.0031  clip=0.1725  ev=0.4992  lr=0.000276
[update 990]  rollout=630.8ms  update=362.5ms  pool=18/20

[league eval @ update 999  duration=11223.4ms]
──────────────────────────────────────────────────────────────────
  vs anchor          hands     bb/hand     win%     mode-collapse?
──────────────────────────────────────────────────────────────────
  random_init        10000       9.424     47.1%    top=20.1%
  uniform            10000       9.295     47.6%    top=20.1%
  always_raise       10000       3.716     32.9%    top=22.9%
  always_call        10000       3.369     46.3%    top=21.4%
  pair_all_in        10000      -0.010     85.7%    top=20.3%
──────────────────────────────────────────────────────────────────
  action mix (vs uniform):  F=19.9%  C=20.1%  R0=6.8%  R1=5.0%  R2=6.3%  R3=5.9%  R4=5.6%  R5=5.6%  R6=4.9%  R7=4.7%  R8=4.0%  R9=3.0%  R10=2.8%  AI=5.3%
  action mix (vs pair_all_in):  F=20.3%  C=13.5%  R0=0.9%  R1=0.8%  R2=7.2%  R3=7.9%  R4=7.7%  R5=8.0%  R6=7.5%  R7=8.0%  R8=6.5%  R9=5.0%  R10=4.7%  AI=1.8%

update=1000  step=49201152  pg=-0.0144  vf=4.5005  H=1.8432  kl=0.0032  clip=0.1769  ev=0.4934  lr=0.000275
[update 1000]  rollout=664.4ms  update=367.8ms  pool=19/20
update=1010  step=49692672  pg=-0.0152  vf=4.4203  H=1.8381  kl=0.0029  clip=0.1592  ev=0.4984  lr=0.000275
[update 1010]  rollout=613.7ms  update=339.6ms  pool=19/20
update=1020  step=50184192  pg=-0.0154  vf=4.2145  H=1.8457  kl=0.0033  clip=0.1792  ev=0.5145  lr=0.000275
[update 1020]  rollout=628.9ms  update=337.0ms  pool=19/20
update=1030  step=50675712  pg=-0.0147  vf=4.5360  H=1.8435  kl=0.0031  clip=0.1720  ev=0.4931  lr=0.000275
[update 1030]  rollout=621.4ms  update=348.8ms  pool=19/20
update=1040  step=51167232  pg=-0.0144  vf=4.3873  H=1.8441  kl=0.0031  clip=0.1670  ev=0.5091  lr=0.000274
[update 1040]  rollout=628.4ms  update=349.0ms  pool=19/20

[league eval @ update 1049  duration=11339.6ms]
──────────────────────────────────────────────────────────────────
  vs anchor          hands     bb/hand     win%     mode-collapse?
──────────────────────────────────────────────────────────────────
  random_init        10000      10.119     47.9%    top=20.6%
  uniform            10000       9.428     47.6%    top=20.1%
  always_raise       10000       4.102     34.0%    top=24.1%
  always_call        10000       3.050     47.0%    top=21.5%
  pair_all_in        10000       0.023     85.8%    top=19.7%
──────────────────────────────────────────────────────────────────
  action mix (vs uniform):  F=19.7%  C=20.1%  R0=7.0%  R1=5.4%  R2=6.8%  R3=5.9%  R4=6.4%  R5=4.8%  R6=4.7%  R7=4.1%  R8=4.1%  R9=3.2%  R10=2.4%  AI=5.3%
  action mix (vs pair_all_in):  F=19.7%  C=15.0%  R0=1.1%  R1=0.9%  R2=7.6%  R3=7.7%  R4=8.7%  R5=7.1%  R6=7.2%  R7=6.3%  R8=7.3%  R9=5.4%  R10=4.1%  AI=2.0%

update=1050  step=51658752  pg=-0.0145  vf=4.4224  H=1.8532  kl=0.0030  clip=0.1664  ev=0.4956  lr=0.000274
[update 1050]  rollout=652.5ms  update=368.5ms  pool=20/20
update=1060  step=52150272  pg=-0.0148  vf=4.7594  H=1.8348  kl=0.0029  clip=0.1594  ev=0.4926  lr=0.000274
[update 1060]  rollout=643.2ms  update=344.1ms  pool=20/20
update=1070  step=52641792  pg=-0.0153  vf=4.2620  H=1.8388  kl=0.0031  clip=0.1757  ev=0.5086  lr=0.000274
[update 1070]  rollout=639.5ms  update=342.2ms  pool=20/20
update=1080  step=53133312  pg=-0.0154  vf=4.4737  H=1.8326  kl=0.0030  clip=0.1664  ev=0.5154  lr=0.000273
[update 1080]  rollout=657.2ms  update=360.0ms  pool=20/20
update=1090  step=53624832  pg=-0.0142  vf=4.2937  H=1.8527  kl=0.0030  clip=0.1648  ev=0.5078  lr=0.000273
[update 1090]  rollout=651.4ms  update=358.3ms  pool=20/20

[league eval @ update 1099  duration=12520.5ms]
──────────────────────────────────────────────────────────────────
  vs anchor          hands     bb/hand     win%     mode-collapse?
──────────────────────────────────────────────────────────────────
  uniform            10000       9.555     47.7%    top=20.8%
  random_init        10000       9.460     47.0%    top=21.0%
  always_raise       10000       3.125     32.0%    top=24.0%
  always_call        10000       3.109     46.6%    top=19.1%
  pair_all_in        10000      -0.089     85.5%    top=20.2%
──────────────────────────────────────────────────────────────────
  action mix (vs uniform):  F=19.4%  C=20.8%  R0=6.6%  R1=5.8%  R2=6.8%  R3=6.0%  R4=5.1%  R5=5.3%  R6=5.0%  R7=4.1%  R8=4.0%  R9=2.9%  R10=2.7%  AI=5.4%
  action mix (vs pair_all_in):  F=20.2%  C=13.9%  R0=0.6%  R1=0.9%  R2=8.6%  R3=7.3%  R4=6.8%  R5=7.5%  R6=7.7%  R7=6.8%  R8=6.8%  R9=6.1%  R10=4.9%  AI=1.8%

update=1100  step=54116352  pg=-0.0142  vf=4.6431  H=1.8381  kl=0.0028  clip=0.1579  ev=0.5030  lr=0.000273
[update 1100]  rollout=696.7ms  update=371.6ms  pool=20/20
update=1110  step=54607872  pg=-0.0148  vf=4.8315  H=1.8291  kl=0.0031  clip=0.1658  ev=0.4947  lr=0.000273
[update 1110]  rollout=670.2ms  update=355.0ms  pool=20/20
update=1120  step=55099392  pg=-0.0160  vf=3.9381  H=1.8548  kl=0.0035  clip=0.1861  ev=0.5172  lr=0.000272
[update 1120]  rollout=672.7ms  update=352.5ms  pool=20/20
update=1130  step=55590912  pg=-0.0153  vf=3.9143  H=1.8491  kl=0.0031  clip=0.1721  ev=0.5368  lr=0.000272
[update 1130]  rollout=652.0ms  update=349.0ms  pool=20/20
update=1140  step=56082432  pg=-0.0149  vf=4.2346  H=1.8557  kl=0.0032  clip=0.1696  ev=0.4976  lr=0.000272
[update 1140]  rollout=664.5ms  update=350.8ms  pool=20/20

[league eval @ update 1149  duration=12581.6ms]
──────────────────────────────────────────────────────────────────
  vs anchor          hands     bb/hand     win%     mode-collapse?
──────────────────────────────────────────────────────────────────
  uniform            10000       9.976     48.4%    top=21.6%
  random_init        10000       9.305     48.2%    top=21.8%
  always_raise       10000       3.258     33.1%    top=24.6%
  always_call        10000       2.919     46.1%    top=21.1%
  pair_all_in        10000      -0.120     85.7%    top=19.7%
──────────────────────────────────────────────────────────────────
  action mix (vs uniform):  F=18.8%  C=21.6%  R0=6.5%  R1=5.6%  R2=6.4%  R3=6.2%  R4=5.4%  R5=4.6%  R6=5.3%  R7=4.3%  R8=4.3%  R9=3.0%  R10=2.9%  AI=5.3%
  action mix (vs pair_all_in):  F=19.7%  C=14.1%  R0=0.9%  R1=1.4%  R2=7.6%  R3=8.0%  R4=6.4%  R5=6.7%  R6=7.5%  R7=7.0%  R8=6.8%  R9=5.8%  R10=6.3%  AI=1.8%

update=1150  step=56573952  pg=-0.0152  vf=4.3013  H=1.8373  kl=0.0031  clip=0.1675  ev=0.5125  lr=0.000272
[update 1150]  rollout=803.1ms  update=374.3ms  pool=20/20
update=1160  step=57065472  pg=-0.0152  vf=4.5120  H=1.8256  kl=0.0031  clip=0.1701  ev=0.5111  lr=0.000271
[update 1160]  rollout=662.1ms  update=338.4ms  pool=20/20
update=1170  step=57556992  pg=-0.0145  vf=4.5704  H=1.8429  kl=0.0032  clip=0.1750  ev=0.4818  lr=0.000271
[update 1170]  rollout=670.1ms  update=338.6ms  pool=20/20
update=1180  step=58048512  pg=-0.0148  vf=4.4112  H=1.8319  kl=0.0031  clip=0.1686  ev=0.5054  lr=0.000271
[update 1180]  rollout=738.5ms  update=353.5ms  pool=20/20
update=1190  step=58540032  pg=-0.0145  vf=4.3818  H=1.8375  kl=0.0032  clip=0.1708  ev=0.5005  lr=0.000271
[update 1190]  rollout=685.1ms  update=347.4ms  pool=20/20

[league eval @ update 1199  duration=12280.8ms]
──────────────────────────────────────────────────────────────────
  vs anchor          hands     bb/hand     win%     mode-collapse?
──────────────────────────────────────────────────────────────────
  uniform            10000       9.535     46.5%    top=20.4%
  random_init        10000       9.124     47.1%    top=20.6%
  always_call        10000       2.572     45.9%    top=21.2%
  always_raise       10000       2.138     31.5%    top=23.3%
  pair_all_in        10000      -0.075     85.4%    top=20.5%
──────────────────────────────────────────────────────────────────
  action mix (vs uniform):  F=20.4%  C=20.0%  R0=6.2%  R1=5.4%  R2=7.3%  R3=6.3%  R4=5.4%  R5=5.2%  R6=4.9%  R7=4.7%  R8=3.6%  R9=2.8%  R10=2.8%  AI=5.1%
  action mix (vs pair_all_in):  F=20.5%  C=13.4%  R0=0.7%  R1=0.8%  R2=8.4%  R3=7.7%  R4=7.2%  R5=6.9%  R6=7.5%  R7=7.0%  R8=6.7%  R9=5.8%  R10=5.7%  AI=1.8%

update=1200  step=59031552  pg=-0.0154  vf=4.1478  H=1.8379  kl=0.0030  clip=0.1603  ev=0.5216  lr=0.000271
[update 1200]  rollout=738.2ms  update=375.1ms  pool=20/20
update=1210  step=59523072  pg=-0.0146  vf=4.2700  H=1.8318  kl=0.0030  clip=0.1586  ev=0.5062  lr=0.000270
[update 1210]  rollout=726.9ms  update=358.8ms  pool=20/20
update=1220  step=60014592  pg=-0.0152  vf=4.2729  H=1.8422  kl=0.0033  clip=0.1789  ev=0.5152  lr=0.000270
[update 1220]  rollout=674.8ms  update=358.1ms  pool=20/20
update=1230  step=60506112  pg=-0.0153  vf=4.4308  H=1.8446  kl=0.0031  clip=0.1687  ev=0.5001  lr=0.000270
[update 1230]  rollout=667.3ms  update=359.6ms  pool=20/20
update=1240  step=60997632  pg=-0.0149  vf=4.6612  H=1.8351  kl=0.0028  clip=0.1557  ev=0.4955  lr=0.000270
[update 1240]  rollout=669.4ms  update=360.9ms  pool=20/20

[league eval @ update 1249  duration=12494.2ms]
──────────────────────────────────────────────────────────────────
  vs anchor          hands     bb/hand     win%     mode-collapse?
──────────────────────────────────────────────────────────────────
  random_init        10000       9.995     47.7%    top=21.2%
  uniform            10000       9.871     48.4%    top=20.6%
  always_raise       10000       3.501     32.9%    top=24.1%
  always_call        10000       2.573     46.4%    top=23.2%
  pair_all_in        10000      -0.038     85.5%    top=20.5%
──────────────────────────────────────────────────────────────────
  action mix (vs uniform):  F=19.5%  C=20.6%  R0=6.3%  R1=5.1%  R2=6.7%  R3=6.9%  R4=5.6%  R5=5.2%  R6=5.0%  R7=4.6%  R8=3.3%  R9=2.9%  R10=2.6%  AI=5.6%
  action mix (vs pair_all_in):  F=20.5%  C=14.4%  R0=0.9%  R1=0.8%  R2=7.9%  R3=8.7%  R4=7.5%  R5=6.9%  R6=7.4%  R7=6.5%  R8=5.8%  R9=5.9%  R10=4.6%  AI=2.1%

update=1250  step=61489152  pg=-0.0146  vf=4.3374  H=1.8381  kl=0.0032  clip=0.1747  ev=0.5152  lr=0.000269
[update 1250]  rollout=774.3ms  update=363.2ms  pool=20/20
update=1260  step=61980672  pg=-0.0150  vf=4.7453  H=1.8322  kl=0.0029  clip=0.1576  ev=0.4997  lr=0.000269
[update 1260]  rollout=651.4ms  update=357.8ms  pool=20/20
update=1270  step=62472192  pg=-0.0157  vf=4.4454  H=1.8339  kl=0.0032  clip=0.1746  ev=0.5030  lr=0.000269
[update 1270]  rollout=635.6ms  update=357.3ms  pool=20/20
update=1280  step=62963712  pg=-0.0151  vf=4.5554  H=1.8213  kl=0.0031  clip=0.1713  ev=0.5170  lr=0.000269
[update 1280]  rollout=650.4ms  update=362.1ms  pool=20/20
update=1290  step=63455232  pg=-0.0154  vf=4.4918  H=1.8399  kl=0.0028  clip=0.1561  ev=0.4997  lr=0.000268
[update 1290]  rollout=663.8ms  update=362.6ms  pool=20/20

[league eval @ update 1299  duration=12178ms]
──────────────────────────────────────────────────────────────────
  vs anchor          hands     bb/hand     win%     mode-collapse?
──────────────────────────────────────────────────────────────────
  random_init        10000      10.333     47.9%    top=21.6%
  uniform            10000       9.092     46.3%    top=22.1%
  always_call        10000       3.478     46.4%    top=23.6%
  always_raise       10000       2.760     30.3%    top=24.4%
  pair_all_in        10000      -0.008     86.0%    top=19.1%
──────────────────────────────────────────────────────────────────
  action mix (vs uniform):  F=19.8%  C=22.1%  R0=6.4%  R1=5.3%  R2=6.0%  R3=5.9%  R4=6.6%  R5=4.9%  R6=4.4%  R7=4.3%  R8=3.3%  R9=3.2%  R10=2.7%  AI=5.1%
  action mix (vs pair_all_in):  F=19.1%  C=15.5%  R0=1.0%  R1=1.1%  R2=7.2%  R3=7.5%  R4=9.6%  R5=6.7%  R6=6.5%  R7=6.7%  R8=5.8%  R9=6.3%  R10=4.8%  AI=2.1%

update=1300  step=63946752  pg=-0.0158  vf=4.0848  H=1.8702  kl=0.0031  clip=0.1679  ev=0.5102  lr=0.000268
[update 1300]  rollout=655.0ms  update=373.4ms  pool=20/20
update=1310  step=64438272  pg=-0.0153  vf=4.1991  H=1.8677  kl=0.0031  clip=0.1720  ev=0.4969  lr=0.000268
[update 1310]  rollout=623.7ms  update=318.7ms  pool=20/20
update=1320  step=64929792  pg=-0.0154  vf=4.0708  H=1.8610  kl=0.0034  clip=0.1853  ev=0.5044  lr=0.000268
[update 1320]  rollout=630.3ms  update=329.4ms  pool=20/20
update=1330  step=65421312  pg=-0.0152  vf=4.2188  H=1.8404  kl=0.0034  clip=0.1819  ev=0.5198  lr=0.000267
[update 1330]  rollout=600.7ms  update=319.9ms  pool=20/20
update=1340  step=65912832  pg=-0.0153  vf=4.2535  H=1.8398  kl=0.0030  clip=0.1651  ev=0.5057  lr=0.000267
[update 1340]  rollout=586.9ms  update=327.4ms  pool=20/20

[league eval @ update 1349  duration=11077.7ms]
──────────────────────────────────────────────────────────────────
  vs anchor          hands     bb/hand     win%     mode-collapse?
──────────────────────────────────────────────────────────────────
  random_init        10000       9.142     46.7%    top=21.0%
  uniform            10000       9.101     46.5%    top=20.8%
  always_call        10000       3.355     46.8%    top=18.4%
  always_raise       10000       3.348     31.4%    top=23.5%
  pair_all_in        10000      -0.150     85.2%    top=20.8%
──────────────────────────────────────────────────────────────────
  action mix (vs uniform):  F=20.0%  C=20.8%  R0=6.6%  R1=5.6%  R2=6.5%  R3=5.3%  R4=5.5%  R5=5.6%  R6=4.7%  R7=4.6%  R8=3.6%  R9=3.3%  R10=2.8%  AI=5.0%
  action mix (vs pair_all_in):  F=20.8%  C=13.0%  R0=0.9%  R1=0.9%  R2=8.6%  R3=6.9%  R4=7.4%  R5=8.2%  R6=7.3%  R7=7.2%  R8=6.1%  R9=5.6%  R10=5.3%  AI=1.9%

update=1350  step=66404352  pg=-0.0151  vf=4.5808  H=1.8327  kl=0.0030  clip=0.1618  ev=0.4950  lr=0.000267
[update 1350]  rollout=647.4ms  update=333.3ms  pool=20/20
update=1360  step=66895872  pg=-0.0155  vf=4.5761  H=1.8323  kl=0.0029  clip=0.1566  ev=0.4983  lr=0.000267
[update 1360]  rollout=586.5ms  update=327.4ms  pool=20/20
update=1370  step=67387392  pg=-0.0154  vf=4.7163  H=1.8247  kl=0.0031  clip=0.1686  ev=0.4851  lr=0.000266
[update 1370]  rollout=627.6ms  update=347.8ms  pool=20/20
update=1380  step=67878912  pg=-0.0157  vf=4.3016  H=1.8345  kl=0.0032  clip=0.1714  ev=0.5313  lr=0.000266
[update 1380]  rollout=621.4ms  update=338.3ms  pool=20/20
update=1390  step=68370432  pg=-0.0156  vf=4.1795  H=1.8492  kl=0.0031  clip=0.1733  ev=0.5078  lr=0.000266
[update 1390]  rollout=617.2ms  update=338.6ms  pool=20/20

[league eval @ update 1399  duration=11488.8ms]
──────────────────────────────────────────────────────────────────
  vs anchor          hands     bb/hand     win%     mode-collapse?
──────────────────────────────────────────────────────────────────
  random_init        10000       9.729     48.4%    top=20.2%
  uniform            10000       9.660     48.0%    top=20.1%
  always_raise       10000       3.257     32.1%    top=23.1%
  always_call        10000       1.966     45.5%    top=17.0%
  pair_all_in        10000      -0.106     86.4%    top=18.9%
──────────────────────────────────────────────────────────────────
  action mix (vs uniform):  F=19.3%  C=20.1%  R0=6.6%  R1=5.5%  R2=6.4%  R3=6.4%  R4=5.6%  R5=6.2%  R6=4.6%  R7=4.4%  R8=3.7%  R9=3.1%  R10=2.8%  AI=5.5%
  action mix (vs pair_all_in):  F=18.9%  C=13.8%  R0=1.5%  R1=0.8%  R2=8.4%  R3=8.2%  R4=7.5%  R5=8.9%  R6=6.1%  R7=7.5%  R8=5.8%  R9=5.7%  R10=4.6%  AI=2.2%

update=1400  step=68861952  pg=-0.0157  vf=3.9548  H=1.8369  kl=0.0030  clip=0.1630  ev=0.5160  lr=0.000266
[update 1400]  rollout=668.0ms  update=368.8ms  pool=20/20
update=1410  step=69353472  pg=-0.0151  vf=4.3781  H=1.8364  kl=0.0030  clip=0.1622  ev=0.4994  lr=0.000265
[update 1410]  rollout=624.7ms  update=347.2ms  pool=20/20
update=1420  step=69844992  pg=-0.0154  vf=4.1273  H=1.8327  kl=0.0032  clip=0.1697  ev=0.5132  lr=0.000265
[update 1420]  rollout=635.0ms  update=348.4ms  pool=20/20
update=1430  step=70336512  pg=-0.0154  vf=4.7526  H=1.8082  kl=0.0029  clip=0.1607  ev=0.5013  lr=0.000265
[update 1430]  rollout=634.5ms  update=354.5ms  pool=20/20
update=1440  step=70828032  pg=-0.0155  vf=4.5722  H=1.8227  kl=0.0031  clip=0.1748  ev=0.5099  lr=0.000265
[update 1440]  rollout=673.4ms  update=388.5ms  pool=20/20

[league eval @ update 1449  duration=11269.7ms]
──────────────────────────────────────────────────────────────────
  vs anchor          hands     bb/hand     win%     mode-collapse?
──────────────────────────────────────────────────────────────────
  uniform            10000       9.741     46.8%    top=20.4%
  random_init        10000       8.775     46.1%    top=20.4%
  always_raise       10000       3.045     31.9%    top=24.1%
  always_call        10000       2.906     45.8%    top=19.6%
  pair_all_in        10000       0.079     85.8%    top=20.4%
──────────────────────────────────────────────────────────────────
  action mix (vs uniform):  F=19.8%  C=20.4%  R0=6.6%  R1=5.3%  R2=6.5%  R3=5.9%  R4=6.0%  R5=5.8%  R6=4.4%  R7=4.0%  R8=4.1%  R9=3.3%  R10=2.7%  AI=5.1%
  action mix (vs pair_all_in):  F=20.4%  C=12.6%  R0=0.7%  R1=0.8%  R2=8.1%  R3=8.3%  R4=8.6%  R5=8.1%  R6=6.7%  R7=6.7%  R8=6.8%  R9=5.3%  R10=5.1%  AI=1.7%

update=1450  step=71319552  pg=-0.0153  vf=4.4450  H=1.8405  kl=0.0029  clip=0.1603  ev=0.4978  lr=0.000264
[update 1450]  rollout=650.6ms  update=361.7ms  pool=20/20
update=1460  step=71811072  pg=-0.0156  vf=4.2626  H=1.8283  kl=0.0031  clip=0.1679  ev=0.5171  lr=0.000264
[update 1460]  rollout=633.8ms  update=353.7ms  pool=20/20
update=1470  step=72302592  pg=-0.0153  vf=4.3337  H=1.8219  kl=0.0028  clip=0.1547  ev=0.5107  lr=0.000264
[update 1470]  rollout=660.6ms  update=358.0ms  pool=20/20
update=1480  step=72794112  pg=-0.0156  vf=4.7497  H=1.8095  kl=0.0029  clip=0.1582  ev=0.5086  lr=0.000264
[update 1480]  rollout=634.6ms  update=354.0ms  pool=20/20
update=1490  step=73285632  pg=-0.0151  vf=4.7446  H=1.8137  kl=0.0028  clip=0.1561  ev=0.5232  lr=0.000263
[update 1490]  rollout=640.3ms  update=352.5ms  pool=20/20

[league eval @ update 1499  duration=11680.9ms]
──────────────────────────────────────────────────────────────────
  vs anchor          hands     bb/hand     win%     mode-collapse?
──────────────────────────────────────────────────────────────────
  uniform            10000      10.059     48.5%    top=21.2%
  random_init        10000       9.540     47.7%    top=21.0%
  always_raise       10000       4.120     34.8%    top=25.1%
  always_call        10000       2.314     45.9%    top=19.1%
  pair_all_in        10000      -0.139     85.8%    top=19.0%
──────────────────────────────────────────────────────────────────
  action mix (vs uniform):  F=18.8%  C=21.2%  R0=6.4%  R1=4.9%  R2=7.1%  R3=5.7%  R4=5.8%  R5=5.5%  R6=4.4%  R7=4.5%  R8=3.7%  R9=3.6%  R10=3.0%  AI=5.5%
  action mix (vs pair_all_in):  F=19.0%  C=14.6%  R0=0.8%  R1=0.7%  R2=8.4%  R3=8.0%  R4=7.4%  R5=7.4%  R6=6.8%  R7=6.4%  R8=6.9%  R9=6.6%  R10=5.4%  AI=1.4%

[best-response eval @ update 1499  seeds=1  bb/hand max=2.261  mean=2.261  min=2.261  std=0.000  best-win%=45.9  duration=1028510ms]

update=1500  step=73777152  pg=-0.0161  vf=4.7777  H=1.8179  kl=0.0030  clip=0.1646  ev=0.5023  lr=0.000263
[update 1500]  rollout=563.8ms  update=345.8ms  pool=20/20
update=1510  step=74268672  pg=-0.0158  vf=4.4997  H=1.8241  kl=0.0031  clip=0.1670  ev=0.4941  lr=0.000263
[update 1510]  rollout=545.5ms  update=324.3ms  pool=20/20
update=1520  step=74760192  pg=-0.0158  vf=4.6986  H=1.8296  kl=0.0030  clip=0.1615  ev=0.4838  lr=0.000263
[update 1520]  rollout=503.9ms  update=297.8ms  pool=20/20
update=1530  step=75251712  pg=-0.0164  vf=4.3890  H=1.8265  kl=0.0030  clip=0.1632  ev=0.5262  lr=0.000262
[update 1530]  rollout=632.6ms  update=332.8ms  pool=20/20
update=1540  step=75743232  pg=-0.0154  vf=4.7334  H=1.8122  kl=0.0029  clip=0.1620  ev=0.5063  lr=0.000262
[update 1540]  rollout=673.4ms  update=320.0ms  pool=20/20

[league eval @ update 1549  duration=16214.8ms]
──────────────────────────────────────────────────────────────────
  vs anchor          hands     bb/hand     win%     mode-collapse?
──────────────────────────────────────────────────────────────────
  random_init        10000      10.179     49.0%    top=21.6%
  uniform            10000       9.499     48.3%    top=21.3%
  always_raise       10000       3.522     32.7%    top=24.3%
  always_call        10000       3.184     46.1%    top=24.0%
  pair_all_in        10000      -0.138     85.1%    top=20.9%
──────────────────────────────────────────────────────────────────
  action mix (vs uniform):  F=19.1%  C=21.3%  R0=6.0%  R1=6.0%  R2=6.7%  R3=6.2%  R4=5.4%  R5=4.9%  R6=4.7%  R7=4.4%  R8=3.4%  R9=3.5%  R10=2.9%  AI=5.5%
  action mix (vs pair_all_in):  F=20.9%  C=13.4%  R0=1.1%  R1=0.7%  R2=7.3%  R3=8.9%  R4=6.8%  R5=7.5%  R6=7.4%  R7=6.6%  R8=5.7%  R9=6.7%  R10=4.8%  AI=2.2%

update=1550  step=76234752  pg=-0.0161  vf=4.7286  H=1.8109  kl=0.0032  clip=0.1731  ev=0.5069  lr=0.000262
[update 1550]  rollout=737.1ms  update=349.1ms  pool=20/20
update=1560  step=76726272  pg=-0.0162  vf=4.3879  H=1.8378  kl=0.0032  clip=0.1717  ev=0.4917  lr=0.000262
[update 1560]  rollout=584.1ms  update=325.3ms  pool=20/20
update=1570  step=77217792  pg=-0.0160  vf=4.0153  H=1.8316  kl=0.0033  clip=0.1823  ev=0.5277  lr=0.000261
[update 1570]  rollout=530.2ms  update=305.5ms  pool=20/20
update=1580  step=77709312  pg=-0.0163  vf=4.3659  H=1.8337  kl=0.0030  clip=0.1673  ev=0.5093  lr=0.000261
[update 1580]  rollout=614.6ms  update=318.9ms  pool=20/20
update=1590  step=78200832  pg=-0.0163  vf=4.2013  H=1.8413  kl=0.0032  clip=0.1725  ev=0.5095  lr=0.000261
[update 1590]  rollout=609.1ms  update=320.2ms  pool=20/20

[league eval @ update 1599  duration=11029.5ms]
──────────────────────────────────────────────────────────────────
  vs anchor          hands     bb/hand     win%     mode-collapse?
──────────────────────────────────────────────────────────────────
  random_init        10000       9.263     47.3%    top=20.2%
  uniform            10000       9.051     46.4%    top=20.2%
  always_raise       10000       3.220     33.2%    top=23.8%
  always_call        10000       2.668     46.2%    top=23.0%
  pair_all_in        10000       0.028     86.1%    top=19.2%
──────────────────────────────────────────────────────────────────
  action mix (vs uniform):  F=20.1%  C=20.2%  R0=7.3%  R1=5.5%  R2=6.3%  R3=5.9%  R4=4.8%  R5=5.3%  R6=4.5%  R7=4.5%  R8=3.7%  R9=3.7%  R10=2.7%  AI=5.3%
  action mix (vs pair_all_in):  F=19.2%  C=14.8%  R0=1.2%  R1=1.0%  R2=7.9%  R3=7.4%  R4=6.9%  R5=7.6%  R6=7.4%  R7=7.6%  R8=5.8%  R9=6.4%  R10=5.2%  AI=1.7%

update=1600  step=78692352  pg=-0.0156  vf=4.0678  H=1.8537  kl=0.0029  clip=0.1586  ev=0.5060  lr=0.000261
[update 1600]  rollout=590.6ms  update=337.8ms  pool=20/20
update=1610  step=79183872  pg=-0.0155  vf=4.0466  H=1.8535  kl=0.0032  clip=0.1763  ev=0.5131  lr=0.000260
[update 1610]  rollout=547.8ms  update=329.6ms  pool=20/20
update=1620  step=79675392  pg=-0.0164  vf=4.3388  H=1.8359  kl=0.0030  clip=0.1637  ev=0.5087  lr=0.000260
[update 1620]  rollout=569.1ms  update=334.9ms  pool=20/20
update=1630  step=80166912  pg=-0.0161  vf=4.3233  H=1.8306  kl=0.0030  clip=0.1643  ev=0.5156  lr=0.000260
[update 1630]  rollout=606.9ms  update=319.4ms  pool=20/20
update=1640  step=80658432  pg=-0.0151  vf=4.4171  H=1.8325  kl=0.0030  clip=0.1647  ev=0.5027  lr=0.000260
[update 1640]  rollout=584.8ms  update=319.9ms  pool=20/20

[league eval @ update 1649  duration=11005.3ms]
──────────────────────────────────────────────────────────────────
  vs anchor          hands     bb/hand     win%     mode-collapse?
──────────────────────────────────────────────────────────────────
  random_init        10000       9.730     47.4%    top=21.5%
  uniform            10000       9.718     47.4%    top=21.6%
  always_raise       10000       3.094     32.2%    top=24.5%
  always_call        10000       2.573     46.4%    top=21.4%
  pair_all_in        10000      -0.008     85.2%    top=20.7%
──────────────────────────────────────────────────────────────────
  action mix (vs uniform):  F=19.5%  C=21.6%  R0=6.3%  R1=5.5%  R2=6.4%  R3=5.9%  R4=5.3%  R5=5.0%  R6=5.5%  R7=4.3%  R8=3.6%  R9=3.2%  R10=2.8%  AI=5.2%
  action mix (vs pair_all_in):  F=20.7%  C=14.2%  R0=0.9%  R1=0.8%  R2=7.6%  R3=6.8%  R4=6.7%  R5=7.5%  R6=7.8%  R7=7.3%  R8=6.2%  R9=6.4%  R10=5.3%  AI=1.8%

update=1650  step=81149952  pg=-0.0151  vf=4.5543  H=1.8154  kl=0.0031  clip=0.1686  ev=0.5220  lr=0.000259
[update 1650]  rollout=604.7ms  update=332.7ms  pool=20/20
update=1660  step=81641472  pg=-0.0162  vf=4.2480  H=1.8391  kl=0.0030  clip=0.1655  ev=0.5169  lr=0.000259
[update 1660]  rollout=549.3ms  update=326.8ms  pool=20/20
update=1670  step=82132992  pg=-0.0161  vf=4.0237  H=1.8408  kl=0.0031  clip=0.1732  ev=0.5103  lr=0.000259
[update 1670]  rollout=592.7ms  update=317.7ms  pool=20/20
update=1680  step=82624512  pg=-0.0160  vf=3.9844  H=1.8501  kl=0.0033  clip=0.1735  ev=0.5101  lr=0.000259
[update 1680]  rollout=553.8ms  update=328.5ms  pool=20/20
update=1690  step=83116032  pg=-0.0157  vf=3.9100  H=1.8559  kl=0.0033  clip=0.1738  ev=0.5081  lr=0.000258
[update 1690]  rollout=546.2ms  update=317.7ms  pool=20/20

[league eval @ update 1699  duration=9782.52ms]
──────────────────────────────────────────────────────────────────
  vs anchor          hands     bb/hand     win%     mode-collapse?
──────────────────────────────────────────────────────────────────
  random_init        10000       9.804     47.3%    top=20.2%
  uniform            10000       9.210     47.1%    top=20.7%
  always_raise       10000       3.718     32.4%    top=24.6%
  always_call        10000       2.850     45.8%    top=19.0%
  pair_all_in        10000       0.003     85.7%    top=20.8%
──────────────────────────────────────────────────────────────────
  action mix (vs uniform):  F=19.7%  C=20.7%  R0=5.9%  R1=5.8%  R2=6.2%  R3=5.9%  R4=6.0%  R5=5.4%  R6=4.8%  R7=4.4%  R8=4.1%  R9=3.1%  R10=2.9%  AI=4.9%
  action mix (vs pair_all_in):  F=20.8%  C=12.5%  R0=1.2%  R1=0.9%  R2=7.6%  R3=7.9%  R4=6.9%  R5=7.1%  R6=7.3%  R7=7.2%  R8=7.3%  R9=5.2%  R10=5.8%  AI=2.4%

update=1700  step=83607552  pg=-0.0158  vf=4.4421  H=1.8350  kl=0.0029  clip=0.1560  ev=0.4870  lr=0.000258
[update 1700]  rollout=583.5ms  update=356.6ms  pool=20/20
update=1710  step=84099072  pg=-0.0156  vf=4.6041  H=1.8290  kl=0.0027  clip=0.1486  ev=0.4987  lr=0.000258
[update 1710]  rollout=552.6ms  update=329.3ms  pool=20/20
update=1720  step=84590592  pg=-0.0163  vf=3.9205  H=1.8468  kl=0.0032  clip=0.1705  ev=0.5144  lr=0.000258
[update 1720]  rollout=553.5ms  update=318.4ms  pool=20/20
update=1730  step=85082112  pg=-0.0163  vf=3.9545  H=1.8456  kl=0.0031  clip=0.1703  ev=0.5399  lr=0.000257
[update 1730]  rollout=541.7ms  update=319.1ms  pool=20/20
update=1740  step=85573632  pg=-0.0165  vf=4.0294  H=1.8392  kl=0.0031  clip=0.1641  ev=0.5255  lr=0.000257
[update 1740]  rollout=594.4ms  update=329.6ms  pool=20/20

[league eval @ update 1749  duration=9824.75ms]
──────────────────────────────────────────────────────────────────
  vs anchor          hands     bb/hand     win%     mode-collapse?
──────────────────────────────────────────────────────────────────
  uniform            10000       9.647     47.2%    top=20.5%
  random_init        10000       9.204     46.2%    top=20.5%
  always_raise       10000       3.884     32.1%    top=23.6%
  always_call        10000       2.447     45.4%    top=19.5%
  pair_all_in        10000       0.054     86.2%    top=19.6%
──────────────────────────────────────────────────────────────────
  action mix (vs uniform):  F=19.8%  C=20.5%  R0=5.7%  R1=5.6%  R2=6.7%  R3=6.0%  R4=5.8%  R5=5.4%  R6=5.0%  R7=4.7%  R8=3.7%  R9=3.1%  R10=2.6%  AI=5.2%
  action mix (vs pair_all_in):  F=19.6%  C=13.9%  R0=1.1%  R1=0.6%  R2=7.6%  R3=8.5%  R4=7.2%  R5=8.1%  R6=6.7%  R7=7.5%  R8=6.8%  R9=5.7%  R10=5.0%  AI=1.7%

update=1750  step=86065152  pg=-0.0155  vf=4.1308  H=1.8368  kl=0.0029  clip=0.1615  ev=0.5209  lr=0.000257
[update 1750]  rollout=586.1ms  update=342.8ms  pool=20/20
update=1760  step=86556672  pg=-0.0164  vf=4.1409  H=1.8398  kl=0.0030  clip=0.1638  ev=0.5148  lr=0.000257
[update 1760]  rollout=542.9ms  update=327.8ms  pool=20/20
update=1770  step=87048192  pg=-0.0163  vf=4.0534  H=1.8462  kl=0.0032  clip=0.1686  ev=0.5109  lr=0.000257
[update 1770]  rollout=527.8ms  update=319.0ms  pool=20/20
update=1780  step=87539712  pg=-0.0151  vf=4.4624  H=1.8312  kl=0.0029  clip=0.1588  ev=0.5121  lr=0.000256
[update 1780]  rollout=540.1ms  update=331.9ms  pool=20/20
update=1790  step=88031232  pg=-0.0153  vf=4.2717  H=1.8366  kl=0.0028  clip=0.1531  ev=0.5168  lr=0.000256
[update 1790]  rollout=543.1ms  update=318.9ms  pool=20/20

[league eval @ update 1799  duration=9898.74ms]
──────────────────────────────────────────────────────────────────
  vs anchor          hands     bb/hand     win%     mode-collapse?
──────────────────────────────────────────────────────────────────
  uniform            10000       9.460     47.0%    top=20.8%
  random_init        10000       8.967     46.0%    top=20.5%
  always_call        10000       2.607     46.7%    top=22.3%
  always_raise       10000       2.016     31.4%    top=24.5%
  pair_all_in        10000       0.079     86.3%    top=19.5%
──────────────────────────────────────────────────────────────────
  action mix (vs uniform):  F=20.1%  C=20.8%  R0=6.3%  R1=5.6%  R2=6.1%  R3=6.0%  R4=5.6%  R5=5.7%  R6=5.1%  R7=4.2%  R8=3.6%  R9=3.2%  R10=2.8%  AI=5.0%
  action mix (vs pair_all_in):  F=19.5%  C=14.6%  R0=1.0%  R1=1.0%  R2=7.0%  R3=8.1%  R4=6.6%  R5=8.3%  R6=7.7%  R7=7.6%  R8=5.9%  R9=6.2%  R10=5.0%  AI=1.4%

update=1800  step=88522752  pg=-0.0165  vf=3.8401  H=1.8613  kl=0.0031  clip=0.1659  ev=0.5174  lr=0.000256
[update 1800]  rollout=576.6ms  update=342.3ms  pool=20/20
update=1810  step=89014272  pg=-0.0155  vf=4.2632  H=1.8508  kl=0.0029  clip=0.1564  ev=0.4957  lr=0.000256
[update 1810]  rollout=541.1ms  update=327.9ms  pool=20/20
update=1820  step=89505792  pg=-0.0167  vf=3.8955  H=1.8582  kl=0.0031  clip=0.1674  ev=0.5082  lr=0.000255
[update 1820]  rollout=534.9ms  update=318.1ms  pool=20/20
update=1830  step=89997312  pg=-0.0147  vf=4.5963  H=1.8245  kl=0.0029  clip=0.1563  ev=0.5100  lr=0.000255
[update 1830]  rollout=557.2ms  update=327.3ms  pool=20/20
update=1840  step=90488832  pg=-0.0160  vf=4.3927  H=1.8374  kl=0.0030  clip=0.1597  ev=0.5084  lr=0.000255
[update 1840]  rollout=545.4ms  update=327.2ms  pool=20/20

[league eval @ update 1849  duration=16603.3ms]
──────────────────────────────────────────────────────────────────
  vs anchor          hands     bb/hand     win%     mode-collapse?
──────────────────────────────────────────────────────────────────
  random_init        10000      10.116     48.0%    top=20.6%
  uniform            10000       9.522     47.3%    top=20.6%
  always_raise       10000       3.557     32.7%    top=25.4%
  always_call        10000       3.317     46.6%    top=20.5%
  pair_all_in        10000      -0.077     85.3%    top=20.9%
──────────────────────────────────────────────────────────────────
  action mix (vs uniform):  F=19.3%  C=20.6%  R0=6.3%  R1=5.8%  R2=6.5%  R3=6.5%  R4=5.3%  R5=5.1%  R6=4.7%  R7=4.8%  R8=3.5%  R9=3.4%  R10=3.0%  AI=5.2%
  action mix (vs pair_all_in):  F=20.9%  C=13.9%  R0=0.9%  R1=0.9%  R2=8.2%  R3=8.3%  R4=6.7%  R5=7.3%  R6=6.8%  R7=7.3%  R8=5.6%  R9=5.9%  R10=5.5%  AI=1.7%

update=1850  step=90980352  pg=-0.0165  vf=4.1642  H=1.8232  kl=0.0030  clip=0.1631  ev=0.5257  lr=0.000255
[update 1850]  rollout=659.0ms  update=364.1ms  pool=20/20
update=1860  step=91471872  pg=-0.0151  vf=4.5835  H=1.8189  kl=0.0028  clip=0.1536  ev=0.4967  lr=0.000254
[update 1860]  rollout=626.9ms  update=318.5ms  pool=20/20
update=1870  step=91963392  pg=-0.0162  vf=4.6230  H=1.8321  kl=0.0031  clip=0.1651  ev=0.5118  lr=0.000254
[update 1870]  rollout=574.8ms  update=329.8ms  pool=20/20
update=1880  step=92454912  pg=-0.0163  vf=4.4966  H=1.8296  kl=0.0028  clip=0.1517  ev=0.5005  lr=0.000254
[update 1880]  rollout=618.5ms  update=318.7ms  pool=20/20
update=1890  step=92946432  pg=-0.0158  vf=4.5920  H=1.8258  kl=0.0030  clip=0.1626  ev=0.5098  lr=0.000254
[update 1890]  rollout=591.0ms  update=321.1ms  pool=20/20

[league eval @ update 1899  duration=15241.1ms]
──────────────────────────────────────────────────────────────────
  vs anchor          hands     bb/hand     win%     mode-collapse?
──────────────────────────────────────────────────────────────────
  uniform            10000       9.697     48.2%    top=21.4%
  random_init        10000       9.142     47.3%    top=21.1%
  always_raise       10000       3.593     33.2%    top=24.3%
  always_call        10000       3.508     45.8%    top=17.9%
  pair_all_in        10000       0.013     86.3%    top=19.4%
──────────────────────────────────────────────────────────────────
  action mix (vs uniform):  F=19.1%  C=21.4%  R0=6.1%  R1=6.0%  R2=6.2%  R3=6.1%  R4=6.0%  R5=5.1%  R6=4.4%  R7=4.4%  R8=3.7%  R9=3.4%  R10=2.8%  AI=5.3%
  action mix (vs pair_all_in):  F=19.4%  C=14.1%  R0=0.8%  R1=1.2%  R2=7.7%  R3=8.2%  R4=8.4%  R5=7.1%  R6=6.5%  R7=6.9%  R8=5.8%  R9=6.4%  R10=5.6%  AI=1.9%

update=1900  step=93437952  pg=-0.0160  vf=4.5468  H=1.8362  kl=0.0029  clip=0.1586  ev=0.5117  lr=0.000253
[update 1900]  rollout=630.1ms  update=357.9ms  pool=20/20
update=1910  step=93929472  pg=-0.0158  vf=4.5289  H=1.8218  kl=0.0030  clip=0.1666  ev=0.5137  lr=0.000253
[update 1910]  rollout=540.4ms  update=318.0ms  pool=20/20
update=1920  step=94420992  pg=-0.0163  vf=4.1914  H=1.8411  kl=0.0030  clip=0.1621  ev=0.5278  lr=0.000253
[update 1920]  rollout=537.0ms  update=318.4ms  pool=20/20
update=1930  step=94912512  pg=-0.0161  vf=4.4120  H=1.8328  kl=0.0030  clip=0.1581  ev=0.5133  lr=0.000253
[update 1930]  rollout=541.6ms  update=327.7ms  pool=20/20
update=1940  step=95404032  pg=-0.0159  vf=4.0039  H=1.8506  kl=0.0030  clip=0.1642  ev=0.5230  lr=0.000252
[update 1940]  rollout=612.8ms  update=318.9ms  pool=20/20

[league eval @ update 1949  duration=9968.37ms]
──────────────────────────────────────────────────────────────────
  vs anchor          hands     bb/hand     win%     mode-collapse?
──────────────────────────────────────────────────────────────────
  random_init        10000       9.602     47.2%    top=20.3%
  uniform            10000       8.827     46.6%    top=20.5%
  always_raise       10000       3.991     33.4%    top=24.4%
  always_call        10000       3.545     46.3%    top=18.6%
  pair_all_in        10000      -0.016     85.3%    top=21.0%
──────────────────────────────────────────────────────────────────
  action mix (vs uniform):  F=19.9%  C=20.5%  R0=5.7%  R1=5.4%  R2=6.5%  R3=6.4%  R4=5.7%  R5=5.3%  R6=4.9%  R7=4.3%  R8=4.0%  R9=3.6%  R10=3.0%  AI=4.8%
  action mix (vs pair_all_in):  F=21.0%  C=13.1%  R0=0.7%  R1=1.0%  R2=7.8%  R3=7.9%  R4=8.1%  R5=6.5%  R6=8.0%  R7=6.3%  R8=6.1%  R9=6.2%  R10=5.5%  AI=1.8%

update=1950  step=95895552  pg=-0.0152  vf=4.3229  H=1.8338  kl=0.0029  clip=0.1581  ev=0.5178  lr=0.000252
[update 1950]  rollout=596.3ms  update=338.2ms  pool=20/20
update=1960  step=96387072  pg=-0.0163  vf=4.4794  H=1.8264  kl=0.0028  clip=0.1538  ev=0.5268  lr=0.000252
[update 1960]  rollout=553.6ms  update=319.6ms  pool=20/20
update=1970  step=96878592  pg=-0.0162  vf=4.5314  H=1.8275  kl=0.0029  clip=0.1566  ev=0.5051  lr=0.000252
[update 1970]  rollout=569.8ms  update=319.4ms  pool=20/20
update=1980  step=97370112  pg=-0.0172  vf=4.0482  H=1.8316  kl=0.0033  clip=0.1771  ev=0.5241  lr=0.000251
[update 1980]  rollout=557.3ms  update=326.2ms  pool=20/20
update=1990  step=97861632  pg=-0.0160  vf=4.2797  H=1.8299  kl=0.0029  clip=0.1568  ev=0.5123  lr=0.000251
[update 1990]  rollout=540.6ms  update=320.5ms  pool=20/20

[league eval @ update 1999  duration=10136.6ms]
──────────────────────────────────────────────────────────────────
  vs anchor          hands     bb/hand     win%     mode-collapse?
──────────────────────────────────────────────────────────────────
  random_init        10000      10.034     48.2%    top=21.4%
  uniform            10000       9.874     48.8%    top=21.2%
  always_raise       10000       3.496     33.4%    top=25.2%
  always_call        10000       3.066     46.3%    top=17.8%
  pair_all_in        10000      -0.033     86.3%    top=18.9%
──────────────────────────────────────────────────────────────────
  action mix (vs uniform):  F=18.7%  C=21.2%  R0=6.4%  R1=5.8%  R2=6.5%  R3=6.3%  R4=6.0%  R5=5.4%  R6=4.9%  R7=4.0%  R8=3.7%  R9=2.9%  R10=3.1%  AI=5.0%
  action mix (vs pair_all_in):  F=18.9%  C=14.2%  R0=0.7%  R1=0.9%  R2=7.2%  R3=8.8%  R4=8.1%  R5=7.5%  R6=7.3%  R7=7.1%  R8=6.8%  R9=4.9%  R10=6.2%  AI=1.6%

update=2000  step=98353152  pg=-0.0156  vf=4.4995  H=1.8124  kl=0.0028  clip=0.1548  ev=0.5163  lr=0.000251
[update 2000]  rollout=601.7ms  update=357.0ms  pool=20/20
update=2010  step=98844672  pg=-0.0163  vf=4.5197  H=1.8271  kl=0.0029  clip=0.1562  ev=0.5086  lr=0.000251
[update 2010]  rollout=573.4ms  update=315.9ms  pool=20/20
update=2020  step=99336192  pg=-0.0162  vf=4.7150  H=1.8232  kl=0.0029  clip=0.1584  ev=0.5023  lr=0.000250
[update 2020]  rollout=544.7ms  update=318.3ms  pool=20/20
update=2030  step=99827712  pg=-0.0157  vf=4.8134  H=1.8166  kl=0.0027  clip=0.1499  ev=0.5038  lr=0.000250
[update 2030]  rollout=542.0ms  update=326.7ms  pool=20/20
update=2040  step=100319232  pg=-0.0162  vf=4.6646  H=1.8228  kl=0.0030  clip=0.1663  ev=0.5106  lr=0.000250
[update 2040]  rollout=541.9ms  update=325.4ms  pool=20/20

[league eval @ update 2049  duration=10067.1ms]
──────────────────────────────────────────────────────────────────
  vs anchor          hands     bb/hand     win%     mode-collapse?
──────────────────────────────────────────────────────────────────
  uniform            10000       9.094     47.4%    top=21.5%
  random_init        10000       8.976     47.5%    top=21.0%
  always_raise       10000       3.050     33.1%    top=24.1%
  always_call        10000       2.563     46.4%    top=19.9%
  pair_all_in        10000      -0.085     86.5%    top=18.1%
──────────────────────────────────────────────────────────────────
  action mix (vs uniform):  F=18.9%  C=21.5%  R0=5.6%  R1=5.7%  R2=7.0%  R3=6.1%  R4=6.3%  R5=5.2%  R6=4.8%  R7=4.5%  R8=4.0%  R9=3.3%  R10=2.2%  AI=4.8%
  action mix (vs pair_all_in):  F=18.1%  C=14.8%  R0=0.7%  R1=1.3%  R2=7.6%  R3=8.6%  R4=7.4%  R5=7.6%  R6=7.4%  R7=6.5%  R8=7.5%  R9=6.3%  R10=4.5%  AI=1.7%

update=2050  step=100810752  pg=-0.0165  vf=4.2853  H=1.8391  kl=0.0030  clip=0.1653  ev=0.5272  lr=0.000250
[update 2050]  rollout=598.3ms  update=345.5ms  pool=20/20
update=2060  step=101302272  pg=-0.0155  vf=4.7125  H=1.8187  kl=0.0026  clip=0.1425  ev=0.4967  lr=0.000249
[update 2060]  rollout=620.9ms  update=319.7ms  pool=20/20
update=2070  step=101793792  pg=-0.0166  vf=4.3093  H=1.8342  kl=0.0031  clip=0.1649  ev=0.5099  lr=0.000249
[update 2070]  rollout=577.0ms  update=324.5ms  pool=20/20
update=2080  step=102285312  pg=-0.0166  vf=4.3378  H=1.8238  kl=0.0029  clip=0.1553  ev=0.5289  lr=0.000249
[update 2080]  rollout=550.6ms  update=325.5ms  pool=20/20
update=2090  step=102776832  pg=-0.0160  vf=4.6008  H=1.8182  kl=0.0028  clip=0.1539  ev=0.4916  lr=0.000249
[update 2090]  rollout=578.8ms  update=318.8ms  pool=20/20

[league eval @ update 2099  duration=9865.66ms]
──────────────────────────────────────────────────────────────────
  vs anchor          hands     bb/hand     win%     mode-collapse?
──────────────────────────────────────────────────────────────────
  random_init        10000      10.250     47.7%    top=21.0%
  uniform            10000       9.988     47.4%    top=21.1%
  always_raise       10000       3.186     32.7%    top=24.0%
  always_call        10000       2.664     45.4%    top=19.9%
  pair_all_in        10000       0.070     85.3%    top=20.5%
──────────────────────────────────────────────────────────────────
  action mix (vs uniform):  F=19.7%  C=21.1%  R0=6.1%  R1=4.9%  R2=6.9%  R3=7.3%  R4=4.9%  R5=4.6%  R6=5.0%  R7=3.9%  R8=4.1%  R9=3.5%  R10=3.0%  AI=4.9%
  action mix (vs pair_all_in):  F=20.5%  C=14.7%  R0=1.0%  R1=1.2%  R2=8.3%  R3=8.6%  R4=6.3%  R5=6.6%  R6=7.0%  R7=5.9%  R8=6.9%  R9=5.6%  R10=5.4%  AI=2.0%

update=2100  step=103268352  pg=-0.0160  vf=4.2704  H=1.8303  kl=0.0029  clip=0.1584  ev=0.5233  lr=0.000248
[update 2100]  rollout=590.5ms  update=345.4ms  pool=20/20
update=2110  step=103759872  pg=-0.0159  vf=4.2870  H=1.8366  kl=0.0028  clip=0.1499  ev=0.5071  lr=0.000248
[update 2110]  rollout=605.3ms  update=325.4ms  pool=20/20
update=2120  step=104251392  pg=-0.0160  vf=4.3420  H=1.8336  kl=0.0029  clip=0.1591  ev=0.5191  lr=0.000248
[update 2120]  rollout=574.6ms  update=318.0ms  pool=20/20
update=2130  step=104742912  pg=-0.0159  vf=4.2178  H=1.8369  kl=0.0031  clip=0.1720  ev=0.5118  lr=0.000248
[update 2130]  rollout=563.8ms  update=325.3ms  pool=20/20
update=2140  step=105234432  pg=-0.0152  vf=4.4072  H=1.8202  kl=0.0027  clip=0.1512  ev=0.5149  lr=0.000247
[update 2140]  rollout=536.3ms  update=318.8ms  pool=20/20

[league eval @ update 2149  duration=12348.8ms]
──────────────────────────────────────────────────────────────────
  vs anchor          hands     bb/hand     win%     mode-collapse?
──────────────────────────────────────────────────────────────────
  random_init        10000       9.400     47.1%    top=20.4%
  uniform            10000       9.388     46.9%    top=21.1%
  always_call        10000       2.577     45.5%    top=18.6%
  always_raise       10000       2.292     31.9%    top=23.9%
  pair_all_in        10000       0.025     85.6%    top=20.6%
──────────────────────────────────────────────────────────────────
  action mix (vs uniform):  F=19.7%  C=21.1%  R0=6.3%  R1=5.1%  R2=6.6%  R3=6.0%  R4=5.5%  R5=5.3%  R6=5.7%  R7=4.1%  R8=4.0%  R9=2.9%  R10=2.7%  AI=5.1%
  action mix (vs pair_all_in):  F=20.6%  C=14.2%  R0=1.0%  R1=1.1%  R2=7.4%  R3=7.4%  R4=7.1%  R5=8.2%  R6=7.9%  R7=5.6%  R8=6.7%  R9=5.9%  R10=5.2%  AI=1.9%

update=2150  step=105725952  pg=-0.0166  vf=4.3713  H=1.8333  kl=0.0028  clip=0.1517  ev=0.5126  lr=0.000247
[update 2150]  rollout=616.5ms  update=348.1ms  pool=20/20
update=2160  step=106217472  pg=-0.0148  vf=4.6150  H=1.8327  kl=0.0029  clip=0.1599  ev=0.5077  lr=0.000247
[update 2160]  rollout=608.4ms  update=318.3ms  pool=20/20
update=2170  step=106708992  pg=-0.0163  vf=4.5334  H=1.8327  kl=0.0029  clip=0.1549  ev=0.5084  lr=0.000247
[update 2170]  rollout=631.6ms  update=325.8ms  pool=20/20
update=2180  step=107200512  pg=-0.0156  vf=4.5915  H=1.8149  kl=0.0028  clip=0.1503  ev=0.5312  lr=0.000246
[update 2180]  rollout=701.8ms  update=320.5ms  pool=20/20
update=2190  step=107692032  pg=-0.0160  vf=4.3791  H=1.8373  kl=0.0030  clip=0.1621  ev=0.5164  lr=0.000246
[update 2190]  rollout=603.4ms  update=319.6ms  pool=20/20

[league eval @ update 2199  duration=15668.4ms]
──────────────────────────────────────────────────────────────────
  vs anchor          hands     bb/hand     win%     mode-collapse?
──────────────────────────────────────────────────────────────────
  random_init        10000       9.417     46.6%    top=20.7%
  uniform            10000       9.296     47.4%    top=21.1%
  always_raise       10000       3.288     31.9%    top=23.9%
  always_call        10000       3.066     46.4%    top=20.1%
  pair_all_in        10000      -0.119     85.7%    top=19.3%
──────────────────────────────────────────────────────────────────
  action mix (vs uniform):  F=19.3%  C=21.1%  R0=6.3%  R1=5.8%  R2=6.9%  R3=6.2%  R4=4.9%  R5=5.5%  R6=4.3%  R7=4.7%  R8=3.8%  R9=3.2%  R10=3.0%  AI=5.1%
  action mix (vs pair_all_in):  F=19.3%  C=15.2%  R0=0.9%  R1=1.1%  R2=8.9%  R3=7.9%  R4=7.1%  R5=8.3%  R6=5.8%  R7=7.2%  R8=5.8%  R9=5.9%  R10=5.3%  AI=1.3%

update=2200  step=108183552  pg=-0.0165  vf=4.4076  H=1.8244  kl=0.0030  clip=0.1590  ev=0.5128  lr=0.000246
[update 2200]  rollout=600.3ms  update=335.3ms  pool=20/20
update=2210  step=108675072  pg=-0.0155  vf=4.2153  H=1.8316  kl=0.0030  clip=0.1595  ev=0.5318  lr=0.000246
[update 2210]  rollout=577.1ms  update=318.4ms  pool=20/20
update=2220  step=109166592  pg=-0.0157  vf=4.7283  H=1.8287  kl=0.0028  clip=0.1539  ev=0.4900  lr=0.000245
[update 2220]  rollout=535.4ms  update=318.7ms  pool=20/20
update=2230  step=109658112  pg=-0.0161  vf=4.1743  H=1.8423  kl=0.0029  clip=0.1587  ev=0.5252  lr=0.000245
[update 2230]  rollout=542.7ms  update=324.4ms  pool=20/20
update=2240  step=110149632  pg=-0.0160  vf=4.4615  H=1.8143  kl=0.0030  clip=0.1645  ev=0.5190  lr=0.000245
[update 2240]  rollout=540.9ms  update=318.3ms  pool=20/20

[league eval @ update 2249  duration=9862.42ms]
──────────────────────────────────────────────────────────────────
  vs anchor          hands     bb/hand     win%     mode-collapse?
──────────────────────────────────────────────────────────────────
  random_init        10000       9.226     46.7%    top=20.7%
  uniform            10000       8.994     45.9%    top=20.7%
  always_raise       10000       2.507     31.0%    top=23.6%
  always_call        10000       2.296     45.4%    top=18.1%
  pair_all_in        10000       0.012     85.7%    top=20.5%
──────────────────────────────────────────────────────────────────
  action mix (vs uniform):  F=20.5%  C=20.7%  R0=6.6%  R1=6.2%  R2=6.0%  R3=5.3%  R4=5.3%  R5=5.4%  R6=5.0%  R7=4.5%  R8=3.7%  R9=2.8%  R10=3.0%  AI=4.9%
  action mix (vs pair_all_in):  F=20.5%  C=13.7%  R0=1.0%  R1=1.4%  R2=7.1%  R3=7.3%  R4=7.6%  R5=7.5%  R6=7.3%  R7=7.4%  R8=5.5%  R9=5.6%  R10=6.2%  AI=2.1%

[best-response eval @ update 2249  seeds=1  bb/hand max=1.977  mean=1.977  min=1.977  std=0.000  best-win%=42.9  duration=1022270ms]

update=2250  step=110641152  pg=-0.0162  vf=4.4131  H=1.8314  kl=0.0029  clip=0.1605  ev=0.5108  lr=0.000245
[update 2250]  rollout=579.1ms  update=351.5ms  pool=20/20
update=2260  step=111132672  pg=-0.0161  vf=4.1234  H=1.8454  kl=0.0029  clip=0.1572  ev=0.5364  lr=0.000244
[update 2260]  rollout=537.7ms  update=322.9ms  pool=20/20
update=2270  step=111624192  pg=-0.0162  vf=4.1757  H=1.8578  kl=0.0031  clip=0.1658  ev=0.5055  lr=0.000244
[update 2270]  rollout=536.4ms  update=318.8ms  pool=20/20
update=2280  step=112115712  pg=-0.0154  vf=4.2527  H=1.8530  kl=0.0029  clip=0.1572  ev=0.5027  lr=0.000244
[update 2280]  rollout=597.8ms  update=323.1ms  pool=20/20
update=2290  step=112607232  pg=-0.0167  vf=4.3549  H=1.8394  kl=0.0030  clip=0.1603  ev=0.5196  lr=0.000244
[update 2290]  rollout=651.9ms  update=326.4ms  pool=20/20

[league eval @ update 2299  duration=10529.1ms]
──────────────────────────────────────────────────────────────────
  vs anchor          hands     bb/hand     win%     mode-collapse?
──────────────────────────────────────────────────────────────────
  random_init        10000      10.240     49.0%    top=20.5%
  uniform            10000       9.565     47.7%    top=20.7%
  always_call        10000       2.695     46.0%    top=21.6%
  always_raise       10000       2.657     32.5%    top=23.2%
  pair_all_in        10000       0.015     86.0%    top=19.7%
──────────────────────────────────────────────────────────────────
  action mix (vs uniform):  F=19.3%  C=20.7%  R0=6.3%  R1=5.9%  R2=7.4%  R3=5.5%  R4=5.9%  R5=5.6%  R6=5.0%  R7=4.2%  R8=3.1%  R9=3.3%  R10=2.7%  AI=5.1%
  action mix (vs pair_all_in):  F=19.7%  C=14.7%  R0=1.1%  R1=0.8%  R2=8.5%  R3=6.9%  R4=7.4%  R5=8.2%  R6=7.5%  R7=6.6%  R8=6.4%  R9=5.6%  R10=4.9%  AI=1.7%

update=2300  step=113098752  pg=-0.0166  vf=4.0682  H=1.8286  kl=0.0028  clip=0.1505  ev=0.5448  lr=0.000243
[update 2300]  rollout=596.4ms  update=338.8ms  pool=20/20
update=2310  step=113590272  pg=-0.0153  vf=4.3260  H=1.8332  kl=0.0029  clip=0.1565  ev=0.5074  lr=0.000243
[update 2310]  rollout=547.0ms  update=323.6ms  pool=20/20
update=2320  step=114081792  pg=-0.0167  vf=4.1959  H=1.8331  kl=0.0029  clip=0.1558  ev=0.5261  lr=0.000243
[update 2320]  rollout=585.0ms  update=319.0ms  pool=20/20
update=2330  step=114573312  pg=-0.0157  vf=4.3080  H=1.8406  kl=0.0029  clip=0.1555  ev=0.5076  lr=0.000243
[update 2330]  rollout=583.2ms  update=323.3ms  pool=20/20
update=2340  step=115064832  pg=-0.0159  vf=4.1435  H=1.8415  kl=0.0028  clip=0.1501  ev=0.5125  lr=0.000242
[update 2340]  rollout=607.4ms  update=318.9ms  pool=20/20

[league eval @ update 2349  duration=9927.88ms]
──────────────────────────────────────────────────────────────────
  vs anchor          hands     bb/hand     win%     mode-collapse?
──────────────────────────────────────────────────────────────────
  random_init        10000       9.849     47.9%    top=20.4%
  uniform            10000       9.474     47.7%    top=20.6%
  always_raise       10000       3.778     32.3%    top=23.6%
  always_call        10000       3.731     46.8%    top=18.6%
  pair_all_in        10000      -0.010     85.6%    top=20.0%
──────────────────────────────────────────────────────────────────
  action mix (vs uniform):  F=19.4%  C=20.6%  R0=6.4%  R1=6.1%  R2=6.7%  R3=5.9%  R4=5.7%  R5=5.5%  R6=4.4%  R7=3.8%  R8=4.0%  R9=3.3%  R10=2.8%  AI=5.3%
  action mix (vs pair_all_in):  F=20.0%  C=15.3%  R0=1.1%  R1=0.9%  R2=7.3%  R3=8.3%  R4=7.2%  R5=8.5%  R6=5.9%  R7=6.5%  R8=6.3%  R9=5.6%  R10=4.9%  AI=2.2%

update=2350  step=115556352  pg=-0.0163  vf=4.1785  H=1.8387  kl=0.0028  clip=0.1528  ev=0.5255  lr=0.000242
[update 2350]  rollout=579.5ms  update=332.5ms  pool=20/20
update=2360  step=116047872  pg=-0.0163  vf=4.5501  H=1.8264  kl=0.0029  clip=0.1578  ev=0.5185  lr=0.000242
[update 2360]  rollout=555.1ms  update=323.2ms  pool=20/20
update=2370  step=116539392  pg=-0.0167  vf=4.6814  H=1.8252  kl=0.0029  clip=0.1591  ev=0.5103  lr=0.000242
[update 2370]  rollout=539.5ms  update=319.9ms  pool=20/20
update=2380  step=117030912  pg=-0.0153  vf=4.7479  H=1.8201  kl=0.0029  clip=0.1552  ev=0.5004  lr=0.000242
[update 2380]  rollout=535.8ms  update=319.6ms  pool=20/20
update=2390  step=117522432  pg=-0.0166  vf=4.0690  H=1.8405  kl=0.0028  clip=0.1509  ev=0.5286  lr=0.000241
[update 2390]  rollout=589.9ms  update=322.7ms  pool=20/20

[league eval @ update 2399  duration=10133ms]
──────────────────────────────────────────────────────────────────
  vs anchor          hands     bb/hand     win%     mode-collapse?
──────────────────────────────────────────────────────────────────
  random_init        10000       9.570     47.4%    top=20.1%
  uniform            10000       9.102     46.4%    top=20.2%
  always_raise       10000       3.684     32.7%    top=23.6%
  always_call        10000       3.346     46.7%    top=18.5%
  pair_all_in        10000      -0.006     85.3%    top=20.7%
──────────────────────────────────────────────────────────────────
  action mix (vs uniform):  F=20.2%  C=20.0%  R0=6.3%  R1=5.0%  R2=6.8%  R3=6.2%  R4=5.2%  R5=5.4%  R6=4.7%  R7=4.2%  R8=3.9%  R9=3.6%  R10=3.2%  AI=5.2%
  action mix (vs pair_all_in):  F=20.7%  C=13.6%  R0=1.1%  R1=0.7%  R2=7.4%  R3=7.9%  R4=6.0%  R5=7.6%  R6=6.8%  R7=6.8%  R8=6.4%  R9=7.0%  R10=5.8%  AI=2.0%

update=2400  step=118013952  pg=-0.0157  vf=4.0343  H=1.8475  kl=0.0029  clip=0.1578  ev=0.5168  lr=0.000241
[update 2400]  rollout=565.6ms  update=338.4ms  pool=20/20
update=2410  step=118505472  pg=-0.0155  vf=4.1241  H=1.8468  kl=0.0028  clip=0.1568  ev=0.5034  lr=0.000241
[update 2410]  rollout=543.9ms  update=322.7ms  pool=20/20
update=2420  step=118996992  pg=-0.0158  vf=3.8660  H=1.8547  kl=0.0029  clip=0.1544  ev=0.5115  lr=0.000241
[update 2420]  rollout=603.8ms  update=319.5ms  pool=20/20
update=2430  step=119488512  pg=-0.0152  vf=4.0653  H=1.8484  kl=0.0028  clip=0.1487  ev=0.5109  lr=0.000240
[update 2430]  rollout=556.2ms  update=323.3ms  pool=20/20
update=2440  step=119980032  pg=-0.0150  vf=4.3875  H=1.8365  kl=0.0030  clip=0.1644  ev=0.4948  lr=0.000240
[update 2440]  rollout=559.7ms  update=319.2ms  pool=20/20

[league eval @ update 2449  duration=9850.19ms]
──────────────────────────────────────────────────────────────────
  vs anchor          hands     bb/hand     win%     mode-collapse?
──────────────────────────────────────────────────────────────────
  random_init        10000       9.465     47.2%    top=20.0%
  uniform            10000       9.179     47.5%    top=19.9%
  always_raise       10000       3.237     32.4%    top=23.3%
  always_call        10000       2.676     45.9%    top=20.0%
  pair_all_in        10000       0.136     86.0%    top=20.3%
──────────────────────────────────────────────────────────────────
  action mix (vs uniform):  F=19.7%  C=19.9%  R0=6.1%  R1=5.7%  R2=7.0%  R3=5.8%  R4=5.5%  R5=5.1%  R6=5.4%  R7=4.5%  R8=3.8%  R9=3.5%  R10=2.9%  AI=5.1%
  action mix (vs pair_all_in):  F=20.3%  C=13.2%  R0=0.8%  R1=1.2%  R2=8.9%  R3=7.6%  R4=7.0%  R5=7.6%  R6=7.8%  R7=6.5%  R8=6.4%  R9=6.0%  R10=4.9%  AI=1.8%

update=2450  step=120471552  pg=-0.0167  vf=3.9857  H=1.8467  kl=0.0030  clip=0.1630  ev=0.5109  lr=0.000240
[update 2450]  rollout=573.8ms  update=345.2ms  pool=20/20
update=2460  step=120963072  pg=-0.0158  vf=4.1306  H=1.8435  kl=0.0031  clip=0.1650  ev=0.5036  lr=0.000240
[update 2460]  rollout=540.2ms  update=321.5ms  pool=20/20
update=2470  step=121454592  pg=-0.0163  vf=4.2729  H=1.8422  kl=0.0028  clip=0.1512  ev=0.5145  lr=0.000239
[update 2470]  rollout=538.4ms  update=321.2ms  pool=20/20
update=2480  step=121946112  pg=-0.0159  vf=3.8808  H=1.8490  kl=0.0030  clip=0.1550  ev=0.5214  lr=0.000239
[update 2480]  rollout=533.1ms  update=318.0ms  pool=20/20
update=2490  step=122437632  pg=-0.0157  vf=4.2556  H=1.8408  kl=0.0028  clip=0.1509  ev=0.5225  lr=0.000239
[update 2490]  rollout=550.9ms  update=322.2ms  pool=20/20

[league eval @ update 2499  duration=17245.3ms]
──────────────────────────────────────────────────────────────────
  vs anchor          hands     bb/hand     win%     mode-collapse?
──────────────────────────────────────────────────────────────────
  uniform            10000       9.931     48.6%    top=21.4%
  random_init        10000       9.705     48.4%    top=21.7%
  always_raise       10000       3.396     32.8%    top=24.7%
  always_call        10000       3.239     46.3%    top=19.3%
  pair_all_in        10000      -0.093     86.0%    top=19.0%
──────────────────────────────────────────────────────────────────
  action mix (vs uniform):  F=18.8%  C=21.4%  R0=6.2%  R1=5.4%  R2=6.1%  R3=6.4%  R4=6.3%  R5=5.7%  R6=4.4%  R7=4.5%  R8=3.4%  R9=3.6%  R10=2.7%  AI=5.2%
  action mix (vs pair_all_in):  F=19.0%  C=15.0%  R0=0.8%  R1=0.7%  R2=7.9%  R3=7.8%  R4=8.9%  R5=7.8%  R6=5.9%  R7=7.4%  R8=5.2%  R9=6.9%  R10=5.1%  AI=1.6%

update=2500  step=122929152  pg=-0.0154  vf=4.5844  H=1.8312  kl=0.0029  clip=0.1588  ev=0.4949  lr=0.000239
[update 2500]  rollout=716.5ms  update=348.6ms  pool=20/20
update=2510  step=123420672  pg=-0.0155  vf=4.5153  H=1.8251  kl=0.0029  clip=0.1543  ev=0.5088  lr=0.000238
[update 2510]  rollout=577.7ms  update=320.3ms  pool=20/20
update=2520  step=123912192  pg=-0.0161  vf=4.3397  H=1.8392  kl=0.0028  clip=0.1483  ev=0.5001  lr=0.000238
[update 2520]  rollout=604.9ms  update=330.8ms  pool=20/20
update=2530  step=124403712  pg=-0.0159  vf=4.2858  H=1.8295  kl=0.0029  clip=0.1552  ev=0.5196  lr=0.000238
[update 2530]  rollout=593.7ms  update=316.4ms  pool=20/20
update=2540  step=124895232  pg=-0.0162  vf=4.6749  H=1.8187  kl=0.0027  clip=0.1446  ev=0.5031  lr=0.000238
[update 2540]  rollout=598.2ms  update=318.2ms  pool=20/20

[league eval @ update 2549  duration=16480.8ms]
──────────────────────────────────────────────────────────────────
  vs anchor          hands     bb/hand     win%     mode-collapse?
──────────────────────────────────────────────────────────────────
  uniform            10000      10.001     47.5%    top=21.0%
  random_init        10000       9.764     48.0%    top=21.1%
  always_call        10000       3.208     46.3%    top=19.8%
  always_raise       10000       2.880     31.8%    top=24.5%
  pair_all_in        10000       0.008     86.5%    top=18.4%
──────────────────────────────────────────────────────────────────
  action mix (vs uniform):  F=19.5%  C=21.0%  R0=6.5%  R1=5.2%  R2=7.0%  R3=6.2%  R4=5.6%  R5=5.4%  R6=4.6%  R7=4.3%  R8=3.9%  R9=3.3%  R10=2.6%  AI=4.9%
  action mix (vs pair_all_in):  F=18.4%  C=14.9%  R0=1.1%  R1=0.9%  R2=8.0%  R3=8.4%  R4=7.5%  R5=8.2%  R6=6.6%  R7=6.8%  R8=6.2%  R9=6.2%  R10=5.1%  AI=1.9%

update=2550  step=125386752  pg=-0.0161  vf=4.4208  H=1.8279  kl=0.0028  clip=0.1495  ev=0.5290  lr=0.000237
[update 2550]  rollout=723.6ms  update=348.2ms  pool=20/20
update=2560  step=125878272  pg=-0.0159  vf=3.9790  H=1.8542  kl=0.0031  clip=0.1654  ev=0.5097  lr=0.000237
[update 2560]  rollout=541.4ms  update=317.0ms  pool=20/20
update=2570  step=126369792  pg=-0.0164  vf=4.2064  H=1.8327  kl=0.0029  clip=0.1579  ev=0.5209  lr=0.000237
[update 2570]  rollout=550.6ms  update=320.7ms  pool=20/20
update=2580  step=126861312  pg=-0.0162  vf=4.2056  H=1.8285  kl=0.0026  clip=0.1433  ev=0.5239  lr=0.000237
[update 2580]  rollout=539.5ms  update=317.8ms  pool=20/20
update=2590  step=127352832  pg=-0.0160  vf=4.2052  H=1.8349  kl=0.0028  clip=0.1482  ev=0.5270  lr=0.000236
[update 2590]  rollout=545.2ms  update=319.1ms  pool=20/20

[league eval @ update 2599  duration=10247.2ms]
──────────────────────────────────────────────────────────────────
  vs anchor          hands     bb/hand     win%     mode-collapse?
──────────────────────────────────────────────────────────────────
  uniform            10000      10.458     47.7%    top=21.0%
  random_init        10000       9.740     46.5%    top=21.1%
  always_raise       10000       3.740     32.3%    top=24.3%
  always_call        10000       3.563     46.7%    top=19.2%
  pair_all_in        10000      -0.001     85.3%    top=20.4%
──────────────────────────────────────────────────────────────────
  action mix (vs uniform):  F=19.6%  C=21.0%  R0=6.9%  R1=5.4%  R2=6.9%  R3=6.0%  R4=5.5%  R5=4.7%  R6=5.0%  R7=4.0%  R8=3.7%  R9=3.4%  R10=2.9%  AI=5.0%
  action mix (vs pair_all_in):  F=20.4%  C=14.2%  R0=1.1%  R1=0.8%  R2=7.9%  R3=8.6%  R4=7.4%  R5=7.4%  R6=7.6%  R7=5.8%  R8=6.4%  R9=5.6%  R10=5.1%  AI=1.8%

update=2600  step=127844352  pg=-0.0157  vf=4.3574  H=1.8275  kl=0.0029  clip=0.1539  ev=0.5082  lr=0.000236
[update 2600]  rollout=625.0ms  update=363.5ms  pool=20/20
update=2610  step=128335872  pg=-0.0155  vf=4.2273  H=1.8435  kl=0.0027  clip=0.1469  ev=0.5010  lr=0.000236
[update 2610]  rollout=584.5ms  update=323.0ms  pool=20/20
update=2620  step=128827392  pg=-0.0162  vf=4.5636  H=1.8294  kl=0.0028  clip=0.1542  ev=0.5001  lr=0.000236
[update 2620]  rollout=541.1ms  update=314.1ms  pool=20/20
update=2630  step=129318912  pg=-0.0157  vf=4.5387  H=1.8291  kl=0.0026  clip=0.1435  ev=0.4925  lr=0.000235
[update 2630]  rollout=557.5ms  update=326.1ms  pool=20/20
update=2640  step=129810432  pg=-0.0164  vf=4.6985  H=1.8192  kl=0.0028  clip=0.1461  ev=0.5085  lr=0.000235
[update 2640]  rollout=547.4ms  update=318.2ms  pool=20/20

[league eval @ update 2649  duration=9826.99ms]
──────────────────────────────────────────────────────────────────
  vs anchor          hands     bb/hand     win%     mode-collapse?
──────────────────────────────────────────────────────────────────
  uniform            10000       9.605     47.6%    top=21.1%
  random_init        10000       9.179     47.3%    top=21.3%
  always_raise       10000       3.381     32.3%    top=24.9%
  always_call        10000       2.313     45.7%    top=19.4%
  pair_all_in        10000       0.022     85.7%    top=20.4%
──────────────────────────────────────────────────────────────────
  action mix (vs uniform):  F=19.5%  C=21.1%  R0=6.1%  R1=5.5%  R2=7.0%  R3=5.9%  R4=5.3%  R5=4.8%  R6=4.8%  R7=4.7%  R8=4.3%  R9=3.7%  R10=2.5%  AI=4.8%
  action mix (vs pair_all_in):  F=20.4%  C=14.3%  R0=1.3%  R1=1.1%  R2=9.9%  R3=7.5%  R4=6.0%  R5=6.6%  R6=6.5%  R7=7.0%  R8=6.5%  R9=6.6%  R10=4.7%  AI=1.6%

update=2650  step=130301952  pg=-0.0156  vf=4.3459  H=1.8297  kl=0.0026  clip=0.1393  ev=0.5256  lr=0.000235
[update 2650]  rollout=581.5ms  update=357.5ms  pool=20/20
update=2660  step=130793472  pg=-0.0162  vf=4.1285  H=1.8318  kl=0.0028  clip=0.1555  ev=0.5418  lr=0.000235
[update 2660]  rollout=561.0ms  update=328.7ms  pool=20/20
update=2670  step=131284992  pg=-0.0164  vf=4.5050  H=1.8270  kl=0.0029  clip=0.1557  ev=0.5314  lr=0.000234
[update 2670]  rollout=532.1ms  update=317.6ms  pool=20/20
update=2680  step=131776512  pg=-0.0156  vf=4.6697  H=1.8349  kl=0.0026  clip=0.1404  ev=0.4869  lr=0.000234
[update 2680]  rollout=537.9ms  update=321.2ms  pool=20/20
update=2690  step=132268032  pg=-0.0160  vf=4.5812  H=1.8179  kl=0.0027  clip=0.1473  ev=0.5283  lr=0.000234
[update 2690]  rollout=550.7ms  update=324.9ms  pool=20/20

[league eval @ update 2699  duration=9963.35ms]
──────────────────────────────────────────────────────────────────
  vs anchor          hands     bb/hand     win%     mode-collapse?
──────────────────────────────────────────────────────────────────
  random_init        10000       9.331     47.3%    top=20.8%
  uniform            10000       9.095     46.5%    top=20.7%
  always_raise       10000       3.868     32.5%    top=24.3%
  always_call        10000       3.304     47.0%    top=16.8%
  pair_all_in        10000      -0.171     85.4%    top=20.3%
──────────────────────────────────────────────────────────────────
  action mix (vs uniform):  F=19.9%  C=20.7%  R0=6.4%  R1=5.4%  R2=6.7%  R3=5.7%  R4=7.1%  R5=5.0%  R6=4.9%  R7=4.0%  R8=3.2%  R9=3.1%  R10=3.0%  AI=4.8%
  action mix (vs pair_all_in):  F=20.3%  C=13.1%  R0=0.9%  R1=0.6%  R2=8.1%  R3=7.3%  R4=9.7%  R5=6.8%  R6=7.8%  R7=6.3%  R8=6.1%  R9=5.8%  R10=5.3%  AI=1.8%

update=2700  step=132759552  pg=-0.0159  vf=4.5438  H=1.8233  kl=0.0027  clip=0.1494  ev=0.5151  lr=0.000234
[update 2700]  rollout=584.4ms  update=354.3ms  pool=20/20
update=2710  step=133251072  pg=-0.0159  vf=4.7671  H=1.8212  kl=0.0028  clip=0.1537  ev=0.5065  lr=0.000233
[update 2710]  rollout=580.1ms  update=321.8ms  pool=20/20
update=2720  step=133742592  pg=-0.0154  vf=4.4151  H=1.8355  kl=0.0029  clip=0.1606  ev=0.5074  lr=0.000233
[update 2720]  rollout=564.1ms  update=329.0ms  pool=20/20
update=2730  step=134234112  pg=-0.0158  vf=4.0593  H=1.8429  kl=0.0028  clip=0.1499  ev=0.5257  lr=0.000233
[update 2730]  rollout=546.0ms  update=321.7ms  pool=20/20
update=2740  step=134725632  pg=-0.0157  vf=4.4616  H=1.8230  kl=0.0027  clip=0.1481  ev=0.5184  lr=0.000233
[update 2740]  rollout=558.0ms  update=318.8ms  pool=20/20

[league eval @ update 2749  duration=10123.4ms]
──────────────────────────────────────────────────────────────────
  vs anchor          hands     bb/hand     win%     mode-collapse?
──────────────────────────────────────────────────────────────────
  uniform            10000       9.577     48.7%    top=21.9%
  random_init        10000       9.297     46.9%    top=21.5%
  always_raise       10000       3.380     32.6%    top=24.3%
  always_call        10000       3.296     45.6%    top=19.4%
  pair_all_in        10000      -0.018     86.1%    top=19.3%
──────────────────────────────────────────────────────────────────
  action mix (vs uniform):  F=18.7%  C=21.9%  R0=6.1%  R1=5.7%  R2=6.4%  R3=5.7%  R4=6.1%  R5=5.1%  R6=5.0%  R7=4.5%  R8=3.4%  R9=3.6%  R10=3.0%  AI=4.9%
  action mix (vs pair_all_in):  F=19.3%  C=14.6%  R0=1.1%  R1=1.2%  R2=6.9%  R3=6.8%  R4=7.8%  R5=6.7%  R6=7.3%  R7=6.7%  R8=7.3%  R9=6.9%  R10=5.6%  AI=1.8%

update=2750  step=135217152  pg=-0.0160  vf=4.3904  H=1.8268  kl=0.0028  clip=0.1523  ev=0.5174  lr=0.000232
[update 2750]  rollout=585.1ms  update=348.7ms  pool=20/20
update=2760  step=135708672  pg=-0.0156  vf=4.5745  H=1.8260  kl=0.0028  clip=0.1509  ev=0.5091  lr=0.000232
[update 2760]  rollout=547.6ms  update=321.6ms  pool=20/20
update=2770  step=136200192  pg=-0.0159  vf=4.4637  H=1.8198  kl=0.0028  clip=0.1530  ev=0.5173  lr=0.000232
[update 2770]  rollout=555.1ms  update=319.9ms  pool=20/20
update=2780  step=136691712  pg=-0.0164  vf=4.4984  H=1.8235  kl=0.0028  clip=0.1539  ev=0.5169  lr=0.000232
[update 2780]  rollout=554.6ms  update=329.5ms  pool=20/20
update=2790  step=137183232  pg=-0.0164  vf=4.0245  H=1.8398  kl=0.0028  clip=0.1492  ev=0.5431  lr=0.000231
[update 2790]  rollout=550.0ms  update=322.5ms  pool=20/20

[league eval @ update 2799  duration=13400.6ms]
──────────────────────────────────────────────────────────────────
  vs anchor          hands     bb/hand     win%     mode-collapse?
──────────────────────────────────────────────────────────────────
  random_init        10000       9.542     46.8%    top=21.7%
  uniform            10000       9.227     46.6%    top=21.1%
  always_raise       10000       3.650     31.9%    top=23.8%
  always_call        10000       3.462     46.2%    top=20.6%
  pair_all_in        10000      -0.067     85.3%    top=20.1%
──────────────────────────────────────────────────────────────────
  action mix (vs uniform):  F=19.8%  C=21.1%  R0=6.1%  R1=6.1%  R2=6.0%  R3=5.5%  R4=5.5%  R5=5.5%  R6=4.4%  R7=4.4%  R8=3.6%  R9=3.2%  R10=3.4%  AI=5.4%
  action mix (vs pair_all_in):  F=20.1%  C=15.1%  R0=1.3%  R1=1.3%  R2=6.9%  R3=6.4%  R4=7.1%  R5=8.6%  R6=6.9%  R7=6.7%  R8=5.8%  R9=6.2%  R10=5.8%  AI=1.7%

update=2800  step=137674752  pg=-0.0155  vf=4.4643  H=1.8316  kl=0.0028  clip=0.1482  ev=0.5012  lr=0.000231
[update 2800]  rollout=695.6ms  update=353.2ms  pool=20/20
update=2810  step=138166272  pg=-0.0162  vf=4.0189  H=1.8413  kl=0.0028  clip=0.1489  ev=0.5224  lr=0.000231
[update 2810]  rollout=599.2ms  update=318.1ms  pool=20/20
update=2820  step=138657792  pg=-0.0152  vf=4.0687  H=1.8418  kl=0.0027  clip=0.1462  ev=0.5058  lr=0.000231
[update 2820]  rollout=658.7ms  update=323.6ms  pool=20/20
update=2830  step=139149312  pg=-0.0162  vf=4.0904  H=1.8323  kl=0.0028  clip=0.1470  ev=0.5332  lr=0.000230
[update 2830]  rollout=632.8ms  update=324.3ms  pool=20/20
update=2840  step=139640832  pg=-0.0156  vf=4.1080  H=1.8409  kl=0.0026  clip=0.1363  ev=0.5265  lr=0.000230
[update 2840]  rollout=597.2ms  update=320.5ms  pool=20/20

[league eval @ update 2849  duration=15551.4ms]
──────────────────────────────────────────────────────────────────
  vs anchor          hands     bb/hand     win%     mode-collapse?
──────────────────────────────────────────────────────────────────
  uniform            10000       9.872     47.9%    top=21.3%
  random_init        10000       9.595     47.3%    top=20.9%
  always_call        10000       3.406     46.2%    top=19.2%
  always_raise       10000       3.067     32.2%    top=23.2%
  pair_all_in        10000      -0.038     85.7%    top=20.1%
──────────────────────────────────────────────────────────────────
  action mix (vs uniform):  F=19.1%  C=21.3%  R0=6.4%  R1=5.6%  R2=6.3%  R3=6.2%  R4=5.3%  R5=5.1%  R6=5.1%  R7=4.4%  R8=3.8%  R9=3.6%  R10=2.5%  AI=5.2%
  action mix (vs pair_all_in):  F=20.1%  C=13.9%  R0=1.1%  R1=1.0%  R2=7.7%  R3=8.9%  R4=6.6%  R5=7.8%  R6=7.5%  R7=6.5%  R8=6.6%  R9=6.4%  R10=4.3%  AI=1.7%

update=2850  step=140132352  pg=-0.0157  vf=4.5339  H=1.8147  kl=0.0026  clip=0.1376  ev=0.5202  lr=0.000230
[update 2850]  rollout=612.7ms  update=344.9ms  pool=20/20
update=2860  step=140623872  pg=-0.0161  vf=4.1740  H=1.8355  kl=0.0031  clip=0.1618  ev=0.5203  lr=0.000230
[update 2860]  rollout=629.2ms  update=319.5ms  pool=20/20
update=2870  step=141115392  pg=-0.0161  vf=4.1406  H=1.8269  kl=0.0030  clip=0.1575  ev=0.5304  lr=0.000229
[update 2870]  rollout=541.6ms  update=320.7ms  pool=20/20
update=2880  step=141606912  pg=-0.0163  vf=4.0882  H=1.8418  kl=0.0031  clip=0.1621  ev=0.5278  lr=0.000229
[update 2880]  rollout=537.2ms  update=320.5ms  pool=20/20
update=2890  step=142098432  pg=-0.0155  vf=4.2468  H=1.8381  kl=0.0028  clip=0.1502  ev=0.5090  lr=0.000229
[update 2890]  rollout=560.5ms  update=322.9ms  pool=20/20

[league eval @ update 2899  duration=9935.83ms]
──────────────────────────────────────────────────────────────────
  vs anchor          hands     bb/hand     win%     mode-collapse?
──────────────────────────────────────────────────────────────────
  random_init        10000       9.862     47.0%    top=20.3%
  uniform            10000       9.620     47.0%    top=20.1%
  always_raise       10000       3.822     31.9%    top=22.8%
  always_call        10000       3.544     46.4%    top=20.1%
  pair_all_in        10000       0.010     85.5%    top=20.5%
──────────────────────────────────────────────────────────────────
  action mix (vs uniform):  F=20.0%  C=20.1%  R0=6.6%  R1=5.4%  R2=7.1%  R3=5.9%  R4=5.1%  R5=5.3%  R6=4.9%  R7=4.9%  R8=3.8%  R9=3.2%  R10=2.7%  AI=5.1%
  action mix (vs pair_all_in):  F=20.5%  C=13.8%  R0=0.9%  R1=1.2%  R2=8.7%  R3=8.4%  R4=6.9%  R5=7.9%  R6=6.7%  R7=7.3%  R8=6.4%  R9=5.1%  R10=5.1%  AI=1.3%

update=2900  step=142589952  pg=-0.0155  vf=3.9405  H=1.8342  kl=0.0028  clip=0.1472  ev=0.5274  lr=0.000229
[update 2900]  rollout=556.4ms  update=352.2ms  pool=20/20
update=2910  step=143081472  pg=-0.0150  vf=4.5016  H=1.8283  kl=0.0027  clip=0.1449  ev=0.5012  lr=0.000228
[update 2910]  rollout=577.6ms  update=319.7ms  pool=20/20
update=2920  step=143572992  pg=-0.0157  vf=4.0761  H=1.8395  kl=0.0029  clip=0.1595  ev=0.5159  lr=0.000228
[update 2920]  rollout=594.8ms  update=323.3ms  pool=20/20
update=2930  step=144064512  pg=-0.0153  vf=4.0761  H=1.8296  kl=0.0027  clip=0.1458  ev=0.5281  lr=0.000228
[update 2930]  rollout=546.9ms  update=319.7ms  pool=20/20
update=2940  step=144556032  pg=-0.0163  vf=4.2105  H=1.8357  kl=0.0029  clip=0.1562  ev=0.5180  lr=0.000228
[update 2940]  rollout=550.3ms  update=321.4ms  pool=20/20

[league eval @ update 2949  duration=10064.5ms]
──────────────────────────────────────────────────────────────────
  vs anchor          hands     bb/hand     win%     mode-collapse?
──────────────────────────────────────────────────────────────────
  random_init        10000       9.541     47.4%    top=20.8%
  uniform            10000       9.022     46.5%    top=20.3%
  always_raise       10000       3.821     32.0%    top=23.6%
  always_call        10000       2.859     45.4%    top=18.7%
  pair_all_in        10000       0.066     85.9%    top=19.7%
──────────────────────────────────────────────────────────────────
  action mix (vs uniform):  F=20.3%  C=20.3%  R0=6.2%  R1=5.2%  R2=6.9%  R3=6.6%  R4=4.9%  R5=5.5%  R6=5.2%  R7=4.8%  R8=3.5%  R9=3.0%  R10=2.6%  AI=5.0%
  action mix (vs pair_all_in):  F=19.7%  C=15.2%  R0=1.1%  R1=1.0%  R2=8.5%  R3=8.3%  R4=6.1%  R5=7.3%  R6=6.7%  R7=8.1%  R8=6.1%  R9=5.1%  R10=5.0%  AI=1.8%

update=2950  step=145047552  pg=-0.0154  vf=4.2083  H=1.8477  kl=0.0028  clip=0.1512  ev=0.4871  lr=0.000228
[update 2950]  rollout=588.6ms  update=338.8ms  pool=20/20
update=2960  step=145539072  pg=-0.0147  vf=4.1824  H=1.8411  kl=0.0028  clip=0.1559  ev=0.5045  lr=0.000227
[update 2960]  rollout=571.8ms  update=321.6ms  pool=20/20
update=2970  step=146030592  pg=-0.0153  vf=4.2560  H=1.8388  kl=0.0026  clip=0.1397  ev=0.5006  lr=0.000227
[update 2970]  rollout=556.7ms  update=321.5ms  pool=20/20
update=2980  step=146522112  pg=-0.0145  vf=4.5056  H=1.8322  kl=0.0026  clip=0.1385  ev=0.5063  lr=0.000227
[update 2980]  rollout=541.7ms  update=324.9ms  pool=20/20
update=2990  step=147013632  pg=-0.0155  vf=4.2561  H=1.8417  kl=0.0028  clip=0.1516  ev=0.5168  lr=0.000227
[update 2990]  rollout=530.1ms  update=323.9ms  pool=20/20

[league eval @ update 2999  duration=9889.15ms]
──────────────────────────────────────────────────────────────────
  vs anchor          hands     bb/hand     win%     mode-collapse?
──────────────────────────────────────────────────────────────────
  uniform            10000      10.404     48.6%    top=21.3%
  random_init        10000      10.215     48.4%    top=21.2%
  always_raise       10000       3.621     33.2%    top=24.5%
  always_call        10000       2.569     45.6%    top=19.2%
  pair_all_in        10000       0.066     85.9%    top=19.8%
──────────────────────────────────────────────────────────────────
  action mix (vs uniform):  F=19.0%  C=21.3%  R0=6.2%  R1=5.5%  R2=6.9%  R3=6.0%  R4=5.6%  R5=5.0%  R6=4.8%  R7=4.1%  R8=3.9%  R9=3.7%  R10=3.0%  AI=5.0%
  action mix (vs pair_all_in):  F=19.8%  C=14.6%  R0=1.3%  R1=0.9%  R2=8.9%  R3=7.4%  R4=7.8%  R5=7.6%  R6=7.0%  R7=6.4%  R8=5.6%  R9=6.4%  R10=5.0%  AI=1.4%

[best-response eval @ update 2999  seeds=1  bb/hand max=2.201  mean=2.201  min=2.201  std=0.000  best-win%=49.7  duration=1023134ms]

update=3000  step=147505152  pg=-0.0163  vf=4.3845  H=1.8248  kl=0.0026  clip=0.1456  ev=0.5227  lr=0.000226
[update 3000]  rollout=571.8ms  update=353.5ms  pool=20/20
update=3010  step=147996672  pg=-0.0160  vf=4.4863  H=1.8147  kl=0.0026  clip=0.1387  ev=0.5234  lr=0.000226
[update 3010]  rollout=549.0ms  update=327.3ms  pool=20/20
update=3020  step=148488192  pg=-0.0162  vf=4.3963  H=1.8287  kl=0.0028  clip=0.1494  ev=0.5075  lr=0.000226
[update 3020]  rollout=561.1ms  update=322.3ms  pool=20/20
update=3030  step=148979712  pg=-0.0160  vf=4.3741  H=1.8312  kl=0.0027  clip=0.1451  ev=0.5149  lr=0.000226
[update 3030]  rollout=560.2ms  update=340.6ms  pool=20/20
update=3040  step=149471232  pg=-0.0162  vf=4.2254  H=1.8367  kl=0.0029  clip=0.1556  ev=0.5030  lr=0.000225
[update 3040]  rollout=561.3ms  update=324.9ms  pool=20/20

[league eval @ update 3049  duration=10165ms]
──────────────────────────────────────────────────────────────────
  vs anchor          hands     bb/hand     win%     mode-collapse?
──────────────────────────────────────────────────────────────────
  random_init        10000       9.434     47.1%    top=21.3%
  uniform            10000       9.209     46.8%    top=20.6%
  always_raise       10000       3.369     32.2%    top=25.3%
  always_call        10000       2.798     46.4%    top=18.5%
  pair_all_in        10000      -0.154     85.9%    top=19.3%
──────────────────────────────────────────────────────────────────
  action mix (vs uniform):  F=20.0%  C=20.6%  R0=6.3%  R1=5.3%  R2=6.5%  R3=6.2%  R4=5.2%  R5=6.0%  R6=5.0%  R7=4.8%  R8=3.7%  R9=3.3%  R10=2.5%  AI=4.7%
  action mix (vs pair_all_in):  F=19.3%  C=13.7%  R0=1.2%  R1=1.1%  R2=7.7%  R3=7.9%  R4=8.1%  R5=9.0%  R6=7.1%  R7=6.9%  R8=6.6%  R9=5.9%  R10=4.0%  AI=1.5%

update=3050  step=149962752  pg=-0.0149  vf=4.2283  H=1.8432  kl=0.0027  clip=0.1454  ev=0.4991  lr=0.000225
[update 3050]  rollout=587.8ms  update=342.4ms  pool=20/20
update=3060  step=150454272  pg=-0.0155  vf=4.2242  H=1.8319  kl=0.0028  clip=0.1509  ev=0.5052  lr=0.000225
[update 3060]  rollout=634.1ms  update=333.2ms  pool=20/20
update=3070  step=150945792  pg=-0.0169  vf=4.1640  H=1.8333  kl=0.0028  clip=0.1517  ev=0.5193  lr=0.000225
[update 3070]  rollout=546.4ms  update=322.5ms  pool=20/20
update=3080  step=151437312  pg=-0.0154  vf=4.4159  H=1.8237  kl=0.0025  clip=0.1382  ev=0.5031  lr=0.000224
[update 3080]  rollout=567.7ms  update=321.5ms  pool=20/20
update=3090  step=151928832  pg=-0.0164  vf=3.8384  H=1.8451  kl=0.0029  clip=0.1514  ev=0.5186  lr=0.000224
[update 3090]  rollout=558.1ms  update=336.4ms  pool=20/20

[league eval @ update 3099  duration=10147.1ms]
──────────────────────────────────────────────────────────────────
  vs anchor          hands     bb/hand     win%     mode-collapse?
──────────────────────────────────────────────────────────────────
  uniform            10000       9.254     47.2%    top=21.0%
  random_init        10000       9.155     47.4%    top=21.0%
  always_raise       10000       3.469     32.8%    top=25.4%
  always_call        10000       3.348     46.8%    top=18.8%
  pair_all_in        10000       0.048     86.3%    top=19.3%
──────────────────────────────────────────────────────────────────
  action mix (vs uniform):  F=19.6%  C=21.0%  R0=6.3%  R1=5.2%  R2=6.9%  R3=6.3%  R4=5.3%  R5=5.1%  R6=5.2%  R7=4.1%  R8=3.8%  R9=3.3%  R10=2.7%  AI=5.2%
  action mix (vs pair_all_in):  F=19.3%  C=13.9%  R0=1.2%  R1=1.1%  R2=8.9%  R3=8.0%  R4=7.1%  R5=7.6%  R6=7.9%  R7=6.0%  R8=5.9%  R9=6.0%  R10=5.2%  AI=1.8%

update=3100  step=152420352  pg=-0.0159  vf=4.2328  H=1.8362  kl=0.0027  clip=0.1483  ev=0.5184  lr=0.000224
[update 3100]  rollout=587.2ms  update=355.3ms  pool=20/20
update=3110  step=152911872  pg=-0.0160  vf=3.9083  H=1.8374  kl=0.0027  clip=0.1418  ev=0.5379  lr=0.000224
[update 3110]  rollout=562.1ms  update=323.3ms  pool=20/20
update=3120  step=153403392  pg=-0.0157  vf=4.4474  H=1.8305  kl=0.0027  clip=0.1463  ev=0.5050  lr=0.000223
[update 3120]  rollout=564.7ms  update=329.8ms  pool=20/20
update=3130  step=153894912  pg=-0.0157  vf=4.2740  H=1.8349  kl=0.0027  clip=0.1436  ev=0.5009  lr=0.000223
[update 3130]  rollout=587.1ms  update=330.3ms  pool=20/20
update=3140  step=154386432  pg=-0.0157  vf=4.2818  H=1.8383  kl=0.0027  clip=0.1471  ev=0.4935  lr=0.000223
[update 3140]  rollout=569.4ms  update=324.0ms  pool=20/20

[league eval @ update 3149  duration=14249ms]
──────────────────────────────────────────────────────────────────
  vs anchor          hands     bb/hand     win%     mode-collapse?
──────────────────────────────────────────────────────────────────
  random_init        10000       9.759     47.2%    top=21.0%
  uniform            10000       9.516     47.5%    top=20.8%
  always_raise       10000       3.636     32.5%    top=24.2%
  always_call        10000       2.376     46.0%    top=18.6%
  pair_all_in        10000       0.098     85.6%    top=20.5%
──────────────────────────────────────────────────────────────────
  action mix (vs uniform):  F=19.5%  C=20.8%  R0=6.1%  R1=5.3%  R2=6.8%  R3=6.0%  R4=5.3%  R5=5.2%  R6=5.4%  R7=4.0%  R8=3.9%  R9=3.4%  R10=3.2%  AI=5.0%
  action mix (vs pair_all_in):  F=20.5%  C=14.1%  R0=1.2%  R1=1.2%  R2=8.0%  R3=7.7%  R4=6.7%  R5=7.6%  R6=8.1%  R7=6.7%  R8=5.4%  R9=5.9%  R10=5.4%  AI=1.4%

update=3150  step=154877952  pg=-0.0160  vf=4.4022  H=1.8322  kl=0.0026  clip=0.1465  ev=0.4987  lr=0.000223
[update 3150]  rollout=674.0ms  update=353.0ms  pool=20/20
update=3160  step=155369472  pg=-0.0154  vf=4.2752  H=1.8377  kl=0.0027  clip=0.1440  ev=0.5052  lr=0.000222
[update 3160]  rollout=617.5ms  update=324.5ms  pool=20/20
update=3170  step=155860992  pg=-0.0158  vf=4.1705  H=1.8368  kl=0.0027  clip=0.1445  ev=0.5108  lr=0.000222
[update 3170]  rollout=672.7ms  update=334.8ms  pool=20/20
update=3180  step=156352512  pg=-0.0156  vf=3.9965  H=1.8441  kl=0.0028  clip=0.1480  ev=0.5257  lr=0.000222
[update 3180]  rollout=598.4ms  update=329.8ms  pool=20/20
update=3190  step=156844032  pg=-0.0157  vf=4.2575  H=1.8373  kl=0.0028  clip=0.1528  ev=0.5237  lr=0.000222
[update 3190]  rollout=632.7ms  update=326.7ms  pool=20/20

[league eval @ update 3199  duration=16033.7ms]
──────────────────────────────────────────────────────────────────
  vs anchor          hands     bb/hand     win%     mode-collapse?
──────────────────────────────────────────────────────────────────
  uniform            10000       9.999     48.5%    top=20.6%
  random_init        10000       9.130     47.5%    top=20.9%
  always_call        10000       2.851     46.6%    top=19.9%
  always_raise       10000       2.474     32.0%    top=23.6%
  pair_all_in        10000      -0.071     85.2%    top=20.9%
──────────────────────────────────────────────────────────────────
  action mix (vs uniform):  F=19.5%  C=20.6%  R0=6.6%  R1=5.0%  R2=6.3%  R3=5.9%  R4=5.9%  R5=5.3%  R6=4.3%  R7=4.6%  R8=4.3%  R9=3.6%  R10=3.0%  AI=5.1%
  action mix (vs pair_all_in):  F=20.9%  C=14.6%  R0=1.0%  R1=0.8%  R2=7.9%  R3=7.1%  R4=7.2%  R5=7.4%  R6=6.3%  R7=6.9%  R8=7.3%  R9=5.7%  R10=5.5%  AI=1.3%

update=3200  step=157335552  pg=-0.0159  vf=4.1551  H=1.8352  kl=0.0027  clip=0.1473  ev=0.5177  lr=0.000221
[update 3200]  rollout=614.6ms  update=345.5ms  pool=20/20
update=3210  step=157827072  pg=-0.0151  vf=4.3860  H=1.8248  kl=0.0027  clip=0.1439  ev=0.5043  lr=0.000221
[update 3210]  rollout=580.3ms  update=323.2ms  pool=20/20
update=3220  step=158318592  pg=-0.0160  vf=4.2198  H=1.8253  kl=0.0027  clip=0.1464  ev=0.5237  lr=0.000221
[update 3220]  rollout=556.0ms  update=338.2ms  pool=20/20
update=3230  step=158810112  pg=-0.0157  vf=4.3308  H=1.8303  kl=0.0028  clip=0.1524  ev=0.5170  lr=0.000221
[update 3230]  rollout=541.9ms  update=327.8ms  pool=20/20
update=3240  step=159301632  pg=-0.0158  vf=4.2551  H=1.8317  kl=0.0028  clip=0.1468  ev=0.5095  lr=0.000220
[update 3240]  rollout=562.6ms  update=324.8ms  pool=20/20

[league eval @ update 3249  duration=10311.7ms]
──────────────────────────────────────────────────────────────────
  vs anchor          hands     bb/hand     win%     mode-collapse?
──────────────────────────────────────────────────────────────────
  uniform            10000      10.070     48.6%    top=21.4%
  random_init        10000       9.309     47.8%    top=20.7%
  always_raise       10000       3.017     33.0%    top=24.0%
  always_call        10000       1.703     45.9%    top=20.8%
  pair_all_in        10000      -0.079     85.5%    top=20.0%
──────────────────────────────────────────────────────────────────
  action mix (vs uniform):  F=18.7%  C=21.4%  R0=6.6%  R1=6.0%  R2=6.3%  R3=5.5%  R4=6.6%  R5=5.2%  R6=4.6%  R7=4.2%  R8=3.7%  R9=3.3%  R10=2.8%  AI=5.0%
  action mix (vs pair_all_in):  F=20.0%  C=14.9%  R0=1.3%  R1=1.1%  R2=7.7%  R3=7.2%  R4=8.2%  R5=7.0%  R6=6.4%  R7=6.9%  R8=6.4%  R9=5.5%  R10=5.4%  AI=1.9%

update=3250  step=159793152  pg=-0.0149  vf=4.4733  H=1.8237  kl=0.0025  clip=0.1379  ev=0.5073  lr=0.000220
[update 3250]  rollout=584.4ms  update=359.2ms  pool=20/20
update=3260  step=160284672  pg=-0.0156  vf=4.4674  H=1.8184  kl=0.0026  clip=0.1447  ev=0.5175  lr=0.000220
[update 3260]  rollout=652.8ms  update=346.9ms  pool=20/20
update=3270  step=160776192  pg=-0.0158  vf=4.3778  H=1.8160  kl=0.0026  clip=0.1414  ev=0.5141  lr=0.000220
[update 3270]  rollout=586.9ms  update=331.8ms  pool=20/20
update=3280  step=161267712  pg=-0.0155  vf=4.2708  H=1.8293  kl=0.0026  clip=0.1417  ev=0.5151  lr=0.000219
[update 3280]  rollout=570.1ms  update=321.2ms  pool=20/20
update=3290  step=161759232  pg=-0.0151  vf=4.2637  H=1.8359  kl=0.0027  clip=0.1455  ev=0.5185  lr=0.000219
[update 3290]  rollout=551.7ms  update=326.8ms  pool=20/20

[league eval @ update 3299  duration=10404.9ms]
──────────────────────────────────────────────────────────────────
  vs anchor          hands     bb/hand     win%     mode-collapse?
──────────────────────────────────────────────────────────────────
  uniform            10000       9.557     48.3%    top=20.8%
  random_init        10000       9.532     47.7%    top=20.4%
  always_raise       10000       2.906     31.9%    top=22.6%
  always_call        10000       2.137     47.3%    top=19.0%
  pair_all_in        10000       0.005     86.4%    top=19.1%
──────────────────────────────────────────────────────────────────
  action mix (vs uniform):  F=19.0%  C=20.8%  R0=6.7%  R1=5.7%  R2=6.9%  R3=6.1%  R4=5.8%  R5=5.2%  R6=4.8%  R7=4.3%  R8=3.2%  R9=3.4%  R10=2.8%  AI=5.2%
  action mix (vs pair_all_in):  F=19.1%  C=14.6%  R0=1.2%  R1=1.0%  R2=9.1%  R3=7.6%  R4=8.3%  R5=6.5%  R6=6.7%  R7=7.8%  R8=6.1%  R9=5.5%  R10=4.7%  AI=1.8%

update=3300  step=162250752  pg=-0.0157  vf=4.2521  H=1.8367  kl=0.0026  clip=0.1398  ev=0.5099  lr=0.000219
[update 3300]  rollout=584.4ms  update=365.4ms  pool=20/20
update=3310  step=162742272  pg=-0.0152  vf=3.9679  H=1.8417  kl=0.0025  clip=0.1335  ev=0.5258  lr=0.000219
[update 3310]  rollout=567.6ms  update=327.2ms  pool=20/20
update=3320  step=163233792  pg=-0.0148  vf=4.0385  H=1.8464  kl=0.0027  clip=0.1486  ev=0.5179  lr=0.000218
[update 3320]  rollout=569.4ms  update=324.8ms  pool=20/20
update=3330  step=163725312  pg=-0.0158  vf=4.0864  H=1.8307  kl=0.0027  clip=0.1507  ev=0.5261  lr=0.000218
[update 3330]  rollout=548.4ms  update=330.4ms  pool=20/20
update=3340  step=164216832  pg=-0.0158  vf=4.4160  H=1.8150  kl=0.0026  clip=0.1393  ev=0.5242  lr=0.000218
[update 3340]  rollout=547.2ms  update=325.5ms  pool=20/20

[league eval @ update 3349  duration=9934.43ms]
──────────────────────────────────────────────────────────────────
  vs anchor          hands     bb/hand     win%     mode-collapse?
──────────────────────────────────────────────────────────────────
  uniform            10000       9.731     47.2%    top=20.0%
  random_init        10000       9.535     47.1%    top=20.1%
  always_raise       10000       4.074     33.0%    top=23.9%
  always_call        10000       2.279     46.9%    top=19.2%
  pair_all_in        10000      -0.002     86.4%    top=18.8%
──────────────────────────────────────────────────────────────────
  action mix (vs uniform):  F=20.0%  C=19.9%  R0=5.9%  R1=4.8%  R2=6.9%  R3=6.1%  R4=5.5%  R5=5.5%  R6=4.7%  R7=4.9%  R8=4.3%  R9=3.5%  R10=2.8%  AI=5.2%
  action mix (vs pair_all_in):  F=18.8%  C=14.6%  R0=0.8%  R1=0.8%  R2=8.6%  R3=7.7%  R4=7.2%  R5=7.9%  R6=6.2%  R7=7.5%  R8=6.8%  R9=6.5%  R10=4.6%  AI=1.9%

update=3350  step=164708352  pg=-0.0153  vf=4.2461  H=1.8405  kl=0.0025  clip=0.1348  ev=0.5049  lr=0.000218
[update 3350]  rollout=628.0ms  update=350.7ms  pool=20/20
update=3360  step=165199872  pg=-0.0159  vf=4.2565  H=1.8174  kl=0.0026  clip=0.1404  ev=0.5442  lr=0.000217
[update 3360]  rollout=654.4ms  update=327.1ms  pool=20/20
update=3370  step=165691392  pg=-0.0161  vf=4.1129  H=1.8364  kl=0.0026  clip=0.1419  ev=0.5304  lr=0.000217
[update 3370]  rollout=605.2ms  update=326.3ms  pool=20/20
update=3380  step=166182912  pg=-0.0156  vf=4.0011  H=1.8507  kl=0.0027  clip=0.1397  ev=0.5092  lr=0.000217
[update 3380]  rollout=619.7ms  update=322.8ms  pool=20/20
update=3390  step=166674432  pg=-0.0163  vf=4.0298  H=1.8495  kl=0.0027  clip=0.1451  ev=0.5051  lr=0.000217
[update 3390]  rollout=570.4ms  update=330.5ms  pool=20/20

[league eval @ update 3399  duration=10176.6ms]
──────────────────────────────────────────────────────────────────
  vs anchor          hands     bb/hand     win%     mode-collapse?
──────────────────────────────────────────────────────────────────
  random_init        10000      10.338     48.9%    top=21.1%
  uniform            10000      10.276     49.0%    top=21.5%
  always_raise       10000       3.835     33.3%    top=24.3%
  always_call        10000       2.021     45.6%    top=20.2%
  pair_all_in        10000       0.014     86.1%    top=19.5%
──────────────────────────────────────────────────────────────────
  action mix (vs uniform):  F=18.5%  C=21.5%  R0=6.1%  R1=5.5%  R2=6.4%  R3=6.7%  R4=5.9%  R5=5.0%  R6=5.1%  R7=4.4%  R8=3.7%  R9=3.0%  R10=2.8%  AI=5.3%
  action mix (vs pair_all_in):  F=19.5%  C=14.4%  R0=1.0%  R1=1.2%  R2=7.6%  R3=8.2%  R4=7.9%  R5=6.3%  R6=7.5%  R7=7.8%  R8=6.3%  R9=5.3%  R10=5.2%  AI=1.7%

update=3400  step=167165952  pg=-0.0158  vf=4.1919  H=1.8404  kl=0.0027  clip=0.1454  ev=0.5170  lr=0.000216
[update 3400]  rollout=581.4ms  update=356.2ms  pool=20/20
update=3410  step=167657472  pg=-0.0152  vf=4.3763  H=1.8305  kl=0.0027  clip=0.1411  ev=0.5093  lr=0.000216
[update 3410]  rollout=575.4ms  update=331.5ms  pool=20/20
update=3420  step=168148992  pg=-0.0155  vf=4.1235  H=1.8397  kl=0.0028  clip=0.1490  ev=0.5202  lr=0.000216
[update 3420]  rollout=553.4ms  update=328.1ms  pool=20/20
update=3430  step=168640512  pg=-0.0155  vf=4.3486  H=1.8364  kl=0.0026  clip=0.1382  ev=0.5179  lr=0.000216
[update 3430]  rollout=554.2ms  update=326.1ms  pool=20/20
update=3440  step=169132032  pg=-0.0156  vf=3.7619  H=1.8570  kl=0.0027  clip=0.1403  ev=0.5148  lr=0.000215
[update 3440]  rollout=548.7ms  update=324.9ms  pool=20/20

[league eval @ update 3449  duration=9934.16ms]
──────────────────────────────────────────────────────────────────
  vs anchor          hands     bb/hand     win%     mode-collapse?
──────────────────────────────────────────────────────────────────
  uniform            10000       9.474     47.0%    top=20.6%
  random_init        10000       8.742     46.8%    top=21.2%
  always_raise       10000       3.791     32.1%    top=23.6%
  always_call        10000       3.536     46.6%    top=21.1%
  pair_all_in        10000       0.060     86.2%    top=19.6%
──────────────────────────────────────────────────────────────────
  action mix (vs uniform):  F=19.7%  C=20.6%  R0=6.4%  R1=5.7%  R2=6.6%  R3=6.3%  R4=6.0%  R5=5.3%  R6=4.6%  R7=4.3%  R8=3.8%  R9=3.1%  R10=2.7%  AI=4.9%
  action mix (vs pair_all_in):  F=19.6%  C=14.8%  R0=1.1%  R1=1.4%  R2=7.9%  R3=7.5%  R4=7.9%  R5=6.4%  R6=7.1%  R7=7.1%  R8=6.3%  R9=6.0%  R10=5.1%  AI=1.8%

update=3450  step=169623552  pg=-0.0153  vf=4.0785  H=1.8425  kl=0.0027  clip=0.1427  ev=0.5117  lr=0.000215
[update 3450]  rollout=605.5ms  update=365.7ms  pool=20/20
update=3460  step=170115072  pg=-0.0148  vf=4.2978  H=1.8438  kl=0.0027  clip=0.1397  ev=0.4978  lr=0.000215
[update 3460]  rollout=587.9ms  update=327.4ms  pool=20/20
update=3470  step=170606592  pg=-0.0157  vf=4.2335  H=1.8387  kl=0.0026  clip=0.1395  ev=0.5190  lr=0.000215
[update 3470]  rollout=558.8ms  update=328.1ms  pool=20/20
update=3480  step=171098112  pg=-0.0161  vf=4.0424  H=1.8310  kl=0.0027  clip=0.1474  ev=0.5343  lr=0.000214
[update 3480]  rollout=551.9ms  update=327.4ms  pool=20/20
update=3490  step=171589632  pg=-0.0163  vf=4.2191  H=1.8340  kl=0.0027  clip=0.1453  ev=0.5183  lr=0.000214
[update 3490]  rollout=685.0ms  update=329.1ms  pool=20/20

[league eval @ update 3499  duration=14452.1ms]
──────────────────────────────────────────────────────────────────
  vs anchor          hands     bb/hand     win%     mode-collapse?
──────────────────────────────────────────────────────────────────
  random_init        10000       9.583     47.6%    top=21.5%
  uniform            10000       9.547     47.5%    top=21.9%
  always_raise       10000       3.922     32.7%    top=23.3%
  always_call        10000       3.582     46.0%    top=23.2%
  pair_all_in        10000      -0.122     85.3%    top=19.6%
──────────────────────────────────────────────────────────────────
  action mix (vs uniform):  F=19.2%  C=21.9%  R0=6.4%  R1=6.2%  R2=6.8%  R3=5.5%  R4=5.9%  R5=5.1%  R6=4.3%  R7=4.2%  R8=3.5%  R9=3.2%  R10=2.7%  AI=5.0%
  action mix (vs pair_all_in):  F=19.6%  C=16.2%  R0=1.1%  R1=1.2%  R2=10.4%  R3=6.9%  R4=7.6%  R5=6.0%  R6=6.7%  R7=6.6%  R8=6.5%  R9=5.3%  R10=4.8%  AI=1.1%

update=3500  step=172081152  pg=-0.0155  vf=3.8096  H=1.8414  kl=0.0028  clip=0.1472  ev=0.5358  lr=0.000214
[update 3500]  rollout=585.1ms  update=369.0ms  pool=20/20
update=3510  step=172572672  pg=-0.0158  vf=4.2578  H=1.8319  kl=0.0026  clip=0.1381  ev=0.5139  lr=0.000214
[update 3510]  rollout=615.1ms  update=327.6ms  pool=20/20
update=3520  step=173064192  pg=-0.0155  vf=4.1611  H=1.8368  kl=0.0028  clip=0.1510  ev=0.5159  lr=0.000213
[update 3520]  rollout=564.5ms  update=327.7ms  pool=20/20
update=3530  step=173555712  pg=-0.0158  vf=4.0190  H=1.8407  kl=0.0027  clip=0.1452  ev=0.5159  lr=0.000213
[update 3530]  rollout=657.1ms  update=326.4ms  pool=20/20
update=3540  step=174047232  pg=-0.0155  vf=3.9131  H=1.8452  kl=0.0025  clip=0.1365  ev=0.5265  lr=0.000213
[update 3540]  rollout=597.9ms  update=329.8ms  pool=20/20

[league eval @ update 3549  duration=10929.3ms]
──────────────────────────────────────────────────────────────────
  vs anchor          hands     bb/hand     win%     mode-collapse?
──────────────────────────────────────────────────────────────────
  uniform            10000       9.802     48.0%    top=21.8%
  random_init        10000       9.358     47.5%    top=21.3%
  always_call        10000       3.278     46.4%    top=23.0%
  always_raise       10000       2.250     31.6%    top=23.8%
  pair_all_in        10000      -0.012     85.9%    top=19.1%
──────────────────────────────────────────────────────────────────
  action mix (vs uniform):  F=19.3%  C=21.8%  R0=6.4%  R1=5.6%  R2=7.0%  R3=5.9%  R4=5.8%  R5=4.7%  R6=4.5%  R7=4.0%  R8=4.0%  R9=3.4%  R10=3.0%  AI=4.7%
  action mix (vs pair_all_in):  F=19.1%  C=15.7%  R0=1.1%  R1=1.4%  R2=8.9%  R3=7.1%  R4=7.9%  R5=6.5%  R6=6.6%  R7=6.4%  R8=6.4%  R9=6.1%  R10=5.4%  AI=1.4%

update=3550  step=174538752  pg=-0.0154  vf=4.0504  H=1.8474  kl=0.0026  clip=0.1354  ev=0.5081  lr=0.000213
[update 3550]  rollout=631.3ms  update=367.6ms  pool=20/20
update=3560  step=175030272  pg=-0.0156  vf=4.0831  H=1.8380  kl=0.0027  clip=0.1435  ev=0.5275  lr=0.000213
[update 3560]  rollout=586.4ms  update=331.4ms  pool=20/20
update=3570  step=175521792  pg=-0.0149  vf=4.2930  H=1.8314  kl=0.0024  clip=0.1314  ev=0.5172  lr=0.000212
[update 3570]  rollout=551.5ms  update=329.7ms  pool=20/20
update=3580  step=176013312  pg=-0.0154  vf=4.0607  H=1.8445  kl=0.0027  clip=0.1428  ev=0.5255  lr=0.000212
[update 3580]  rollout=608.9ms  update=323.9ms  pool=20/20
update=3590  step=176504832  pg=-0.0153  vf=4.5463  H=1.8259  kl=0.0027  clip=0.1439  ev=0.5152  lr=0.000212
[update 3590]  rollout=585.6ms  update=326.3ms  pool=20/20

[league eval @ update 3599  duration=10967.5ms]
──────────────────────────────────────────────────────────────────
  vs anchor          hands     bb/hand     win%     mode-collapse?
──────────────────────────────────────────────────────────────────
  uniform            10000       9.692     46.9%    top=22.0%
  random_init        10000       9.170     46.6%    top=21.1%
  always_raise       10000       3.069     31.2%    top=22.8%
  always_call        10000       2.787     45.7%    top=20.9%
  pair_all_in        10000      -0.006     86.5%    top=18.7%
──────────────────────────────────────────────────────────────────
  action mix (vs uniform):  F=19.5%  C=22.0%  R0=7.0%  R1=5.4%  R2=6.8%  R3=5.3%  R4=6.1%  R5=5.5%  R6=5.0%  R7=4.2%  R8=2.7%  R9=3.4%  R10=2.6%  AI=4.5%
  action mix (vs pair_all_in):  F=18.7%  C=15.1%  R0=1.4%  R1=0.8%  R2=7.9%  R3=7.5%  R4=8.4%  R5=7.6%  R6=7.8%  R7=7.0%  R8=5.2%  R9=5.7%  R10=5.1%  AI=1.8%

update=3600  step=176996352  pg=-0.0155  vf=4.3172  H=1.8332  kl=0.0026  clip=0.1370  ev=0.5236  lr=0.000212
[update 3600]  rollout=628.2ms  update=338.1ms  pool=20/20
update=3610  step=177487872  pg=-0.0152  vf=4.3681  H=1.8364  kl=0.0026  clip=0.1402  ev=0.5178  lr=0.000211
[update 3610]  rollout=605.7ms  update=324.3ms  pool=20/20
update=3620  step=177979392  pg=-0.0154  vf=4.4813  H=1.8291  kl=0.0025  clip=0.1386  ev=0.5181  lr=0.000211
[update 3620]  rollout=566.5ms  update=330.9ms  pool=20/20
update=3630  step=178470912  pg=-0.0154  vf=4.1452  H=1.8387  kl=0.0026  clip=0.1430  ev=0.5256  lr=0.000211
[update 3630]  rollout=613.3ms  update=328.5ms  pool=20/20
update=3640  step=178962432  pg=-0.0158  vf=3.8609  H=1.8475  kl=0.0028  clip=0.1536  ev=0.5287  lr=0.000211
[update 3640]  rollout=565.1ms  update=324.7ms  pool=20/20

[league eval @ update 3649  duration=10052.1ms]
──────────────────────────────────────────────────────────────────
  vs anchor          hands     bb/hand     win%     mode-collapse?
──────────────────────────────────────────────────────────────────
  uniform            10000       9.858     48.4%    top=20.5%
  random_init        10000       9.750     47.4%    top=20.7%
  always_call        10000       3.062     46.4%    top=20.5%
  always_raise       10000       2.586     31.1%    top=23.6%
  pair_all_in        10000      -0.039     85.8%    top=19.6%
──────────────────────────────────────────────────────────────────
  action mix (vs uniform):  F=19.2%  C=20.5%  R0=6.7%  R1=5.5%  R2=6.9%  R3=6.7%  R4=5.5%  R5=5.2%  R6=4.5%  R7=4.8%  R8=3.2%  R9=2.9%  R10=3.1%  AI=5.3%
  action mix (vs pair_all_in):  F=19.6%  C=15.2%  R0=1.3%  R1=0.8%  R2=7.7%  R3=9.6%  R4=6.8%  R5=6.6%  R6=6.8%  R7=8.0%  R8=5.4%  R9=5.1%  R10=5.3%  AI=1.7%

update=3650  step=179453952  pg=-0.0156  vf=3.8755  H=1.8413  kl=0.0026  clip=0.1425  ev=0.5362  lr=0.000210
[update 3650]  rollout=592.6ms  update=348.0ms  pool=20/20
update=3660  step=179945472  pg=-0.0155  vf=4.0169  H=1.8344  kl=0.0026  clip=0.1420  ev=0.5311  lr=0.000210
[update 3660]  rollout=575.2ms  update=327.0ms  pool=20/20
update=3670  step=180436992  pg=-0.0148  vf=4.2270  H=1.8315  kl=0.0026  clip=0.1384  ev=0.5120  lr=0.000210
[update 3670]  rollout=586.2ms  update=324.4ms  pool=20/20
update=3680  step=180928512  pg=-0.0153  vf=4.4088  H=1.8282  kl=0.0026  clip=0.1364  ev=0.5169  lr=0.000210
[update 3680]  rollout=601.3ms  update=332.6ms  pool=20/20
update=3690  step=181420032  pg=-0.0152  vf=4.3231  H=1.8366  kl=0.0025  clip=0.1344  ev=0.5009  lr=0.000209
[update 3690]  rollout=592.1ms  update=328.9ms  pool=20/20

[league eval @ update 3699  duration=10159.2ms]
──────────────────────────────────────────────────────────────────
  vs anchor          hands     bb/hand     win%     mode-collapse?
──────────────────────────────────────────────────────────────────
  random_init        10000      10.062     48.1%    top=20.9%
  uniform            10000      10.030     47.7%    top=21.0%
  always_raise       10000       4.192     33.1%    top=23.5%
  always_call        10000       2.204     45.9%    top=22.0%
  pair_all_in        10000       0.072     85.8%    top=20.1%
──────────────────────────────────────────────────────────────────
  action mix (vs uniform):  F=19.2%  C=21.0%  R0=6.7%  R1=5.6%  R2=6.1%  R3=5.8%  R4=5.9%  R5=5.2%  R6=5.3%  R7=4.5%  R8=3.8%  R9=3.1%  R10=2.4%  AI=5.3%
  action mix (vs pair_all_in):  F=20.1%  C=13.9%  R0=0.9%  R1=0.8%  R2=7.3%  R3=8.3%  R4=7.5%  R5=6.9%  R6=8.2%  R7=7.6%  R8=6.5%  R9=5.7%  R10=4.7%  AI=1.7%

update=3700  step=181911552  pg=-0.0147  vf=4.2808  H=1.8232  kl=0.0026  clip=0.1406  ev=0.5095  lr=0.000209
[update 3700]  rollout=599.2ms  update=349.7ms  pool=20/20
update=3710  step=182403072  pg=-0.0153  vf=4.0249  H=1.8311  kl=0.0026  clip=0.1377  ev=0.5276  lr=0.000209
[update 3710]  rollout=557.5ms  update=327.5ms  pool=20/20
update=3720  step=182894592  pg=-0.0147  vf=4.0620  H=1.8518  kl=0.0028  clip=0.1491  ev=0.4971  lr=0.000209
[update 3720]  rollout=558.4ms  update=325.0ms  pool=20/20
update=3730  step=183386112  pg=-0.0152  vf=4.0246  H=1.8338  kl=0.0025  clip=0.1343  ev=0.5207  lr=0.000208
[update 3730]  rollout=553.0ms  update=326.7ms  pool=20/20
update=3740  step=183877632  pg=-0.0159  vf=3.7833  H=1.8439  kl=0.0027  clip=0.1428  ev=0.5409  lr=0.000208
[update 3740]  rollout=587.5ms  update=331.7ms  pool=20/20

[league eval @ update 3749  duration=10060.3ms]
──────────────────────────────────────────────────────────────────
  vs anchor          hands     bb/hand     win%     mode-collapse?
──────────────────────────────────────────────────────────────────
  uniform            10000       9.758     47.4%    top=20.2%
  random_init        10000       9.527     47.4%    top=20.1%
  always_raise       10000       2.929     32.5%    top=23.5%
  always_call        10000       2.326     46.0%    top=19.8%
  pair_all_in        10000       0.099     86.3%    top=19.3%
──────────────────────────────────────────────────────────────────
  action mix (vs uniform):  F=19.7%  C=20.2%  R0=6.7%  R1=5.8%  R2=6.5%  R3=6.0%  R4=6.1%  R5=4.9%  R6=4.8%  R7=4.2%  R8=3.8%  R9=3.6%  R10=2.5%  AI=5.3%
  action mix (vs pair_all_in):  F=19.3%  C=13.9%  R0=1.0%  R1=0.9%  R2=8.4%  R3=7.4%  R4=7.3%  R5=7.5%  R6=7.9%  R7=6.9%  R8=6.6%  R9=5.8%  R10=5.2%  AI=1.8%

[best-response eval @ update 3749  seeds=1  bb/hand max=1.996  mean=1.996  min=1.996  std=0.000  best-win%=44.7  duration=1041387ms]

update=3750  step=184369152  pg=-0.0154  vf=4.1547  H=1.8438  kl=0.0027  clip=0.1420  ev=0.5183  lr=0.000208
[update 3750]  rollout=579.7ms  update=359.2ms  pool=20/20
update=3760  step=184860672  pg=-0.0155  vf=4.1764  H=1.8294  kl=0.0025  clip=0.1379  ev=0.5255  lr=0.000208
[update 3760]  rollout=601.8ms  update=325.5ms  pool=20/20
update=3770  step=185352192  pg=-0.0146  vf=4.5201  H=1.8254  kl=0.0026  clip=0.1398  ev=0.5070  lr=0.000207
[update 3770]  rollout=562.4ms  update=335.2ms  pool=20/20
update=3780  step=185843712  pg=-0.0153  vf=4.1039  H=1.8374  kl=0.0027  clip=0.1427  ev=0.5309  lr=0.000207
[update 3780]  rollout=557.1ms  update=328.4ms  pool=20/20
update=3790  step=186335232  pg=-0.0148  vf=4.1747  H=1.8316  kl=0.0027  clip=0.1415  ev=0.5188  lr=0.000207
[update 3790]  rollout=535.3ms  update=326.6ms  pool=20/20

[league eval @ update 3799  duration=10183.8ms]
──────────────────────────────────────────────────────────────────
  vs anchor          hands     bb/hand     win%     mode-collapse?
──────────────────────────────────────────────────────────────────
  random_init        10000       9.931     48.2%    top=21.4%
  uniform            10000       9.543     47.4%    top=20.6%
  always_raise       10000       3.433     32.5%    top=23.7%
  always_call        10000       3.420     46.6%    top=18.7%
  pair_all_in        10000       0.019     85.7%    top=20.4%
──────────────────────────────────────────────────────────────────
  action mix (vs uniform):  F=19.4%  C=20.6%  R0=6.8%  R1=5.5%  R2=6.7%  R3=6.4%  R4=6.1%  R5=5.2%  R6=4.7%  R7=4.3%  R8=3.4%  R9=3.1%  R10=2.9%  AI=4.8%
  action mix (vs pair_all_in):  F=20.4%  C=12.9%  R0=0.9%  R1=0.9%  R2=7.5%  R3=8.4%  R4=8.3%  R5=7.7%  R6=7.1%  R7=7.5%  R8=5.7%  R9=5.6%  R10=5.5%  AI=1.3%

update=3800  step=186826752  pg=-0.0155  vf=4.3300  H=1.8221  kl=0.0027  clip=0.1415  ev=0.5192  lr=0.000207
[update 3800]  rollout=583.1ms  update=355.7ms  pool=20/20
update=3810  step=187318272  pg=-0.0157  vf=4.1234  H=1.8279  kl=0.0027  clip=0.1437  ev=0.5324  lr=0.000206
[update 3810]  rollout=587.0ms  update=330.1ms  pool=20/20
update=3820  step=187809792  pg=-0.0152  vf=4.1457  H=1.8277  kl=0.0026  clip=0.1433  ev=0.5200  lr=0.000206
[update 3820]  rollout=593.7ms  update=327.4ms  pool=20/20
update=3830  step=188301312  pg=-0.0158  vf=4.4033  H=1.8085  kl=0.0026  clip=0.1395  ev=0.5169  lr=0.000206
[update 3830]  rollout=613.1ms  update=331.9ms  pool=20/20
update=3840  step=188792832  pg=-0.0147  vf=4.1612  H=1.8248  kl=0.0025  clip=0.1376  ev=0.5304  lr=0.000206
[update 3840]  rollout=704.6ms  update=326.3ms  pool=20/20

[league eval @ update 3849  duration=16009.6ms]
──────────────────────────────────────────────────────────────────
  vs anchor          hands     bb/hand     win%     mode-collapse?
──────────────────────────────────────────────────────────────────
  uniform            10000      10.188     49.2%    top=21.1%
  random_init        10000       9.520     47.6%    top=21.2%
  always_raise       10000       3.580     34.0%    top=23.8%
  always_call        10000       2.118     45.5%    top=19.2%
  pair_all_in        10000      -0.003     85.8%    top=19.6%
──────────────────────────────────────────────────────────────────
  action mix (vs uniform):  F=18.7%  C=21.1%  R0=6.9%  R1=5.9%  R2=6.2%  R3=6.6%  R4=5.7%  R5=5.4%  R6=4.7%  R7=4.1%  R8=3.7%  R9=2.9%  R10=3.0%  AI=5.1%
  action mix (vs pair_all_in):  F=19.6%  C=14.9%  R0=0.7%  R1=1.3%  R2=7.3%  R3=8.1%  R4=8.0%  R5=7.2%  R6=7.0%  R7=6.0%  R8=7.1%  R9=5.4%  R10=5.8%  AI=1.5%

update=3850  step=189284352  pg=-0.0150  vf=4.4650  H=1.8036  kl=0.0024  clip=0.1263  ev=0.5292  lr=0.000205
[update 3850]  rollout=665.2ms  update=365.6ms  pool=20/20
update=3860  step=189775872  pg=-0.0149  vf=4.7744  H=1.8108  kl=0.0024  clip=0.1339  ev=0.4884  lr=0.000205
[update 3860]  rollout=629.1ms  update=325.8ms  pool=20/20
update=3870  step=190267392  pg=-0.0154  vf=4.5158  H=1.8020  kl=0.0025  clip=0.1362  ev=0.5285  lr=0.000205
[update 3870]  rollout=580.2ms  update=325.7ms  pool=20/20
update=3880  step=190758912  pg=-0.0141  vf=4.5532  H=1.8175  kl=0.0027  clip=0.1485  ev=0.5037  lr=0.000205
[update 3880]  rollout=608.5ms  update=333.2ms  pool=20/20
update=3890  step=191250432  pg=-0.0152  vf=4.5132  H=1.8182  kl=0.0025  clip=0.1337  ev=0.5324  lr=0.000204
[update 3890]  rollout=557.0ms  update=326.7ms  pool=20/20

[league eval @ update 3899  duration=10341.4ms]
──────────────────────────────────────────────────────────────────
  vs anchor          hands     bb/hand     win%     mode-collapse?
──────────────────────────────────────────────────────────────────
  random_init        10000       9.490     47.3%    top=20.9%
  uniform            10000       9.414     47.6%    top=20.7%
  always_raise       10000       3.339     32.1%    top=23.4%
  always_call        10000       3.136     46.4%    top=21.6%
  pair_all_in        10000      -0.089     85.5%    top=20.2%
──────────────────────────────────────────────────────────────────
  action mix (vs uniform):  F=19.5%  C=20.7%  R0=6.7%  R1=5.9%  R2=6.0%  R3=5.6%  R4=5.6%  R5=5.7%  R6=5.2%  R7=4.2%  R8=3.3%  R9=3.1%  R10=3.2%  AI=5.3%
  action mix (vs pair_all_in):  F=20.2%  C=14.3%  R0=1.0%  R1=1.2%  R2=7.8%  R3=7.4%  R4=7.1%  R5=7.5%  R6=7.5%  R7=6.8%  R8=6.0%  R9=5.7%  R10=5.9%  AI=1.5%

update=3900  step=191741952  pg=-0.0149  vf=4.3710  H=1.8213  kl=0.0026  clip=0.1408  ev=0.4995  lr=0.000204
[update 3900]  rollout=593.9ms  update=360.3ms  pool=20/20
update=3910  step=192233472  pg=-0.0152  vf=4.1276  H=1.8352  kl=0.0027  clip=0.1401  ev=0.5170  lr=0.000204
[update 3910]  rollout=584.8ms  update=329.4ms  pool=20/20
update=3920  step=192724992  pg=-0.0157  vf=4.0152  H=1.8356  kl=0.0027  clip=0.1444  ev=0.5181  lr=0.000204
[update 3920]  rollout=574.4ms  update=324.7ms  pool=20/20
update=3930  step=193216512  pg=-0.0150  vf=4.2529  H=1.8318  kl=0.0025  clip=0.1343  ev=0.5090  lr=0.000203
[update 3930]  rollout=609.5ms  update=324.0ms  pool=20/20
update=3940  step=193708032  pg=-0.0151  vf=3.9591  H=1.8467  kl=0.0026  clip=0.1380  ev=0.5159  lr=0.000203
[update 3940]  rollout=580.4ms  update=334.7ms  pool=20/20

[league eval @ update 3949  duration=11214.2ms]
──────────────────────────────────────────────────────────────────
  vs anchor          hands     bb/hand     win%     mode-collapse?
──────────────────────────────────────────────────────────────────
  random_init        10000       9.298     46.7%    top=20.9%
  uniform            10000       9.103     48.1%    top=20.9%
  always_raise       10000       3.442     32.2%    top=23.9%
  always_call        10000       2.950     45.7%    top=21.7%
  pair_all_in        10000       0.077     85.9%    top=19.7%
──────────────────────────────────────────────────────────────────
  action mix (vs uniform):  F=19.1%  C=20.9%  R0=6.1%  R1=5.8%  R2=6.3%  R3=6.3%  R4=5.8%  R5=5.1%  R6=4.9%  R7=4.1%  R8=3.8%  R9=3.5%  R10=3.1%  AI=5.1%
  action mix (vs pair_all_in):  F=19.7%  C=14.6%  R0=0.8%  R1=0.9%  R2=7.4%  R3=8.5%  R4=9.0%  R5=7.0%  R6=6.6%  R7=6.7%  R8=5.8%  R9=6.0%  R10=5.5%  AI=1.5%

update=3950  step=194199552  pg=-0.0154  vf=4.1975  H=1.8413  kl=0.0026  clip=0.1386  ev=0.5063  lr=0.000203
[update 3950]  rollout=595.3ms  update=349.2ms  pool=20/20
update=3960  step=194691072  pg=-0.0156  vf=4.0455  H=1.8323  kl=0.0027  clip=0.1428  ev=0.5278  lr=0.000203
[update 3960]  rollout=576.2ms  update=332.8ms  pool=20/20
update=3970  step=195182592  pg=-0.0149  vf=4.6412  H=1.8228  kl=0.0025  clip=0.1327  ev=0.5016  lr=0.000202
[update 3970]  rollout=600.1ms  update=326.6ms  pool=20/20
update=3980  step=195674112  pg=-0.0153  vf=4.6052  H=1.8317  kl=0.0025  clip=0.1341  ev=0.4918  lr=0.000202
[update 3980]  rollout=549.6ms  update=327.8ms  pool=20/20
update=3990  step=196165632  pg=-0.0153  vf=4.1330  H=1.8380  kl=0.0026  clip=0.1369  ev=0.5001  lr=0.000202
[update 3990]  rollout=557.4ms  update=325.3ms  pool=20/20

[league eval @ update 3999  duration=10043.9ms]
──────────────────────────────────────────────────────────────────
  vs anchor          hands     bb/hand     win%     mode-collapse?
──────────────────────────────────────────────────────────────────
  random_init        10000       9.457     48.6%    top=21.0%
  uniform            10000       9.390     47.7%    top=20.8%
  always_raise       10000       3.377     32.7%    top=24.2%
  always_call        10000       2.012     46.0%    top=19.8%
  pair_all_in        10000       0.030     85.3%    top=20.5%
──────────────────────────────────────────────────────────────────
  action mix (vs uniform):  F=19.6%  C=20.8%  R0=5.9%  R1=5.9%  R2=6.7%  R3=6.6%  R4=6.2%  R5=5.2%  R6=4.4%  R7=4.6%  R8=3.8%  R9=2.9%  R10=2.8%  AI=4.8%
  action mix (vs pair_all_in):  F=20.5%  C=14.6%  R0=0.6%  R1=1.1%  R2=8.0%  R3=8.8%  R4=7.7%  R5=7.0%  R6=6.2%  R7=6.2%  R8=6.6%  R9=6.0%  R10=5.1%  AI=1.8%

update=4000  step=196657152  pg=-0.0155  vf=4.5544  H=1.8215  kl=0.0025  clip=0.1312  ev=0.5075  lr=0.000202
[update 4000]  rollout=594.1ms  update=350.5ms  pool=20/20
update=4010  step=197148672  pg=-0.0147  vf=4.5734  H=1.8340  kl=0.0025  clip=0.1339  ev=0.4924  lr=0.000201
[update 4010]  rollout=558.9ms  update=326.8ms  pool=20/20
update=4020  step=197640192  pg=-0.0152  vf=4.1762  H=1.8368  kl=0.0025  clip=0.1365  ev=0.5080  lr=0.000201
[update 4020]  rollout=606.8ms  update=336.5ms  pool=20/20
update=4030  step=198131712  pg=-0.0152  vf=4.2975  H=1.8257  kl=0.0025  clip=0.1299  ev=0.5107  lr=0.000201
[update 4030]  rollout=558.9ms  update=329.8ms  pool=20/20
update=4040  step=198623232  pg=-0.0154  vf=4.2488  H=1.8276  kl=0.0025  clip=0.1325  ev=0.5083  lr=0.000201
[update 4040]  rollout=601.6ms  update=326.2ms  pool=20/20

[league eval @ update 4049  duration=10340.2ms]
──────────────────────────────────────────────────────────────────
  vs anchor          hands     bb/hand     win%     mode-collapse?
──────────────────────────────────────────────────────────────────
  random_init        10000       9.508     47.2%    top=20.3%
  uniform            10000       9.079     46.1%    top=20.5%
  always_raise       10000       3.288     32.6%    top=22.9%
  always_call        10000       3.197     46.5%    top=20.3%
  pair_all_in        10000       0.110     85.3%    top=21.5%
──────────────────────────────────────────────────────────────────
  action mix (vs uniform):  F=20.5%  C=19.6%  R0=6.1%  R1=5.6%  R2=6.7%  R3=6.6%  R4=6.2%  R5=5.2%  R6=5.0%  R7=4.2%  R8=3.8%  R9=2.6%  R10=2.9%  AI=4.9%
  action mix (vs pair_all_in):  F=21.5%  C=12.5%  R0=1.1%  R1=0.7%  R2=8.4%  R3=8.0%  R4=7.7%  R5=7.3%  R6=8.1%  R7=6.7%  R8=6.2%  R9=4.8%  R10=5.5%  AI=1.6%

update=4050  step=199114752  pg=-0.0151  vf=4.1605  H=1.8252  kl=0.0025  clip=0.1349  ev=0.5254  lr=0.000200
[update 4050]  rollout=606.3ms  update=357.9ms  pool=20/20
update=4060  step=199606272  pg=-0.0149  vf=4.0128  H=1.8346  kl=0.0026  clip=0.1402  ev=0.5217  lr=0.000200
[update 4060]  rollout=561.6ms  update=325.6ms  pool=20/20
update=4070  step=200097792  pg=-0.0145  vf=4.2082  H=1.8361  kl=0.0026  clip=0.1417  ev=0.4947  lr=0.000200
[update 4070]  rollout=560.7ms  update=325.5ms  pool=20/20
update=4080  step=200589312  pg=-0.0157  vf=4.1304  H=1.8328  kl=0.0026  clip=0.1378  ev=0.5055  lr=0.000200
[update 4080]  rollout=584.3ms  update=335.5ms  pool=20/20
update=4090  step=201080832  pg=-0.0149  vf=4.4681  H=1.8228  kl=0.0025  clip=0.1321  ev=0.5046  lr=0.000199
[update 4090]  rollout=599.0ms  update=326.4ms  pool=20/20

[league eval @ update 4099  duration=10003.6ms]
──────────────────────────────────────────────────────────────────
  vs anchor          hands     bb/hand     win%     mode-collapse?
──────────────────────────────────────────────────────────────────
  random_init        10000       9.889     48.3%    top=21.0%
  uniform            10000       9.304     46.9%    top=20.8%
  always_raise       10000       3.825     32.8%    top=23.5%
  always_call        10000       1.670     45.1%    top=19.0%
  pair_all_in        10000      -0.064     86.2%    top=19.3%
──────────────────────────────────────────────────────────────────
  action mix (vs uniform):  F=19.6%  C=20.8%  R0=6.1%  R1=5.6%  R2=6.8%  R3=7.2%  R4=5.7%  R5=5.1%  R6=3.9%  R7=4.6%  R8=3.9%  R9=2.9%  R10=2.8%  AI=4.9%
  action mix (vs pair_all_in):  F=19.3%  C=13.5%  R0=0.9%  R1=0.9%  R2=7.9%  R3=8.5%  R4=7.9%  R5=7.2%  R6=6.7%  R7=7.2%  R8=7.2%  R9=5.6%  R10=6.0%  AI=1.3%

update=4100  step=201572352  pg=-0.0147  vf=4.6577  H=1.8102  kl=0.0024  clip=0.1266  ev=0.4964  lr=0.000199
[update 4100]  rollout=595.8ms  update=351.3ms  pool=20/20
update=4110  step=202063872  pg=-0.0153  vf=4.4290  H=1.8297  kl=0.0024  clip=0.1261  ev=0.4939  lr=0.000199
[update 4110]  rollout=556.8ms  update=328.5ms  pool=20/20
update=4120  step=202555392  pg=-0.0154  vf=4.1530  H=1.8290  kl=0.0024  clip=0.1308  ev=0.5058  lr=0.000199
[update 4120]  rollout=553.2ms  update=326.2ms  pool=20/20
update=4130  step=203046912  pg=-0.0147  vf=3.8641  H=1.8300  kl=0.0025  clip=0.1347  ev=0.5240  lr=0.000199
[update 4130]  rollout=612.4ms  update=329.2ms  pool=20/20
update=4140  step=203538432  pg=-0.0146  vf=4.0669  H=1.8356  kl=0.0024  clip=0.1334  ev=0.5187  lr=0.000198
[update 4140]  rollout=595.3ms  update=335.2ms  pool=20/20

[league eval @ update 4149  duration=15284.2ms]
──────────────────────────────────────────────────────────────────
  vs anchor          hands     bb/hand     win%     mode-collapse?
──────────────────────────────────────────────────────────────────
  random_init        10000       9.686     47.2%    top=20.2%
  uniform            10000       9.379     46.0%    top=20.4%
  always_raise       10000       2.838     31.8%    top=23.1%
  always_call        10000       2.478     45.2%    top=20.2%
  pair_all_in        10000      -0.000     84.7%    top=21.6%
──────────────────────────────────────────────────────────────────
  action mix (vs uniform):  F=20.4%  C=20.2%  R0=6.6%  R1=5.2%  R2=6.9%  R3=6.8%  R4=5.6%  R5=5.4%  R6=4.6%  R7=4.5%  R8=3.4%  R9=2.8%  R10=2.8%  AI=4.8%
  action mix (vs pair_all_in):  F=21.6%  C=13.8%  R0=1.2%  R1=0.8%  R2=7.8%  R3=8.3%  R4=7.4%  R5=7.4%  R6=6.5%  R7=6.6%  R8=7.0%  R9=5.3%  R10=4.7%  AI=1.5%

update=4150  step=204029952  pg=-0.0151  vf=3.9903  H=1.8373  kl=0.0025  clip=0.1354  ev=0.5201  lr=0.000198
[update 4150]  rollout=607.7ms  update=347.6ms  pool=20/20
update=4160  step=204521472  pg=-0.0146  vf=4.0644  H=1.8325  kl=0.0026  clip=0.1411  ev=0.5174  lr=0.000198
[update 4160]  rollout=579.2ms  update=330.8ms  pool=20/20
update=4170  step=205012992  pg=-0.0147  vf=4.2127  H=1.8280  kl=0.0024  clip=0.1272  ev=0.4905  lr=0.000198
[update 4170]  rollout=596.9ms  update=325.9ms  pool=20/20
update=4180  step=205504512  pg=-0.0151  vf=3.9572  H=1.8325  kl=0.0025  clip=0.1353  ev=0.5279  lr=0.000197
[update 4180]  rollout=605.0ms  update=327.6ms  pool=20/20
update=4190  step=205996032  pg=-0.0148  vf=4.3109  H=1.8216  kl=0.0025  clip=0.1342  ev=0.5092  lr=0.000197
[update 4190]  rollout=594.1ms  update=334.4ms  pool=20/20

[league eval @ update 4199  duration=11879.9ms]
──────────────────────────────────────────────────────────────────
  vs anchor          hands     bb/hand     win%     mode-collapse?
──────────────────────────────────────────────────────────────────
  random_init        10000       9.867     46.8%    top=20.6%
  uniform            10000       9.430     47.0%    top=20.4%
  always_raise       10000       3.727     32.5%    top=24.1%
  always_call        10000       2.660     45.6%    top=22.0%
  pair_all_in        10000       0.078     85.9%    top=20.3%
──────────────────────────────────────────────────────────────────
  action mix (vs uniform):  F=20.2%  C=20.4%  R0=7.1%  R1=5.5%  R2=6.6%  R3=6.3%  R4=5.4%  R5=5.2%  R6=5.2%  R7=3.5%  R8=3.8%  R9=3.3%  R10=2.9%  AI=4.8%
  action mix (vs pair_all_in):  F=20.3%  C=14.9%  R0=1.2%  R1=1.1%  R2=7.8%  R3=8.7%  R4=6.7%  R5=6.4%  R6=7.3%  R7=5.5%  R8=6.8%  R9=6.5%  R10=5.5%  AI=1.5%

update=4200  step=206487552  pg=-0.0154  vf=4.0103  H=1.8264  kl=0.0025  clip=0.1324  ev=0.5267  lr=0.000197
[update 4200]  rollout=592.7ms  update=357.3ms  pool=20/20
update=4210  step=206979072  pg=-0.0151  vf=4.3661  H=1.8244  kl=0.0025  clip=0.1317  ev=0.5015  lr=0.000197
[update 4210]  rollout=569.6ms  update=326.8ms  pool=20/20
update=4220  step=207470592  pg=-0.0153  vf=3.9825  H=1.8327  kl=0.0026  clip=0.1362  ev=0.5270  lr=0.000196
[update 4220]  rollout=564.0ms  update=328.0ms  pool=20/20
update=4230  step=207962112  pg=-0.0153  vf=4.4920  H=1.8242  kl=0.0025  clip=0.1341  ev=0.5093  lr=0.000196
[update 4230]  rollout=586.8ms  update=327.6ms  pool=20/20
update=4240  step=208453632  pg=-0.0151  vf=4.0519  H=1.8308  kl=0.0025  clip=0.1354  ev=0.5313  lr=0.000196
[update 4240]  rollout=608.9ms  update=324.5ms  pool=20/20

[league eval @ update 4249  duration=10270.8ms]
──────────────────────────────────────────────────────────────────
  vs anchor          hands     bb/hand     win%     mode-collapse?
──────────────────────────────────────────────────────────────────
  uniform            10000      10.203     47.3%    top=20.8%
  random_init        10000       9.504     47.2%    top=20.4%
  always_raise       10000       4.887     33.7%    top=23.5%
  always_call        10000       3.447     46.9%    top=20.2%
  pair_all_in        10000       0.069     86.0%    top=20.1%
──────────────────────────────────────────────────────────────────
  action mix (vs uniform):  F=19.8%  C=20.8%  R0=6.3%  R1=5.5%  R2=6.1%  R3=7.0%  R4=5.5%  R5=5.2%  R6=5.5%  R7=4.5%  R8=3.4%  R9=2.9%  R10=2.7%  AI=4.9%
  action mix (vs pair_all_in):  F=20.1%  C=13.8%  R0=1.2%  R1=1.0%  R2=7.5%  R3=9.3%  R4=7.0%  R5=7.1%  R6=7.5%  R7=7.1%  R8=6.2%  R9=5.9%  R10=4.7%  AI=1.5%

update=4250  step=208945152  pg=-0.0159  vf=4.1185  H=1.8377  kl=0.0024  clip=0.1268  ev=0.5094  lr=0.000196
[update 4250]  rollout=594.5ms  update=356.8ms  pool=20/20
update=4260  step=209436672  pg=-0.0149  vf=4.2089  H=1.8293  kl=0.0024  clip=0.1282  ev=0.5041  lr=0.000195
[update 4260]  rollout=598.8ms  update=325.4ms  pool=20/20
update=4270  step=209928192  pg=-0.0158  vf=4.0157  H=1.8281  kl=0.0025  clip=0.1323  ev=0.5445  lr=0.000195
[update 4270]  rollout=564.1ms  update=324.8ms  pool=20/20
update=4280  step=210419712  pg=-0.0158  vf=4.2077  H=1.8274  kl=0.0024  clip=0.1241  ev=0.5102  lr=0.000195
[update 4280]  rollout=565.6ms  update=327.2ms  pool=20/20
update=4290  step=210911232  pg=-0.0145  vf=4.3488  H=1.8248  kl=0.0025  clip=0.1329  ev=0.4968  lr=0.000195
[update 4290]  rollout=539.5ms  update=325.6ms  pool=20/20

[league eval @ update 4299  duration=10399.2ms]
──────────────────────────────────────────────────────────────────
  vs anchor          hands     bb/hand     win%     mode-collapse?
──────────────────────────────────────────────────────────────────
  uniform            10000       9.908     48.0%    top=21.2%
  random_init        10000       9.809     47.9%    top=20.9%
  always_raise       10000       3.085     32.7%    top=23.7%
  always_call        10000       2.533     46.6%    top=19.1%
  pair_all_in        10000       0.146     86.1%    top=19.6%
──────────────────────────────────────────────────────────────────
  action mix (vs uniform):  F=19.2%  C=21.2%  R0=6.7%  R1=5.9%  R2=6.3%  R3=6.6%  R4=5.3%  R5=5.8%  R6=4.8%  R7=4.0%  R8=3.6%  R9=3.2%  R10=2.8%  AI=4.5%
  action mix (vs pair_all_in):  F=19.6%  C=14.8%  R0=1.2%  R1=1.0%  R2=7.9%  R3=7.7%  R4=8.0%  R5=7.9%  R6=7.6%  R7=5.4%  R8=6.0%  R9=6.2%  R10=5.3%  AI=1.3%

update=4300  step=211402752  pg=-0.0154  vf=4.1581  H=1.8318  kl=0.0024  clip=0.1271  ev=0.5099  lr=0.000194
[update 4300]  rollout=593.5ms  update=363.2ms  pool=20/20
update=4310  step=211894272  pg=-0.0151  vf=4.3904  H=1.8190  kl=0.0023  clip=0.1227  ev=0.5182  lr=0.000194
[update 4310]  rollout=569.3ms  update=329.0ms  pool=20/20
update=4320  step=212385792  pg=-0.0157  vf=4.1597  H=1.8272  kl=0.0025  clip=0.1298  ev=0.5276  lr=0.000194
[update 4320]  rollout=552.6ms  update=324.5ms  pool=20/20
update=4330  step=212877312  pg=-0.0155  vf=4.1289  H=1.8153  kl=0.0025  clip=0.1352  ev=0.5417  lr=0.000194
[update 4330]  rollout=549.3ms  update=327.5ms  pool=20/20
update=4340  step=213368832  pg=-0.0156  vf=4.0356  H=1.8356  kl=0.0026  clip=0.1343  ev=0.5224  lr=0.000193
[update 4340]  rollout=576.4ms  update=330.3ms  pool=20/20

[league eval @ update 4349  duration=10212.2ms]
──────────────────────────────────────────────────────────────────
  vs anchor          hands     bb/hand     win%     mode-collapse?
──────────────────────────────────────────────────────────────────
  uniform            10000      10.097     48.5%    top=20.8%
  random_init        10000       9.906     48.4%    top=21.1%
  always_call        10000       2.968     46.1%    top=20.6%
  always_raise       10000       2.663     32.6%    top=23.5%
  pair_all_in        10000       0.036     86.1%    top=19.2%
──────────────────────────────────────────────────────────────────
  action mix (vs uniform):  F=18.9%  C=20.8%  R0=7.3%  R1=6.1%  R2=6.5%  R3=5.9%  R4=6.2%  R5=5.3%  R6=4.6%  R7=4.0%  R8=3.4%  R9=3.1%  R10=2.9%  AI=4.9%
  action mix (vs pair_all_in):  F=19.2%  C=15.5%  R0=1.2%  R1=1.2%  R2=7.8%  R3=8.3%  R4=8.0%  R5=7.5%  R6=7.3%  R7=5.5%  R8=5.9%  R9=5.5%  R10=5.3%  AI=1.7%

update=4350  step=213860352  pg=-0.0159  vf=4.0125  H=1.8414  kl=0.0025  clip=0.1290  ev=0.5168  lr=0.000193
[update 4350]  rollout=578.4ms  update=350.3ms  pool=20/20
update=4360  step=214351872  pg=-0.0156  vf=4.0990  H=1.8228  kl=0.0026  clip=0.1343  ev=0.5504  lr=0.000193
[update 4360]  rollout=574.1ms  update=331.2ms  pool=20/20
update=4370  step=214843392  pg=-0.0153  vf=4.0683  H=1.8370  kl=0.0025  clip=0.1304  ev=0.5184  lr=0.000193
[update 4370]  rollout=558.2ms  update=327.7ms  pool=20/20
update=4380  step=215334912  pg=-0.0151  vf=4.1303  H=1.8372  kl=0.0024  clip=0.1251  ev=0.5181  lr=0.000192
[update 4380]  rollout=560.5ms  update=326.6ms  pool=20/20
update=4390  step=215826432  pg=-0.0145  vf=4.0844  H=1.8350  kl=0.0024  clip=0.1269  ev=0.5236  lr=0.000192
[update 4390]  rollout=565.1ms  update=325.1ms  pool=20/20

[league eval @ update 4399  duration=10138.3ms]
──────────────────────────────────────────────────────────────────
  vs anchor          hands     bb/hand     win%     mode-collapse?
──────────────────────────────────────────────────────────────────
  random_init        10000       9.568     46.7%    top=20.6%
  uniform            10000       9.503     46.8%    top=20.5%
  always_raise       10000       3.729     32.6%    top=23.2%
  always_call        10000       2.284     45.6%    top=19.7%
  pair_all_in        10000       0.002     85.4%    top=20.9%
──────────────────────────────────────────────────────────────────
  action mix (vs uniform):  F=20.1%  C=20.5%  R0=6.7%  R1=5.1%  R2=6.7%  R3=6.2%  R4=5.5%  R5=5.5%  R6=4.7%  R7=4.2%  R8=3.8%  R9=3.3%  R10=2.7%  AI=5.0%
  action mix (vs pair_all_in):  F=20.9%  C=13.3%  R0=0.9%  R1=1.0%  R2=8.9%  R3=7.9%  R4=6.9%  R5=6.5%  R6=7.4%  R7=6.4%  R8=6.1%  R9=6.3%  R10=5.6%  AI=1.8%

update=4400  step=216317952  pg=-0.0150  vf=4.1546  H=1.8330  kl=0.0023  clip=0.1237  ev=0.5162  lr=0.000192
[update 4400]  rollout=580.4ms  update=344.2ms  pool=20/20
update=4410  step=216809472  pg=-0.0146  vf=4.2935  H=1.8317  kl=0.0025  clip=0.1379  ev=0.4948  lr=0.000192
[update 4410]  rollout=571.6ms  update=327.7ms  pool=20/20
update=4420  step=217300992  pg=-0.0152  vf=4.3295  H=1.8336  kl=0.0024  clip=0.1296  ev=0.4935  lr=0.000191
[update 4420]  rollout=552.5ms  update=330.3ms  pool=20/20
update=4430  step=217792512  pg=-0.0148  vf=4.2913  H=1.8286  kl=0.0025  clip=0.1293  ev=0.5167  lr=0.000191
[update 4430]  rollout=555.1ms  update=329.2ms  pool=20/20
update=4440  step=218284032  pg=-0.0141  vf=4.3212  H=1.8346  kl=0.0023  clip=0.1237  ev=0.5061  lr=0.000191
[update 4440]  rollout=559.4ms  update=326.1ms  pool=20/20

[league eval @ update 4449  duration=15273ms]
──────────────────────────────────────────────────────────────────
  vs anchor          hands     bb/hand     win%     mode-collapse?
──────────────────────────────────────────────────────────────────
  random_init        10000      10.061     48.9%    top=20.9%
  uniform            10000       9.787     48.6%    top=20.5%
  always_raise       10000       3.216     32.8%    top=23.4%
  always_call        10000       2.117     45.8%    top=20.1%
  pair_all_in        10000       0.076     85.5%    top=20.6%
──────────────────────────────────────────────────────────────────
  action mix (vs uniform):  F=19.0%  C=20.5%  R0=6.2%  R1=5.6%  R2=6.8%  R3=6.3%  R4=5.8%  R5=5.1%  R6=4.8%  R7=4.6%  R8=4.4%  R9=3.4%  R10=2.6%  AI=5.0%
  action mix (vs pair_all_in):  F=20.6%  C=13.7%  R0=0.8%  R1=1.0%  R2=8.9%  R3=7.7%  R4=6.6%  R5=7.2%  R6=7.0%  R7=6.6%  R8=7.3%  R9=6.3%  R10=4.4%  AI=1.8%

update=4450  step=218775552  pg=-0.0148  vf=4.3810  H=1.8292  kl=0.0025  clip=0.1304  ev=0.5043  lr=0.000191
[update 4450]  rollout=666.8ms  update=351.4ms  pool=20/20
update=4460  step=219267072  pg=-0.0152  vf=4.4166  H=1.8298  kl=0.0025  clip=0.1345  ev=0.4963  lr=0.000190
[update 4460]  rollout=599.4ms  update=324.5ms  pool=20/20
update=4470  step=219758592  pg=-0.0151  vf=4.1314  H=1.8417  kl=0.0024  clip=0.1256  ev=0.5060  lr=0.000190
[update 4470]  rollout=547.0ms  update=324.1ms  pool=20/20
update=4480  step=220250112  pg=-0.0159  vf=4.0621  H=1.8388  kl=0.0025  clip=0.1319  ev=0.5067  lr=0.000190
[update 4480]  rollout=594.1ms  update=329.5ms  pool=20/20
update=4490  step=220741632  pg=-0.0147  vf=4.0584  H=1.8288  kl=0.0025  clip=0.1326  ev=0.5152  lr=0.000190
[update 4490]  rollout=595.5ms  update=331.5ms  pool=20/20

[league eval @ update 4499  duration=15748.8ms]
──────────────────────────────────────────────────────────────────
  vs anchor          hands     bb/hand     win%     mode-collapse?
──────────────────────────────────────────────────────────────────
  random_init        10000       9.364     47.9%    top=21.1%
  uniform            10000       9.109     46.9%    top=20.5%
  always_raise       10000       2.908     32.7%    top=24.1%
  always_call        10000       2.467     45.8%    top=20.2%
  pair_all_in        10000       0.006     85.5%    top=20.1%
──────────────────────────────────────────────────────────────────
  action mix (vs uniform):  F=19.7%  C=20.5%  R0=5.5%  R1=5.8%  R2=6.4%  R3=6.5%  R4=6.5%  R5=5.3%  R6=4.7%  R7=4.7%  R8=3.5%  R9=3.2%  R10=2.7%  AI=4.9%
  action mix (vs pair_all_in):  F=20.1%  C=14.1%  R0=0.7%  R1=0.8%  R2=8.3%  R3=7.7%  R4=7.8%  R5=8.4%  R6=6.4%  R7=6.9%  R8=6.2%  R9=5.2%  R10=5.7%  AI=1.6%

[best-response eval @ update 4499  seeds=1  bb/hand max=0.819  mean=0.819  min=0.819  std=0.000  best-win%=49.8  duration=1028344ms]

update=4500  step=221233152  pg=-0.0151  vf=4.2686  H=1.8184  kl=0.0024  clip=0.1268  ev=0.5230  lr=0.000189
[update 4500]  rollout=581.7ms  update=365.4ms  pool=20/20
update=4510  step=221724672  pg=-0.0150  vf=4.6454  H=1.8161  kl=0.0024  clip=0.1284  ev=0.5044  lr=0.000189
[update 4510]  rollout=599.9ms  update=327.6ms  pool=20/20
update=4520  step=222216192  pg=-0.0142  vf=4.2385  H=1.8287  kl=0.0024  clip=0.1306  ev=0.5106  lr=0.000189
[update 4520]  rollout=575.0ms  update=328.3ms  pool=20/20
update=4530  step=222707712  pg=-0.0150  vf=4.1558  H=1.8435  kl=0.0026  clip=0.1346  ev=0.4998  lr=0.000189
[update 4530]  rollout=587.8ms  update=330.7ms  pool=20/20
update=4540  step=223199232  pg=-0.0148  vf=4.1366  H=1.8275  kl=0.0023  clip=0.1233  ev=0.5122  lr=0.000188
[update 4540]  rollout=579.9ms  update=326.4ms  pool=20/20

[league eval @ update 4549  duration=10355.4ms]
──────────────────────────────────────────────────────────────────
  vs anchor          hands     bb/hand     win%     mode-collapse?
──────────────────────────────────────────────────────────────────
  uniform            10000       9.351     47.3%    top=20.8%
  random_init        10000       9.264     47.3%    top=20.3%
  always_raise       10000       3.971     33.3%    top=22.4%
  always_call        10000       3.544     46.9%    top=19.0%
  pair_all_in        10000       0.045     86.6%    top=18.9%
──────────────────────────────────────────────────────────────────
  action mix (vs uniform):  F=19.5%  C=20.8%  R0=6.2%  R1=5.8%  R2=6.9%  R3=5.9%  R4=5.8%  R5=4.7%  R6=5.4%  R7=4.7%  R8=4.1%  R9=2.9%  R10=2.5%  AI=4.9%
  action mix (vs pair_all_in):  F=18.9%  C=13.8%  R0=0.9%  R1=1.0%  R2=8.5%  R3=8.3%  R4=7.7%  R5=7.1%  R6=8.5%  R7=7.3%  R8=6.8%  R9=5.5%  R10=4.1%  AI=1.6%

update=4550  step=223690752  pg=-0.0153  vf=4.0937  H=1.8287  kl=0.0024  clip=0.1292  ev=0.5143  lr=0.000188
[update 4550]  rollout=597.9ms  update=364.7ms  pool=20/20
update=4560  step=224182272  pg=-0.0152  vf=3.9324  H=1.8230  kl=0.0025  clip=0.1273  ev=0.5454  lr=0.000188
[update 4560]  rollout=562.4ms  update=326.7ms  pool=20/20
update=4570  step=224673792  pg=-0.0147  vf=4.1157  H=1.8372  kl=0.0025  clip=0.1367  ev=0.5101  lr=0.000188
[update 4570]  rollout=539.0ms  update=326.0ms  pool=20/20
update=4580  step=225165312  pg=-0.0144  vf=4.5795  H=1.8325  kl=0.0024  clip=0.1230  ev=0.4933  lr=0.000187
[update 4580]  rollout=543.1ms  update=327.4ms  pool=20/20
update=4590  step=225656832  pg=-0.0145  vf=4.0940  H=1.8252  kl=0.0023  clip=0.1253  ev=0.5279  lr=0.000187
[update 4590]  rollout=631.3ms  update=328.4ms  pool=20/20

[league eval @ update 4599  duration=10306.1ms]
──────────────────────────────────────────────────────────────────
  vs anchor          hands     bb/hand     win%     mode-collapse?
──────────────────────────────────────────────────────────────────
  uniform            10000       9.953     47.8%    top=20.9%
  random_init        10000       9.692     47.0%    top=20.6%
  always_raise       10000       3.523     32.7%    top=23.9%
  always_call        10000       2.597     46.3%    top=18.3%
  pair_all_in        10000       0.097     86.5%    top=18.9%
──────────────────────────────────────────────────────────────────
  action mix (vs uniform):  F=19.4%  C=20.9%  R0=6.3%  R1=5.7%  R2=6.3%  R3=5.6%  R4=5.9%  R5=5.3%  R6=4.9%  R7=4.1%  R8=4.1%  R9=3.5%  R10=3.1%  AI=4.8%
  action mix (vs pair_all_in):  F=18.9%  C=14.5%  R0=1.1%  R1=0.7%  R2=7.8%  R3=6.8%  R4=8.0%  R5=7.5%  R6=7.7%  R7=6.5%  R8=7.7%  R9=5.8%  R10=5.7%  AI=1.3%

update=4600  step=226148352  pg=-0.0155  vf=4.1286  H=1.8231  kl=0.0025  clip=0.1296  ev=0.5269  lr=0.000187
[update 4600]  rollout=591.9ms  update=340.7ms  pool=20/20
update=4610  step=226639872  pg=-0.0143  vf=4.1294  H=1.8290  kl=0.0024  clip=0.1293  ev=0.5185  lr=0.000187
[update 4610]  rollout=551.3ms  update=330.9ms  pool=20/20
update=4620  step=227131392  pg=-0.0150  vf=4.0577  H=1.8381  kl=0.0025  clip=0.1350  ev=0.5168  lr=0.000186
[update 4620]  rollout=598.5ms  update=328.8ms  pool=20/20
update=4630  step=227622912  pg=-0.0152  vf=4.0292  H=1.8387  kl=0.0024  clip=0.1263  ev=0.5168  lr=0.000186
[update 4630]  rollout=583.6ms  update=325.1ms  pool=20/20
update=4640  step=228114432  pg=-0.0156  vf=3.9051  H=1.8293  kl=0.0026  clip=0.1325  ev=0.5249  lr=0.000186
[update 4640]  rollout=560.7ms  update=328.0ms  pool=20/20

[league eval @ update 4649  duration=10105.4ms]
──────────────────────────────────────────────────────────────────
  vs anchor          hands     bb/hand     win%     mode-collapse?
──────────────────────────────────────────────────────────────────
  uniform            10000       9.737     47.1%    top=20.8%
  random_init        10000       9.500     47.4%    top=20.6%
  always_call        10000       3.369     46.9%    top=21.2%
  always_raise       10000       2.824     31.6%    top=23.3%
  pair_all_in        10000       0.037     85.7%    top=19.7%
──────────────────────────────────────────────────────────────────
  action mix (vs uniform):  F=20.1%  C=20.8%  R0=6.2%  R1=5.8%  R2=6.4%  R3=5.9%  R4=5.8%  R5=5.1%  R6=4.8%  R7=4.5%  R8=4.1%  R9=3.1%  R10=2.5%  AI=4.9%
  action mix (vs pair_all_in):  F=19.7%  C=16.0%  R0=0.9%  R1=1.3%  R2=7.6%  R3=7.5%  R4=6.8%  R5=7.1%  R6=7.2%  R7=6.7%  R8=7.1%  R9=5.5%  R10=4.9%  AI=1.7%

update=4650  step=228605952  pg=-0.0147  vf=3.9910  H=1.8395  kl=0.0023  clip=0.1224  ev=0.4992  lr=0.000186
[update 4650]  rollout=588.2ms  update=363.2ms  pool=20/20
update=4660  step=229097472  pg=-0.0149  vf=4.1442  H=1.8312  kl=0.0023  clip=0.1264  ev=0.5090  lr=0.000185
[update 4660]  rollout=568.5ms  update=328.7ms  pool=20/20
update=4670  step=229588992  pg=-0.0150  vf=4.1878  H=1.8308  kl=0.0024  clip=0.1286  ev=0.5000  lr=0.000185
[update 4670]  rollout=568.7ms  update=331.9ms  pool=20/20
update=4680  step=230080512  pg=-0.0143  vf=3.8417  H=1.8502  kl=0.0025  clip=0.1304  ev=0.4954  lr=0.000185
[update 4680]  rollout=563.2ms  update=328.1ms  pool=20/20
update=4690  step=230572032  pg=-0.0146  vf=4.2784  H=1.8296  kl=0.0023  clip=0.1251  ev=0.4983  lr=0.000185
[update 4690]  rollout=556.9ms  update=326.5ms  pool=20/20

[league eval @ update 4699  duration=10200.4ms]
──────────────────────────────────────────────────────────────────
  vs anchor          hands     bb/hand     win%     mode-collapse?
──────────────────────────────────────────────────────────────────
  uniform            10000       9.478     46.6%    top=21.1%
  random_init        10000       8.967     46.4%    top=21.2%
  always_raise       10000       3.577     32.1%    top=24.0%
  always_call        10000       3.095     46.6%    top=20.7%
  pair_all_in        10000       0.087     85.1%    top=21.3%
──────────────────────────────────────────────────────────────────
  action mix (vs uniform):  F=20.1%  C=21.1%  R0=6.0%  R1=6.5%  R2=7.0%  R3=5.8%  R4=5.9%  R5=4.3%  R6=4.8%  R7=4.6%  R8=3.6%  R9=3.1%  R10=2.7%  AI=4.5%
  action mix (vs pair_all_in):  F=21.3%  C=14.2%  R0=0.9%  R1=1.4%  R2=9.3%  R3=6.6%  R4=6.6%  R5=6.6%  R6=6.9%  R7=7.6%  R8=6.5%  R9=5.9%  R10=4.9%  AI=1.3%

update=4700  step=231063552  pg=-0.0139  vf=4.1854  H=1.8390  kl=0.0023  clip=0.1231  ev=0.5004  lr=0.000184
[update 4700]  rollout=576.3ms  update=362.7ms  pool=20/20
update=4710  step=231555072  pg=-0.0137  vf=4.2731  H=1.8387  kl=0.0023  clip=0.1241  ev=0.4993  lr=0.000184
[update 4710]  rollout=625.7ms  update=325.9ms  pool=20/20
update=4720  step=232046592  pg=-0.0147  vf=4.2382  H=1.8346  kl=0.0024  clip=0.1255  ev=0.5108  lr=0.000184
[update 4720]  rollout=594.0ms  update=327.3ms  pool=20/20
update=4730  step=232538112  pg=-0.0143  vf=4.2427  H=1.8312  kl=0.0024  clip=0.1263  ev=0.5170  lr=0.000184
[update 4730]  rollout=567.3ms  update=332.0ms  pool=20/20
update=4740  step=233029632  pg=-0.0147  vf=4.1836  H=1.8290  kl=0.0024  clip=0.1240  ev=0.5173  lr=0.000184
[update 4740]  rollout=594.7ms  update=330.1ms  pool=20/20

[league eval @ update 4749  duration=10142.1ms]
──────────────────────────────────────────────────────────────────
  vs anchor          hands     bb/hand     win%     mode-collapse?
──────────────────────────────────────────────────────────────────
  uniform            10000       9.669     46.7%    top=21.1%
  random_init        10000       8.931     47.0%    top=20.5%
  always_raise       10000       3.553     32.2%    top=23.9%
  always_call        10000       1.643     45.6%    top=20.9%
  pair_all_in        10000       0.102     87.2%    top=18.1%
──────────────────────────────────────────────────────────────────
  action mix (vs uniform):  F=20.1%  C=21.1%  R0=6.7%  R1=5.9%  R2=6.8%  R3=6.2%  R4=5.9%  R5=5.3%  R6=4.4%  R7=4.0%  R8=3.1%  R9=3.2%  R10=2.6%  AI=4.8%
  action mix (vs pair_all_in):  F=18.1%  C=14.6%  R0=1.1%  R1=1.4%  R2=7.9%  R3=8.0%  R4=8.8%  R5=8.0%  R6=7.0%  R7=6.2%  R8=5.4%  R9=5.9%  R10=6.0%  AI=1.6%

update=4750  step=233521152  pg=-0.0148  vf=4.1313  H=1.8329  kl=0.0025  clip=0.1346  ev=0.5266  lr=0.000183
[update 4750]  rollout=578.5ms  update=358.5ms  pool=20/20
update=4760  step=234012672  pg=-0.0144  vf=4.1675  H=1.8441  kl=0.0024  clip=0.1283  ev=0.5112  lr=0.000183
[update 4760]  rollout=570.6ms  update=330.5ms  pool=20/20
update=4770  step=234504192  pg=-0.0145  vf=3.9918  H=1.8443  kl=0.0024  clip=0.1270  ev=0.5145  lr=0.000183
[update 4770]  rollout=578.4ms  update=326.0ms  pool=20/20
update=4780  step=234995712  pg=-0.0148  vf=4.1701  H=1.8332  kl=0.0022  clip=0.1180  ev=0.5024  lr=0.000183
[update 4780]  rollout=545.9ms  update=328.6ms  pool=20/20
update=4790  step=235487232  pg=-0.0150  vf=3.9538  H=1.8369  kl=0.0023  clip=0.1222  ev=0.5275  lr=0.000182
[update 4790]  rollout=534.3ms  update=331.8ms  pool=20/20

[league eval @ update 4799  duration=12418.1ms]
──────────────────────────────────────────────────────────────────
  vs anchor          hands     bb/hand     win%     mode-collapse?
──────────────────────────────────────────────────────────────────
  uniform            10000       9.176     46.7%    top=21.0%
  random_init        10000       8.819     46.6%    top=21.5%
  always_raise       10000       4.048     32.9%    top=23.4%
  always_call        10000       2.318     46.2%    top=19.8%
  pair_all_in        10000       0.057     86.0%    top=19.6%
──────────────────────────────────────────────────────────────────
  action mix (vs uniform):  F=19.9%  C=21.0%  R0=6.4%  R1=6.1%  R2=6.4%  R3=6.1%  R4=6.5%  R5=4.4%  R6=4.6%  R7=4.6%  R8=3.2%  R9=3.4%  R10=3.1%  AI=4.5%
  action mix (vs pair_all_in):  F=19.6%  C=15.1%  R0=1.0%  R1=1.3%  R2=8.1%  R3=7.5%  R4=8.9%  R5=6.8%  R6=6.5%  R7=7.7%  R8=5.2%  R9=5.5%  R10=5.2%  AI=1.6%

update=4800  step=235978752  pg=-0.0148  vf=4.0348  H=1.8310  kl=0.0023  clip=0.1240  ev=0.5292  lr=0.000182
[update 4800]  rollout=631.7ms  update=342.5ms  pool=20/20
update=4810  step=236470272  pg=-0.0142  vf=4.0871  H=1.8360  kl=0.0024  clip=0.1236  ev=0.5127  lr=0.000182
[update 4810]  rollout=613.6ms  update=325.8ms  pool=20/20
update=4820  step=236961792  pg=-0.0154  vf=4.1651  H=1.8326  kl=0.0025  clip=0.1326  ev=0.5209  lr=0.000182
[update 4820]  rollout=581.5ms  update=327.9ms  pool=20/20
update=4830  step=237453312  pg=-0.0152  vf=4.0418  H=1.8349  kl=0.0024  clip=0.1264  ev=0.5255  lr=0.000181
[update 4830]  rollout=610.2ms  update=327.8ms  pool=20/20
update=4840  step=237944832  pg=-0.0152  vf=4.2766  H=1.8136  kl=0.0024  clip=0.1279  ev=0.5274  lr=0.000181
[update 4840]  rollout=585.9ms  update=328.5ms  pool=20/20

[league eval @ update 4849  duration=15271.4ms]
──────────────────────────────────────────────────────────────────
  vs anchor          hands     bb/hand     win%     mode-collapse?
──────────────────────────────────────────────────────────────────
  random_init        10000       9.680     47.7%    top=21.1%
  uniform            10000       9.401     47.7%    top=20.8%
  always_raise       10000       3.419     32.4%    top=23.5%
  always_call        10000       3.090     46.3%    top=22.4%
  pair_all_in        10000       0.008     86.7%    top=18.3%
──────────────────────────────────────────────────────────────────
  action mix (vs uniform):  F=19.4%  C=20.8%  R0=6.6%  R1=5.4%  R2=6.9%  R3=6.4%  R4=6.2%  R5=5.3%  R6=5.0%  R7=4.4%  R8=3.5%  R9=2.9%  R10=2.6%  AI=4.6%
  action mix (vs pair_all_in):  F=18.3%  C=15.7%  R0=1.2%  R1=1.4%  R2=8.7%  R3=8.0%  R4=7.6%  R5=7.0%  R6=7.8%  R7=6.6%  R8=6.0%  R9=5.5%  R10=4.8%  AI=1.3%

update=4850  step=238436352  pg=-0.0143  vf=4.3216  H=1.8328  kl=0.0024  clip=0.1269  ev=0.4866  lr=0.000181
[update 4850]  rollout=637.5ms  update=361.8ms  pool=20/20
update=4860  step=238927872  pg=-0.0150  vf=3.8173  H=1.8339  kl=0.0025  clip=0.1291  ev=0.5293  lr=0.000181
[update 4860]  rollout=632.7ms  update=325.9ms  pool=20/20
update=4870  step=239419392  pg=-0.0152  vf=3.9754  H=1.8265  kl=0.0023  clip=0.1200  ev=0.5245  lr=0.000180
[update 4870]  rollout=639.8ms  update=330.1ms  pool=20/20
update=4880  step=239910912  pg=-0.0153  vf=3.8634  H=1.8215  kl=0.0023  clip=0.1234  ev=0.5261  lr=0.000180
[update 4880]  rollout=558.6ms  update=325.4ms  pool=20/20
update=4890  step=240402432  pg=-0.0145  vf=4.0666  H=1.8291  kl=0.0024  clip=0.1259  ev=0.5091  lr=0.000180
[update 4890]  rollout=555.9ms  update=328.5ms  pool=20/20

[league eval @ update 4899  duration=10123.1ms]
──────────────────────────────────────────────────────────────────
  vs anchor          hands     bb/hand     win%     mode-collapse?
──────────────────────────────────────────────────────────────────
  uniform            10000       9.454     47.0%    top=21.0%
  random_init        10000       8.931     46.7%    top=20.5%
  always_call        10000       3.409     46.6%    top=20.2%
  always_raise       10000       2.654     31.2%    top=24.1%
  pair_all_in        10000       0.061     86.5%    top=19.0%
──────────────────────────────────────────────────────────────────
  action mix (vs uniform):  F=20.1%  C=21.0%  R0=5.9%  R1=5.7%  R2=6.8%  R3=5.5%  R4=6.7%  R5=5.2%  R6=5.0%  R7=4.4%  R8=3.5%  R9=2.8%  R10=2.6%  AI=4.9%
  action mix (vs pair_all_in):  F=19.0%  C=15.1%  R0=1.0%  R1=1.0%  R2=9.0%  R3=7.4%  R4=8.3%  R5=6.3%  R6=7.5%  R7=6.8%  R8=6.3%  R9=5.3%  R10=5.3%  AI=1.8%

update=4900  step=240893952  pg=-0.0146  vf=3.9818  H=1.8469  kl=0.0023  clip=0.1215  ev=0.5094  lr=0.000180
[update 4900]  rollout=570.9ms  update=344.3ms  pool=20/20
update=4910  step=241385472  pg=-0.0149  vf=4.2089  H=1.8205  kl=0.0024  clip=0.1232  ev=0.5115  lr=0.000179
[update 4910]  rollout=624.6ms  update=326.0ms  pool=20/20
update=4920  step=241876992  pg=-0.0149  vf=4.1279  H=1.8242  kl=0.0024  clip=0.1264  ev=0.5117  lr=0.000179
[update 4920]  rollout=588.9ms  update=327.4ms  pool=20/20
update=4930  step=242368512  pg=-0.0147  vf=4.2314  H=1.8230  kl=0.0023  clip=0.1224  ev=0.5145  lr=0.000179
[update 4930]  rollout=563.1ms  update=328.4ms  pool=20/20
update=4940  step=242860032  pg=-0.0141  vf=4.0250  H=1.8283  kl=0.0024  clip=0.1275  ev=0.5027  lr=0.000179
[update 4940]  rollout=606.9ms  update=328.9ms  pool=20/20

[league eval @ update 4949  duration=10894.7ms]
──────────────────────────────────────────────────────────────────
  vs anchor          hands     bb/hand     win%     mode-collapse?
──────────────────────────────────────────────────────────────────
  random_init        10000       9.913     48.5%    top=21.1%
  uniform            10000       9.444     48.1%    top=22.1%
  always_raise       10000       3.665     32.6%    top=24.1%
  always_call        10000       2.741     46.2%    top=20.5%
  pair_all_in        10000      -0.010     86.7%    top=18.3%
──────────────────────────────────────────────────────────────────
  action mix (vs uniform):  F=18.6%  C=22.1%  R0=7.1%  R1=6.3%  R2=6.8%  R3=6.0%  R4=5.6%  R5=4.8%  R6=4.3%  R7=4.7%  R8=3.8%  R9=2.6%  R10=2.6%  AI=4.7%
  action mix (vs pair_all_in):  F=18.3%  C=15.5%  R0=1.0%  R1=1.2%  R2=8.0%  R3=7.6%  R4=7.5%  R5=6.9%  R6=7.3%  R7=8.2%  R8=6.7%  R9=6.1%  R10=4.3%  AI=1.3%

update=4950  step=243351552  pg=-0.0148  vf=4.0997  H=1.8264  kl=0.0023  clip=0.1269  ev=0.5335  lr=0.000178
[update 4950]  rollout=587.9ms  update=363.9ms  pool=20/20
update=4960  step=243843072  pg=-0.0149  vf=4.2574  H=1.8172  kl=0.0023  clip=0.1206  ev=0.5148  lr=0.000178
[update 4960]  rollout=625.9ms  update=328.6ms  pool=20/20
update=4970  step=244334592  pg=-0.0141  vf=4.2592  H=1.8209  kl=0.0023  clip=0.1208  ev=0.5177  lr=0.000178
[update 4970]  rollout=588.5ms  update=328.7ms  pool=20/20
update=4980  step=244826112  pg=-0.0144  vf=4.3153  H=1.8206  kl=0.0023  clip=0.1207  ev=0.5171  lr=0.000178
[update 4980]  rollout=566.2ms  update=327.2ms  pool=20/20
update=4990  step=245317632  pg=-0.0146  vf=4.2445  H=1.8236  kl=0.0022  clip=0.1187  ev=0.5110  lr=0.000177
[update 4990]  rollout=562.5ms  update=326.7ms  pool=20/20

[league eval @ update 4999  duration=9878.41ms]
──────────────────────────────────────────────────────────────────
  vs anchor          hands     bb/hand     win%     mode-collapse?
──────────────────────────────────────────────────────────────────
  random_init        10000       9.132     46.7%    top=20.8%
  uniform            10000       8.776     46.0%    top=20.8%
  always_call        10000       3.372     45.8%    top=20.5%
  always_raise       10000       2.443     30.8%    top=23.6%
  pair_all_in        10000       0.021     85.7%    top=20.0%
──────────────────────────────────────────────────────────────────
  action mix (vs uniform):  F=20.7%  C=20.8%  R0=6.7%  R1=5.7%  R2=6.3%  R3=6.2%  R4=5.7%  R5=4.7%  R6=5.3%  R7=4.2%  R8=3.2%  R9=3.2%  R10=2.7%  AI=4.6%
  action mix (vs pair_all_in):  F=20.0%  C=14.5%  R0=0.8%  R1=0.9%  R2=7.4%  R3=7.9%  R4=7.7%  R5=7.1%  R6=7.5%  R7=7.4%  R8=5.6%  R9=6.2%  R10=5.4%  AI=1.7%

update=5000  step=245809152  pg=-0.0145  vf=4.1742  H=1.8334  kl=0.0022  clip=0.1166  ev=0.5016  lr=0.000177
[update 5000]  rollout=586.1ms  update=355.2ms  pool=20/20
update=5010  step=246300672  pg=-0.0151  vf=3.8007  H=1.8414  kl=0.0023  clip=0.1219  ev=0.5235  lr=0.000177
[update 5010]  rollout=577.5ms  update=329.6ms  pool=20/20
update=5020  step=246792192  pg=-0.0151  vf=4.0348  H=1.8279  kl=0.0023  clip=0.1249  ev=0.5201  lr=0.000177
[update 5020]  rollout=582.2ms  update=330.2ms  pool=20/20
update=5030  step=247283712  pg=-0.0147  vf=3.9075  H=1.8374  kl=0.0022  clip=0.1145  ev=0.5153  lr=0.000176
[update 5030]  rollout=611.4ms  update=325.6ms  pool=20/20
update=5040  step=247775232  pg=-0.0141  vf=4.2129  H=1.8217  kl=0.0023  clip=0.1182  ev=0.5129  lr=0.000176
[update 5040]  rollout=584.5ms  update=328.1ms  pool=20/20

[league eval @ update 5049  duration=10098.5ms]
──────────────────────────────────────────────────────────────────
  vs anchor          hands     bb/hand     win%     mode-collapse?
──────────────────────────────────────────────────────────────────
  random_init        10000       9.315     46.6%    top=20.6%
  uniform            10000       8.739     46.0%    top=20.8%
  always_raise       10000       3.766     32.2%    top=23.8%
  always_call        10000       3.326     45.5%    top=20.8%
  pair_all_in        10000       0.028     85.9%    top=19.8%
──────────────────────────────────────────────────────────────────
  action mix (vs uniform):  F=20.8%  C=20.5%  R0=6.2%  R1=5.8%  R2=6.4%  R3=5.9%  R4=5.9%  R5=5.1%  R6=4.8%  R7=4.6%  R8=3.7%  R9=3.3%  R10=2.8%  AI=4.2%
  action mix (vs pair_all_in):  F=19.8%  C=14.3%  R0=1.1%  R1=0.9%  R2=8.4%  R3=8.2%  R4=8.5%  R5=7.1%  R6=6.7%  R7=5.7%  R8=6.2%  R9=5.8%  R10=5.6%  AI=1.6%

update=5050  step=248266752  pg=-0.0139  vf=3.9836  H=1.8335  kl=0.0022  clip=0.1165  ev=0.5193  lr=0.000176
[update 5050]  rollout=584.5ms  update=350.1ms  pool=20/20
update=5060  step=248758272  pg=-0.0143  vf=3.9821  H=1.8423  kl=0.0022  clip=0.1144  ev=0.5288  lr=0.000176
[update 5060]  rollout=567.7ms  update=325.6ms  pool=20/20
update=5070  step=249249792  pg=-0.0146  vf=3.9306  H=1.8323  kl=0.0022  clip=0.1170  ev=0.5239  lr=0.000175
[update 5070]  rollout=551.3ms  update=329.6ms  pool=20/20
update=5080  step=249741312  pg=-0.0140  vf=4.1849  H=1.8355  kl=0.0022  clip=0.1181  ev=0.5069  lr=0.000175
[update 5080]  rollout=563.4ms  update=326.7ms  pool=20/20
update=5090  step=250232832  pg=-0.0146  vf=4.1913  H=1.8340  kl=0.0022  clip=0.1169  ev=0.5044  lr=0.000175
[update 5090]  rollout=594.9ms  update=325.9ms  pool=20/20

[league eval @ update 5099  duration=9918.63ms]
──────────────────────────────────────────────────────────────────
  vs anchor          hands     bb/hand     win%     mode-collapse?
──────────────────────────────────────────────────────────────────
  random_init        10000       9.719     47.0%    top=21.1%
  uniform            10000       9.667     46.3%    top=21.3%
  always_raise       10000       3.893     32.1%    top=23.5%
  always_call        10000       3.069     46.0%    top=21.5%
  pair_all_in        10000       0.114     86.1%    top=20.2%
──────────────────────────────────────────────────────────────────
  action mix (vs uniform):  F=20.5%  C=21.3%  R0=6.7%  R1=5.3%  R2=6.8%  R3=6.0%  R4=5.7%  R5=4.9%  R6=4.4%  R7=4.2%  R8=3.3%  R9=3.4%  R10=2.6%  AI=4.8%
  action mix (vs pair_all_in):  F=20.2%  C=13.3%  R0=1.4%  R1=0.8%  R2=8.1%  R3=7.9%  R4=7.2%  R5=7.3%  R6=7.6%  R7=6.5%  R8=5.5%  R9=6.6%  R10=5.7%  AI=1.8%

update=5100  step=250724352  pg=-0.0150  vf=4.0133  H=1.8079  kl=0.0023  clip=0.1208  ev=0.5412  lr=0.000175
[update 5100]  rollout=577.1ms  update=359.5ms  pool=20/20
update=5110  step=251215872  pg=-0.0148  vf=4.2236  H=1.8156  kl=0.0023  clip=0.1238  ev=0.5339  lr=0.000174
[update 5110]  rollout=565.0ms  update=328.9ms  pool=20/20
update=5120  step=251707392  pg=-0.0139  vf=4.4090  H=1.8180  kl=0.0022  clip=0.1179  ev=0.5088  lr=0.000174
[update 5120]  rollout=578.7ms  update=325.6ms  pool=20/20
update=5130  step=252198912  pg=-0.0149  vf=4.3963  H=1.8284  kl=0.0022  clip=0.1196  ev=0.5066  lr=0.000174
[update 5130]  rollout=720.8ms  update=330.4ms  pool=20/20
update=5140  step=252690432  pg=-0.0149  vf=4.0154  H=1.8281  kl=0.0023  clip=0.1210  ev=0.5335  lr=0.000174
[update 5140]  rollout=608.8ms  update=331.4ms  pool=20/20

[league eval @ update 5149  duration=14302.5ms]
──────────────────────────────────────────────────────────────────
  vs anchor          hands     bb/hand     win%     mode-collapse?
──────────────────────────────────────────────────────────────────
  random_init        10000       9.528     46.5%    top=21.4%
  uniform            10000       8.863     46.1%    top=21.6%
  always_raise       10000       3.686     32.5%    top=24.6%
  always_call        10000       3.227     46.2%    top=22.8%
  pair_all_in        10000      -0.022     86.4%    top=18.7%
──────────────────────────────────────────────────────────────────
  action mix (vs uniform):  F=20.2%  C=21.6%  R0=6.0%  R1=5.1%  R2=7.1%  R3=6.3%  R4=5.9%  R5=5.0%  R6=4.5%  R7=4.0%  R8=4.2%  R9=2.9%  R10=2.6%  AI=4.6%
  action mix (vs pair_all_in):  F=18.7%  C=15.2%  R0=1.0%  R1=1.2%  R2=8.6%  R3=8.1%  R4=7.7%  R5=6.9%  R6=6.9%  R7=6.1%  R8=7.3%  R9=5.5%  R10=4.9%  AI=1.7%

update=5150  step=253181952  pg=-0.0141  vf=4.1025  H=1.8292  kl=0.0023  clip=0.1203  ev=0.5195  lr=0.000173
[update 5150]  rollout=652.3ms  update=346.7ms  pool=20/20
update=5160  step=253673472  pg=-0.0147  vf=4.4124  H=1.8213  kl=0.0023  clip=0.1172  ev=0.5049  lr=0.000173
[update 5160]  rollout=786.8ms  update=328.7ms  pool=20/20
update=5170  step=254164992  pg=-0.0147  vf=4.2011  H=1.8382  kl=0.0023  clip=0.1260  ev=0.5064  lr=0.000173
[update 5170]  rollout=579.8ms  update=327.4ms  pool=20/20
update=5180  step=254656512  pg=-0.0144  vf=4.2963  H=1.8238  kl=0.0021  clip=0.1118  ev=0.5239  lr=0.000173
[update 5180]  rollout=561.1ms  update=333.9ms  pool=20/20
update=5190  step=255148032  pg=-0.0143  vf=4.2057  H=1.8248  kl=0.0022  clip=0.1172  ev=0.5128  lr=0.000172
[update 5190]  rollout=625.0ms  update=327.2ms  pool=20/20

[league eval @ update 5199  duration=10091.9ms]
──────────────────────────────────────────────────────────────────
  vs anchor          hands     bb/hand     win%     mode-collapse?
──────────────────────────────────────────────────────────────────
  random_init        10000       9.535     47.6%    top=21.2%
  uniform            10000       9.328     47.5%    top=20.8%
  always_raise       10000       3.880     33.0%    top=24.3%
  always_call        10000       3.275     46.3%    top=22.1%
  pair_all_in        10000       0.039     85.5%    top=20.6%
──────────────────────────────────────────────────────────────────
  action mix (vs uniform):  F=19.7%  C=20.8%  R0=6.6%  R1=6.6%  R2=6.0%  R3=5.9%  R4=5.5%  R5=5.4%  R6=5.2%  R7=3.9%  R8=3.4%  R9=3.3%  R10=2.5%  AI=4.9%
  action mix (vs pair_all_in):  F=20.6%  C=14.5%  R0=1.1%  R1=1.2%  R2=7.4%  R3=8.0%  R4=7.5%  R5=7.8%  R6=7.3%  R7=6.7%  R8=5.8%  R9=6.1%  R10=4.6%  AI=1.6%

update=5200  step=255639552  pg=-0.0152  vf=3.9636  H=1.8273  kl=0.0023  clip=0.1241  ev=0.5330  lr=0.000172
[update 5200]  rollout=584.8ms  update=339.7ms  pool=20/20
update=5210  step=256131072  pg=-0.0145  vf=4.0230  H=1.8417  kl=0.0023  clip=0.1238  ev=0.5071  lr=0.000172
[update 5210]  rollout=562.8ms  update=331.1ms  pool=20/20
update=5220  step=256622592  pg=-0.0149  vf=3.9108  H=1.8326  kl=0.0022  clip=0.1195  ev=0.5197  lr=0.000172
[update 5220]  rollout=590.4ms  update=326.3ms  pool=20/20
update=5230  step=257114112  pg=-0.0149  vf=4.1663  H=1.8256  kl=0.0022  clip=0.1142  ev=0.5121  lr=0.000171
[update 5230]  rollout=570.6ms  update=325.9ms  pool=20/20
update=5240  step=257605632  pg=-0.0147  vf=4.3717  H=1.8118  kl=0.0023  clip=0.1223  ev=0.5121  lr=0.000171
[update 5240]  rollout=607.9ms  update=333.4ms  pool=20/20

[league eval @ update 5249  duration=10693.2ms]
──────────────────────────────────────────────────────────────────
  vs anchor          hands     bb/hand     win%     mode-collapse?
──────────────────────────────────────────────────────────────────
  random_init        10000       9.700     47.8%    top=21.8%
  uniform            10000       9.667     47.5%    top=21.1%
  always_call        10000       2.890     46.1%    top=20.0%
  always_raise       10000       2.861     31.5%    top=23.9%
  pair_all_in        10000       0.071     86.1%    top=19.6%
──────────────────────────────────────────────────────────────────
  action mix (vs uniform):  F=19.7%  C=21.1%  R0=6.8%  R1=5.7%  R2=7.0%  R3=5.9%  R4=5.6%  R5=5.0%  R6=5.0%  R7=3.9%  R8=3.8%  R9=3.0%  R10=2.9%  AI=4.7%
  action mix (vs pair_all_in):  F=19.6%  C=15.1%  R0=1.2%  R1=1.3%  R2=8.5%  R3=7.8%  R4=7.1%  R5=6.3%  R6=8.5%  R7=5.1%  R8=7.1%  R9=5.3%  R10=5.5%  AI=1.6%

[best-response eval @ update 5249  seeds=1  bb/hand max=2.189  mean=2.189  min=2.189  std=0.000  best-win%=50.6  duration=1131814ms]

update=5250  step=258097152  pg=-0.0152  vf=4.0848  H=1.8148  kl=0.0022  clip=0.1154  ev=0.5414  lr=0.000171
[update 5250]  rollout=567.4ms  update=344.7ms  pool=20/20
update=5260  step=258588672  pg=-0.0149  vf=4.2645  H=1.8208  kl=0.0023  clip=0.1202  ev=0.5173  lr=0.000171
[update 5260]  rollout=572.8ms  update=333.2ms  pool=20/20
update=5270  step=259080192  pg=-0.0149  vf=3.9972  H=1.8288  kl=0.0024  clip=0.1246  ev=0.5298  lr=0.000170
[update 5270]  rollout=552.7ms  update=326.9ms  pool=20/20
update=5280  step=259571712  pg=-0.0136  vf=4.2864  H=1.8410  kl=0.0023  clip=0.1173  ev=0.4796  lr=0.000170
[update 5280]  rollout=596.3ms  update=330.4ms  pool=20/20
update=5290  step=260063232  pg=-0.0146  vf=3.8573  H=1.8388  kl=0.0024  clip=0.1258  ev=0.5134  lr=0.000170
[update 5290]  rollout=591.2ms  update=327.1ms  pool=20/20

[league eval @ update 5299  duration=10501.5ms]
──────────────────────────────────────────────────────────────────
  vs anchor          hands     bb/hand     win%     mode-collapse?
──────────────────────────────────────────────────────────────────
  random_init        10000       9.219     46.7%    top=21.0%
  uniform            10000       9.037     46.9%    top=20.6%
  always_call        10000       3.865     46.8%    top=20.4%
  always_raise       10000       2.942     32.1%    top=24.1%
  pair_all_in        10000       0.014     86.2%    top=19.6%
──────────────────────────────────────────────────────────────────
  action mix (vs uniform):  F=20.0%  C=20.6%  R0=6.3%  R1=5.2%  R2=6.6%  R3=6.0%  R4=5.8%  R5=5.3%  R6=4.8%  R7=4.6%  R8=3.6%  R9=3.9%  R10=2.6%  AI=4.8%
  action mix (vs pair_all_in):  F=19.6%  C=13.8%  R0=0.9%  R1=0.7%  R2=8.1%  R3=8.3%  R4=7.8%  R5=6.6%  R6=6.9%  R7=7.7%  R8=5.9%  R9=6.7%  R10=5.3%  AI=1.5%

update=5300  step=260554752  pg=-0.0144  vf=4.2124  H=1.8300  kl=0.0023  clip=0.1208  ev=0.5077  lr=0.000170
[update 5300]  rollout=597.7ms  update=350.6ms  pool=20/20
update=5310  step=261046272  pg=-0.0145  vf=4.2176  H=1.8325  kl=0.0022  clip=0.1193  ev=0.5111  lr=0.000170
[update 5310]  rollout=549.5ms  update=326.0ms  pool=20/20
update=5320  step=261537792  pg=-0.0142  vf=4.3286  H=1.8130  kl=0.0021  clip=0.1070  ev=0.5056  lr=0.000169
[update 5320]  rollout=576.8ms  update=331.6ms  pool=20/20
update=5330  step=262029312  pg=-0.0145  vf=4.4235  H=1.8079  kl=0.0022  clip=0.1141  ev=0.5234  lr=0.000169
[update 5330]  rollout=590.1ms  update=330.9ms  pool=20/20
update=5340  step=262520832  pg=-0.0153  vf=4.0446  H=1.8267  kl=0.0023  clip=0.1167  ev=0.5252  lr=0.000169
[update 5340]  rollout=560.5ms  update=326.0ms  pool=20/20

[league eval @ update 5349  duration=10333.4ms]
──────────────────────────────────────────────────────────────────
  vs anchor          hands     bb/hand     win%     mode-collapse?
──────────────────────────────────────────────────────────────────
  random_init        10000       9.464     48.2%    top=21.4%
  uniform            10000       9.318     48.0%    top=21.9%
  always_call        10000       3.522     46.5%    top=20.6%
  always_raise       10000       3.202     32.3%    top=24.7%
  pair_all_in        10000      -0.008     86.9%    top=17.8%
──────────────────────────────────────────────────────────────────
  action mix (vs uniform):  F=18.7%  C=21.9%  R0=6.5%  R1=5.5%  R2=7.4%  R3=6.3%  R4=5.7%  R5=4.8%  R6=4.5%  R7=4.4%  R8=3.7%  R9=3.4%  R10=2.6%  AI=4.7%
  action mix (vs pair_all_in):  F=17.8%  C=15.9%  R0=1.2%  R1=1.2%  R2=8.4%  R3=8.3%  R4=7.2%  R5=6.8%  R6=6.0%  R7=6.8%  R8=6.6%  R9=6.6%  R10=5.5%  AI=1.8%

update=5350  step=263012352  pg=-0.0151  vf=3.9905  H=1.8377  kl=0.0024  clip=0.1248  ev=0.5276  lr=0.000169
[update 5350]  rollout=596.0ms  update=362.0ms  pool=20/20
update=5360  step=263503872  pg=-0.0156  vf=4.2113  H=1.8185  kl=0.0023  clip=0.1215  ev=0.5319  lr=0.000168
[update 5360]  rollout=558.6ms  update=326.5ms  pool=20/20
update=5370  step=263995392  pg=-0.0143  vf=4.5376  H=1.8319  kl=0.0022  clip=0.1172  ev=0.4834  lr=0.000168
[update 5370]  rollout=551.9ms  update=326.2ms  pool=20/20
update=5380  step=264486912  pg=-0.0154  vf=4.2223  H=1.8094  kl=0.0024  clip=0.1268  ev=0.5283  lr=0.000168
[update 5380]  rollout=562.9ms  update=333.0ms  pool=20/20
update=5390  step=264978432  pg=-0.0152  vf=4.1698  H=1.8139  kl=0.0024  clip=0.1241  ev=0.5333  lr=0.000168
[update 5390]  rollout=606.1ms  update=328.2ms  pool=20/20

[league eval @ update 5399  duration=16240.8ms]
──────────────────────────────────────────────────────────────────
  vs anchor          hands     bb/hand     win%     mode-collapse?
──────────────────────────────────────────────────────────────────
  random_init        10000       9.851     49.0%    top=21.4%
  uniform            10000       9.831     49.2%    top=21.5%
  always_raise       10000       3.431     34.2%    top=25.2%
  always_call        10000       2.794     46.2%    top=22.7%
  pair_all_in        10000       0.150     87.4%    top=17.7%
──────────────────────────────────────────────────────────────────
  action mix (vs uniform):  F=18.3%  C=21.5%  R0=7.1%  R1=5.6%  R2=7.2%  R3=5.6%  R4=6.7%  R5=4.9%  R6=4.9%  R7=4.0%  R8=3.7%  R9=3.1%  R10=2.6%  AI=4.7%
  action mix (vs pair_all_in):  F=17.7%  C=15.2%  R0=1.1%  R1=1.0%  R2=8.3%  R3=7.3%  R4=8.5%  R5=6.9%  R6=7.6%  R7=6.5%  R8=6.9%  R9=5.7%  R10=6.1%  AI=1.4%

update=5400  step=265469952  pg=-0.0147  vf=4.4244  H=1.8139  kl=0.0022  clip=0.1162  ev=0.5254  lr=0.000167
[update 5400]  rollout=653.9ms  update=349.8ms  pool=20/20
update=5410  step=265961472  pg=-0.0144  vf=4.1470  H=1.8206  kl=0.0023  clip=0.1222  ev=0.5218  lr=0.000167
[update 5410]  rollout=618.7ms  update=328.3ms  pool=20/20
update=5420  step=266452992  pg=-0.0142  vf=4.1520  H=1.8358  kl=0.0023  clip=0.1190  ev=0.5004  lr=0.000167
[update 5420]  rollout=588.1ms  update=326.0ms  pool=20/20
update=5430  step=266944512  pg=-0.0152  vf=4.2735  H=1.8266  kl=0.0022  clip=0.1161  ev=0.5239  lr=0.000167
[update 5430]  rollout=830.1ms  update=330.7ms  pool=20/20
update=5440  step=267436032  pg=-0.0143  vf=4.2536  H=1.8365  kl=0.0021  clip=0.1099  ev=0.4937  lr=0.000166
[update 5440]  rollout=705.3ms  update=327.8ms  pool=20/20

[league eval @ update 5449  duration=15212.3ms]
──────────────────────────────────────────────────────────────────
  vs anchor          hands     bb/hand     win%     mode-collapse?
──────────────────────────────────────────────────────────────────
  random_init        10000       9.412     46.9%    top=20.8%
  uniform            10000       8.794     46.6%    top=21.1%
  always_raise       10000       3.583     31.9%    top=23.7%
  always_call        10000       2.743     46.1%    top=20.0%
  pair_all_in        10000       0.090     86.0%    top=20.0%
──────────────────────────────────────────────────────────────────
  action mix (vs uniform):  F=19.7%  C=21.1%  R0=6.4%  R1=5.8%  R2=6.8%  R3=6.6%  R4=5.9%  R5=5.2%  R6=4.5%  R7=4.6%  R8=3.1%  R9=3.5%  R10=2.4%  AI=4.6%
  action mix (vs pair_all_in):  F=20.0%  C=14.1%  R0=1.2%  R1=1.1%  R2=8.4%  R3=9.1%  R4=7.8%  R5=7.2%  R6=6.6%  R7=6.8%  R8=5.2%  R9=6.4%  R10=4.5%  AI=1.5%

update=5450  step=267927552  pg=-0.0136  vf=4.2436  H=1.8343  kl=0.0021  clip=0.1120  ev=0.4880  lr=0.000166
[update 5450]  rollout=590.0ms  update=351.5ms  pool=20/20
update=5460  step=268419072  pg=-0.0146  vf=4.0082  H=1.8199  kl=0.0022  clip=0.1131  ev=0.5349  lr=0.000166
[update 5460]  rollout=548.2ms  update=327.5ms  pool=20/20
update=5470  step=268910592  pg=-0.0145  vf=3.8405  H=1.8420  kl=0.0025  clip=0.1296  ev=0.5165  lr=0.000166
[update 5470]  rollout=566.5ms  update=326.3ms  pool=20/20
update=5480  step=269402112  pg=-0.0141  vf=4.0180  H=1.8308  kl=0.0022  clip=0.1157  ev=0.5061  lr=0.000165
[update 5480]  rollout=552.0ms  update=329.2ms  pool=20/20
update=5490  step=269893632  pg=-0.0148  vf=4.0133  H=1.8235  kl=0.0021  clip=0.1121  ev=0.5287  lr=0.000165
[update 5490]  rollout=629.5ms  update=327.8ms  pool=20/20

[league eval @ update 5499  duration=10205.8ms]
──────────────────────────────────────────────────────────────────
  vs anchor          hands     bb/hand     win%     mode-collapse?
──────────────────────────────────────────────────────────────────
  uniform            10000       9.469     46.8%    top=20.7%
  random_init        10000       9.337     47.2%    top=20.6%
  always_raise       10000       4.045     34.1%    top=24.9%
  always_call        10000       2.711     46.3%    top=19.5%
  pair_all_in        10000       0.160     87.1%    top=18.5%
──────────────────────────────────────────────────────────────────
  action mix (vs uniform):  F=19.9%  C=20.7%  R0=6.6%  R1=6.2%  R2=6.6%  R3=6.9%  R4=5.6%  R5=4.7%  R6=4.5%  R7=4.3%  R8=3.7%  R9=3.4%  R10=2.4%  AI=4.5%
  action mix (vs pair_all_in):  F=18.5%  C=13.9%  R0=1.1%  R1=1.2%  R2=8.2%  R3=9.1%  R4=8.1%  R5=7.1%  R6=7.2%  R7=6.6%  R8=7.1%  R9=5.7%  R10=5.1%  AI=1.2%

update=5500  step=270385152  pg=-0.0146  vf=4.2831  H=1.8221  kl=0.0021  clip=0.1116  ev=0.5171  lr=0.000165
[update 5500]  rollout=579.9ms  update=341.8ms  pool=20/20
update=5510  step=270876672  pg=-0.0138  vf=4.1600  H=1.8259  kl=0.0024  clip=0.1326  ev=0.5002  lr=0.000165
[update 5510]  rollout=613.6ms  update=329.5ms  pool=20/20
update=5520  step=271368192  pg=-0.0146  vf=3.9043  H=1.8320  kl=0.0022  clip=0.1181  ev=0.5253  lr=0.000164
[update 5520]  rollout=577.9ms  update=326.4ms  pool=20/20
update=5530  step=271859712  pg=-0.0133  vf=4.0538  H=1.8301  kl=0.0021  clip=0.1150  ev=0.5217  lr=0.000164
[update 5530]  rollout=606.0ms  update=328.5ms  pool=20/20
update=5540  step=272351232  pg=-0.0137  vf=4.0266  H=1.8274  kl=0.0020  clip=0.1052  ev=0.5197  lr=0.000164
[update 5540]  rollout=583.5ms  update=326.5ms  pool=20/20

[league eval @ update 5549  duration=10088.4ms]
──────────────────────────────────────────────────────────────────
  vs anchor          hands     bb/hand     win%     mode-collapse?
──────────────────────────────────────────────────────────────────
  random_init        10000       8.611     45.2%    top=21.2%
  uniform            10000       8.571     45.2%    top=21.2%
  always_raise       10000       3.067     30.6%    top=24.1%
  always_call        10000       2.751     46.0%    top=20.7%
  pair_all_in        10000       0.030     86.2%    top=19.3%
──────────────────────────────────────────────────────────────────
  action mix (vs uniform):  F=20.6%  C=21.2%  R0=6.1%  R1=6.0%  R2=6.5%  R3=6.6%  R4=6.2%  R5=4.9%  R6=4.1%  R7=4.2%  R8=3.5%  R9=3.3%  R10=2.6%  AI=4.2%
  action mix (vs pair_all_in):  F=19.3%  C=15.2%  R0=1.3%  R1=1.2%  R2=8.0%  R3=8.4%  R4=7.7%  R5=7.7%  R6=7.1%  R7=6.8%  R8=5.9%  R9=5.5%  R10=4.8%  AI=1.3%

update=5550  step=272842752  pg=-0.0139  vf=3.8902  H=1.8310  kl=0.0023  clip=0.1186  ev=0.5311  lr=0.000164
[update 5550]  rollout=582.4ms  update=353.4ms  pool=20/20
update=5560  step=273334272  pg=-0.0142  vf=4.2210  H=1.8361  kl=0.0021  clip=0.1098  ev=0.4845  lr=0.000163
[update 5560]  rollout=545.0ms  update=325.2ms  pool=20/20
update=5570  step=273825792  pg=-0.0140  vf=3.9654  H=1.8314  kl=0.0021  clip=0.1093  ev=0.5219  lr=0.000163
[update 5570]  rollout=550.6ms  update=329.5ms  pool=20/20
update=5580  step=274317312  pg=-0.0133  vf=4.0368  H=1.8357  kl=0.0021  clip=0.1091  ev=0.5128  lr=0.000163
[update 5580]  rollout=562.5ms  update=328.7ms  pool=20/20
update=5590  step=274808832  pg=-0.0135  vf=3.9842  H=1.8382  kl=0.0022  clip=0.1120  ev=0.5183  lr=0.000163
[update 5590]  rollout=558.4ms  update=325.5ms  pool=20/20

[league eval @ update 5599  duration=10509.1ms]
──────────────────────────────────────────────────────────────────
  vs anchor          hands     bb/hand     win%     mode-collapse?
──────────────────────────────────────────────────────────────────
  random_init        10000       9.708     48.6%    top=21.1%
  uniform            10000       9.352     47.8%    top=21.0%
  always_raise       10000       4.115     34.1%    top=24.8%
  always_call        10000       2.448     46.8%    top=20.6%
  pair_all_in        10000       0.255     86.9%    top=18.3%
──────────────────────────────────────────────────────────────────
  action mix (vs uniform):  F=19.2%  C=21.0%  R0=6.7%  R1=6.4%  R2=6.3%  R3=6.3%  R4=5.7%  R5=5.3%  R6=4.7%  R7=4.0%  R8=3.7%  R9=3.4%  R10=2.6%  AI=4.8%
  action mix (vs pair_all_in):  F=18.3%  C=15.9%  R0=1.4%  R1=1.3%  R2=7.9%  R3=8.6%  R4=6.8%  R5=7.8%  R6=6.8%  R7=5.6%  R8=6.6%  R9=5.9%  R10=5.7%  AI=1.4%

update=5600  step=275300352  pg=-0.0142  vf=4.1187  H=1.8305  kl=0.0021  clip=0.1083  ev=0.5192  lr=0.000162
[update 5600]  rollout=590.8ms  update=346.2ms  pool=20/20
update=5610  step=275791872  pg=-0.0150  vf=3.9387  H=1.8302  kl=0.0022  clip=0.1141  ev=0.5190  lr=0.000162
[update 5610]  rollout=610.5ms  update=326.5ms  pool=20/20
update=5620  step=276283392  pg=-0.0150  vf=4.0275  H=1.8185  kl=0.0022  clip=0.1119  ev=0.5160  lr=0.000162
[update 5620]  rollout=545.1ms  update=326.6ms  pool=20/20
update=5630  step=276774912  pg=-0.0139  vf=4.1749  H=1.8307  kl=0.0021  clip=0.1137  ev=0.5075  lr=0.000162
[update 5630]  rollout=571.9ms  update=333.0ms  pool=20/20
update=5640  step=277266432  pg=-0.0140  vf=4.0929  H=1.8329  kl=0.0022  clip=0.1170  ev=0.5160  lr=0.000161
[update 5640]  rollout=558.0ms  update=326.5ms  pool=20/20

[league eval @ update 5649  duration=10126.1ms]
──────────────────────────────────────────────────────────────────
  vs anchor          hands     bb/hand     win%     mode-collapse?
──────────────────────────────────────────────────────────────────
  uniform            10000       9.535     47.2%    top=20.2%
  random_init        10000       9.438     47.0%    top=20.8%
  always_raise       10000       3.967     32.2%    top=23.5%
  always_call        10000       2.421     46.2%    top=18.6%
  pair_all_in        10000       0.102     86.6%    top=19.3%
──────────────────────────────────────────────────────────────────
  action mix (vs uniform):  F=20.2%  C=20.1%  R0=6.8%  R1=6.0%  R2=6.9%  R3=6.0%  R4=5.3%  R5=5.4%  R6=4.8%  R7=4.5%  R8=3.5%  R9=3.2%  R10=2.6%  AI=4.6%
  action mix (vs pair_all_in):  F=19.3%  C=13.4%  R0=1.0%  R1=1.1%  R2=8.2%  R3=8.0%  R4=7.3%  R5=8.0%  R6=7.7%  R7=6.8%  R8=5.9%  R9=6.1%  R10=5.8%  AI=1.4%

update=5650  step=277757952  pg=-0.0138  vf=3.9826  H=1.8458  kl=0.0022  clip=0.1137  ev=0.4997  lr=0.000161
[update 5650]  rollout=576.0ms  update=346.8ms  pool=20/20
update=5660  step=278249472  pg=-0.0143  vf=3.9581  H=1.8245  kl=0.0023  clip=0.1207  ev=0.5283  lr=0.000161
[update 5660]  rollout=574.9ms  update=325.7ms  pool=20/20
update=5670  step=278740992  pg=-0.0136  vf=4.3635  H=1.8171  kl=0.0020  clip=0.1031  ev=0.5097  lr=0.000161
[update 5670]  rollout=562.1ms  update=333.4ms  pool=20/20
update=5680  step=279232512  pg=-0.0143  vf=4.0122  H=1.8243  kl=0.0022  clip=0.1166  ev=0.5263  lr=0.000160
[update 5680]  rollout=561.0ms  update=330.6ms  pool=20/20
update=5690  step=279724032  pg=-0.0144  vf=4.1184  H=1.8374  kl=0.0022  clip=0.1163  ev=0.5073  lr=0.000160
[update 5690]  rollout=560.2ms  update=325.6ms  pool=20/20

[league eval @ update 5699  duration=13823.1ms]
──────────────────────────────────────────────────────────────────
  vs anchor          hands     bb/hand     win%     mode-collapse?
──────────────────────────────────────────────────────────────────
  uniform            10000       9.498     46.9%    top=20.2%
  random_init        10000       8.957     46.5%    top=20.7%
  always_raise       10000       2.872     32.0%    top=23.9%
  always_call        10000       2.217     46.2%    top=18.6%
  pair_all_in        10000      -0.049     85.4%    top=20.9%
──────────────────────────────────────────────────────────────────
  action mix (vs uniform):  F=20.2%  C=20.2%  R0=6.7%  R1=5.3%  R2=7.0%  R3=6.6%  R4=5.4%  R5=4.9%  R6=4.8%  R7=5.0%  R8=3.7%  R9=3.0%  R10=2.5%  AI=4.5%
  action mix (vs pair_all_in):  F=20.9%  C=13.6%  R0=1.0%  R1=1.0%  R2=8.8%  R3=8.3%  R4=6.7%  R5=7.0%  R6=6.9%  R7=7.7%  R8=6.6%  R9=5.3%  R10=4.7%  AI=1.6%

update=5700  step=280215552  pg=-0.0140  vf=3.9767  H=1.8227  kl=0.0021  clip=0.1101  ev=0.5197  lr=0.000160
[update 5700]  rollout=656.3ms  update=348.7ms  pool=20/20
update=5710  step=280707072  pg=-0.0140  vf=4.1515  H=1.8202  kl=0.0021  clip=0.1042  ev=0.5136  lr=0.000160
[update 5710]  rollout=616.3ms  update=326.3ms  pool=20/20
update=5720  step=281198592  pg=-0.0139  vf=4.2861  H=1.8236  kl=0.0021  clip=0.1069  ev=0.5049  lr=0.000159
[update 5720]  rollout=631.6ms  update=327.2ms  pool=20/20
update=5730  step=281690112  pg=-0.0145  vf=4.0753  H=1.8308  kl=0.0021  clip=0.1117  ev=0.5142  lr=0.000159
[update 5730]  rollout=718.8ms  update=331.0ms  pool=20/20
update=5740  step=282181632  pg=-0.0141  vf=3.9752  H=1.8290  kl=0.0021  clip=0.1096  ev=0.5137  lr=0.000159
[update 5740]  rollout=725.7ms  update=330.5ms  pool=20/20

[league eval @ update 5749  duration=15929.2ms]
──────────────────────────────────────────────────────────────────
  vs anchor          hands     bb/hand     win%     mode-collapse?
──────────────────────────────────────────────────────────────────
  random_init        10000       8.777     47.0%    top=21.0%
  uniform            10000       8.535     46.2%    top=20.9%
  always_raise       10000       3.581     32.5%    top=24.0%
  always_call        10000       2.066     46.9%    top=21.3%
  pair_all_in        10000       0.006     86.0%    top=19.9%
──────────────────────────────────────────────────────────────────
  action mix (vs uniform):  F=20.4%  C=20.9%  R0=7.0%  R1=5.3%  R2=6.6%  R3=6.2%  R4=6.3%  R5=5.3%  R6=4.4%  R7=4.1%  R8=3.5%  R9=3.1%  R10=2.5%  AI=4.7%
  action mix (vs pair_all_in):  F=19.9%  C=13.7%  R0=0.9%  R1=1.0%  R2=8.3%  R3=7.8%  R4=8.3%  R5=7.0%  R6=6.8%  R7=7.3%  R8=6.7%  R9=5.6%  R10=4.9%  AI=1.8%

update=5750  step=282673152  pg=-0.0135  vf=3.9364  H=1.8283  kl=0.0022  clip=0.1149  ev=0.5094  lr=0.000159
[update 5750]  rollout=646.3ms  update=344.4ms  pool=20/20
update=5760  step=283164672  pg=-0.0137  vf=4.0735  H=1.8275  kl=0.0021  clip=0.1124  ev=0.5142  lr=0.000158
[update 5760]  rollout=627.2ms  update=325.6ms  pool=20/20
update=5770  step=283656192  pg=-0.0142  vf=4.1047  H=1.8184  kl=0.0021  clip=0.1074  ev=0.5157  lr=0.000158
[update 5770]  rollout=558.2ms  update=327.8ms  pool=20/20
update=5780  step=284147712  pg=-0.0137  vf=3.6965  H=1.8322  kl=0.0022  clip=0.1138  ev=0.5220  lr=0.000158
[update 5780]  rollout=564.1ms  update=328.2ms  pool=20/20
update=5790  step=284639232  pg=-0.0137  vf=4.0998  H=1.8213  kl=0.0021  clip=0.1118  ev=0.5245  lr=0.000158
[update 5790]  rollout=541.5ms  update=330.2ms  pool=20/20

[league eval @ update 5799  duration=10308.5ms]
──────────────────────────────────────────────────────────────────
  vs anchor          hands     bb/hand     win%     mode-collapse?
──────────────────────────────────────────────────────────────────
  uniform            10000      10.059     48.3%    top=20.9%
  random_init        10000       9.167     47.2%    top=20.9%
  always_raise       10000       3.320     32.1%    top=24.2%
  always_call        10000       2.010     46.7%    top=20.5%
  pair_all_in        10000       0.024     86.4%    top=18.9%
──────────────────────────────────────────────────────────────────
  action mix (vs uniform):  F=19.1%  C=20.9%  R0=6.8%  R1=5.4%  R2=7.0%  R3=5.9%  R4=6.0%  R5=5.4%  R6=4.8%  R7=4.0%  R8=3.7%  R9=3.2%  R10=2.9%  AI=4.8%
  action mix (vs pair_all_in):  F=18.9%  C=14.3%  R0=1.2%  R1=0.8%  R2=8.7%  R3=7.9%  R4=7.8%  R5=7.9%  R6=6.7%  R7=6.9%  R8=6.5%  R9=6.0%  R10=4.8%  AI=1.6%

update=5800  step=285130752  pg=-0.0140  vf=4.1842  H=1.8216  kl=0.0022  clip=0.1159  ev=0.5124  lr=0.000157
[update 5800]  rollout=600.8ms  update=354.6ms  pool=20/20
update=5810  step=285622272  pg=-0.0136  vf=4.1638  H=1.8311  kl=0.0022  clip=0.1116  ev=0.5057  lr=0.000157
[update 5810]  rollout=560.1ms  update=327.6ms  pool=20/20
update=5820  step=286113792  pg=-0.0138  vf=3.8029  H=1.8316  kl=0.0021  clip=0.1122  ev=0.5341  lr=0.000157
[update 5820]  rollout=557.4ms  update=329.0ms  pool=20/20
update=5830  step=286605312  pg=-0.0142  vf=3.8081  H=1.8243  kl=0.0021  clip=0.1107  ev=0.5326  lr=0.000157
[update 5830]  rollout=552.6ms  update=324.8ms  pool=20/20
update=5840  step=287096832  pg=-0.0141  vf=4.2219  H=1.8239  kl=0.0021  clip=0.1151  ev=0.5162  lr=0.000156
[update 5840]  rollout=617.6ms  update=332.3ms  pool=20/20

[league eval @ update 5849  duration=10360.5ms]
──────────────────────────────────────────────────────────────────
  vs anchor          hands     bb/hand     win%     mode-collapse?
──────────────────────────────────────────────────────────────────
  uniform            10000       9.806     47.5%    top=21.0%
  random_init        10000       9.229     46.5%    top=20.9%
  always_raise       10000       4.030     32.8%    top=24.1%
  always_call        10000       2.032     46.0%    top=19.8%
  pair_all_in        10000       0.063     85.9%    top=19.8%
──────────────────────────────────────────────────────────────────
  action mix (vs uniform):  F=19.6%  C=21.0%  R0=6.5%  R1=5.9%  R2=6.9%  R3=6.5%  R4=5.5%  R5=5.3%  R6=4.0%  R7=4.4%  R8=4.1%  R9=2.8%  R10=2.8%  AI=4.5%
  action mix (vs pair_all_in):  F=19.8%  C=13.8%  R0=1.1%  R1=1.0%  R2=9.0%  R3=8.5%  R4=7.7%  R5=7.2%  R6=6.5%  R7=6.7%  R8=6.8%  R9=5.3%  R10=5.2%  AI=1.4%

update=5850  step=287588352  pg=-0.0143  vf=4.0103  H=1.8311  kl=0.0022  clip=0.1165  ev=0.5005  lr=0.000156
[update 5850]  rollout=575.4ms  update=359.1ms  pool=20/20
update=5860  step=288079872  pg=-0.0145  vf=3.8482  H=1.8331  kl=0.0022  clip=0.1153  ev=0.5296  lr=0.000156
[update 5860]  rollout=556.4ms  update=331.8ms  pool=20/20
update=5870  step=288571392  pg=-0.0143  vf=3.8855  H=1.8205  kl=0.0021  clip=0.1108  ev=0.5263  lr=0.000156
[update 5870]  rollout=609.6ms  update=330.4ms  pool=20/20
update=5880  step=289062912  pg=-0.0142  vf=4.0306  H=1.8115  kl=0.0020  clip=0.1081  ev=0.5291  lr=0.000155
[update 5880]  rollout=549.5ms  update=328.8ms  pool=20/20
update=5890  step=289554432  pg=-0.0141  vf=4.0254  H=1.8166  kl=0.0020  clip=0.1047  ev=0.5282  lr=0.000155
[update 5890]  rollout=551.1ms  update=326.3ms  pool=20/20

[league eval @ update 5899  duration=10114.6ms]
──────────────────────────────────────────────────────────────────
  vs anchor          hands     bb/hand     win%     mode-collapse?
──────────────────────────────────────────────────────────────────
  uniform            10000      10.132     48.4%    top=22.1%
  random_init        10000       9.470     47.2%    top=21.8%
  always_raise       10000       3.641     32.6%    top=25.1%
  always_call        10000       2.404     46.4%    top=19.9%
  pair_all_in        10000       0.034     86.6%    top=18.5%
──────────────────────────────────────────────────────────────────
  action mix (vs uniform):  F=19.0%  C=22.1%  R0=6.4%  R1=6.1%  R2=6.9%  R3=5.6%  R4=5.8%  R5=5.5%  R6=4.7%  R7=3.9%  R8=3.7%  R9=3.0%  R10=2.8%  AI=4.5%
  action mix (vs pair_all_in):  F=18.5%  C=16.2%  R0=1.4%  R1=1.5%  R2=8.3%  R3=7.3%  R4=7.4%  R5=7.2%  R6=7.7%  R7=6.2%  R8=6.2%  R9=5.3%  R10=5.6%  AI=1.2%

update=5900  step=290045952  pg=-0.0134  vf=4.2762  H=1.8210  kl=0.0021  clip=0.1050  ev=0.5158  lr=0.000155
[update 5900]  rollout=590.9ms  update=340.1ms  pool=20/20
update=5910  step=290537472  pg=-0.0142  vf=4.1395  H=1.8212  kl=0.0021  clip=0.1087  ev=0.5253  lr=0.000155
[update 5910]  rollout=593.0ms  update=326.3ms  pool=20/20
update=5920  step=291028992  pg=-0.0131  vf=4.1796  H=1.8389  kl=0.0020  clip=0.1051  ev=0.4771  lr=0.000155
[update 5920]  rollout=638.6ms  update=333.5ms  pool=20/20
update=5930  step=291520512  pg=-0.0140  vf=4.2231  H=1.8123  kl=0.0020  clip=0.1069  ev=0.5219  lr=0.000154
[update 5930]  rollout=583.7ms  update=327.9ms  pool=20/20
update=5940  step=292012032  pg=-0.0136  vf=4.0516  H=1.8255  kl=0.0020  clip=0.1076  ev=0.5139  lr=0.000154
[update 5940]  rollout=545.0ms  update=328.8ms  pool=20/20

[league eval @ update 5949  duration=10231.6ms]
──────────────────────────────────────────────────────────────────
  vs anchor          hands     bb/hand     win%     mode-collapse?
──────────────────────────────────────────────────────────────────
  uniform            10000       9.341     47.6%    top=21.9%
  random_init        10000       9.237     46.9%    top=20.8%
  always_raise       10000       3.676     32.3%    top=24.2%
  always_call        10000       1.831     46.4%    top=20.1%
  pair_all_in        10000      -0.021     86.3%    top=19.0%
──────────────────────────────────────────────────────────────────
  action mix (vs uniform):  F=19.4%  C=21.9%  R0=6.6%  R1=5.5%  R2=6.8%  R3=6.6%  R4=5.7%  R5=5.1%  R6=4.2%  R7=4.2%  R8=3.6%  R9=2.9%  R10=2.8%  AI=4.6%
  action mix (vs pair_all_in):  F=19.0%  C=14.5%  R0=1.1%  R1=1.0%  R2=7.9%  R3=8.2%  R4=7.7%  R5=7.8%  R6=6.6%  R7=6.9%  R8=6.5%  R9=6.0%  R10=5.7%  AI=1.3%

update=5950  step=292503552  pg=-0.0139  vf=3.9567  H=1.8175  kl=0.0020  clip=0.1047  ev=0.5359  lr=0.000154
[update 5950]  rollout=590.9ms  update=344.2ms  pool=20/20
update=5960  step=292995072  pg=-0.0133  vf=4.0849  H=1.8322  kl=0.0021  clip=0.1121  ev=0.4875  lr=0.000154
[update 5960]  rollout=536.7ms  update=329.2ms  pool=20/20
update=5970  step=293486592  pg=-0.0134  vf=4.0776  H=1.8285  kl=0.0020  clip=0.1007  ev=0.5104  lr=0.000153
[update 5970]  rollout=554.5ms  update=326.1ms  pool=20/20
update=5980  step=293978112  pg=-0.0135  vf=4.1193  H=1.8256  kl=0.0021  clip=0.1064  ev=0.5057  lr=0.000153
[update 5980]  rollout=560.0ms  update=334.5ms  pool=20/20
update=5990  step=294469632  pg=-0.0134  vf=4.1356  H=1.8205  kl=0.0020  clip=0.1025  ev=0.5192  lr=0.000153
[update 5990]  rollout=558.6ms  update=328.2ms  pool=20/20

[league eval @ update 5999  duration=9901.48ms]
──────────────────────────────────────────────────────────────────
  vs anchor          hands     bb/hand     win%     mode-collapse?
──────────────────────────────────────────────────────────────────
  random_init        10000       9.333     47.2%    top=21.1%
  uniform            10000       9.287     47.5%    top=21.3%
  always_raise       10000       4.522     33.5%    top=23.3%
  always_call        10000       2.289     45.5%    top=19.3%
  pair_all_in        10000      -0.032     86.4%    top=19.1%
──────────────────────────────────────────────────────────────────
  action mix (vs uniform):  F=19.4%  C=21.3%  R0=6.9%  R1=5.8%  R2=7.1%  R3=5.9%  R4=6.0%  R5=5.1%  R6=4.2%  R7=3.9%  R8=3.9%  R9=2.9%  R10=2.7%  AI=4.8%
  action mix (vs pair_all_in):  F=19.1%  C=14.4%  R0=1.0%  R1=1.3%  R2=8.6%  R3=7.9%  R4=7.7%  R5=7.4%  R6=6.9%  R7=6.9%  R8=6.6%  R9=5.5%  R10=5.5%  AI=1.4%

[best-response eval @ update 5999  seeds=1  bb/hand max=2.458  mean=2.458  min=2.458  std=0.000  best-win%=44.4  duration=1038221ms]

update=6000  step=294961152  pg=-0.0142  vf=4.1744  H=1.8112  kl=0.0020  clip=0.1060  ev=0.5246  lr=0.000153
[update 6000]  rollout=568.2ms  update=340.2ms  pool=20/20
update=6010  step=295452672  pg=-0.0131  vf=3.9210  H=1.8338  kl=0.0022  clip=0.1127  ev=0.5282  lr=0.000152
[update 6010]  rollout=605.7ms  update=328.8ms  pool=20/20
update=6020  step=295944192  pg=-0.0134  vf=3.7485  H=1.8242  kl=0.0020  clip=0.1035  ev=0.5273  lr=0.000152
[update 6020]  rollout=576.7ms  update=329.9ms  pool=20/20
update=6030  step=296435712  pg=-0.0135  vf=3.9998  H=1.8218  kl=0.0021  clip=0.1060  ev=0.5025  lr=0.000152
[update 6030]  rollout=544.5ms  update=328.4ms  pool=20/20
update=6040  step=296927232  pg=-0.0134  vf=3.8591  H=1.8246  kl=0.0020  clip=0.1015  ev=0.5339  lr=0.000152
[update 6040]  rollout=556.8ms  update=326.6ms  pool=20/20

[league eval @ update 6049  duration=12487.3ms]
──────────────────────────────────────────────────────────────────
  vs anchor          hands     bb/hand     win%     mode-collapse?
──────────────────────────────────────────────────────────────────
  random_init        10000       9.557     47.3%    top=21.1%
  uniform            10000       8.829     46.2%    top=21.8%
  always_raise       10000       4.209     32.4%    top=24.3%
  always_call        10000       2.069     46.6%    top=21.2%
  pair_all_in        10000       0.001     85.8%    top=19.8%
──────────────────────────────────────────────────────────────────
  action mix (vs uniform):  F=20.0%  C=21.8%  R0=5.9%  R1=6.2%  R2=5.9%  R3=6.4%  R4=5.8%  R5=5.1%  R6=5.0%  R7=4.1%  R8=3.3%  R9=3.4%  R10=2.6%  AI=4.5%
  action mix (vs pair_all_in):  F=19.8%  C=15.1%  R0=0.8%  R1=1.5%  R2=7.5%  R3=7.4%  R4=8.1%  R5=7.6%  R6=8.0%  R7=6.0%  R8=5.9%  R9=6.1%  R10=4.7%  AI=1.5%

update=6050  step=297418752  pg=-0.0134  vf=4.0534  H=1.8187  kl=0.0021  clip=0.1078  ev=0.5191  lr=0.000151
[update 6050]  rollout=626.8ms  update=351.2ms  pool=20/20
update=6060  step=297910272  pg=-0.0129  vf=3.8727  H=1.8333  kl=0.0020  clip=0.1049  ev=0.5178  lr=0.000151
[update 6060]  rollout=575.9ms  update=326.1ms  pool=20/20
update=6070  step=298401792  pg=-0.0138  vf=4.1957  H=1.8220  kl=0.0021  clip=0.1093  ev=0.5063  lr=0.000151
[update 6070]  rollout=621.7ms  update=332.8ms  pool=20/20
update=6080  step=298893312  pg=-0.0139  vf=4.1984  H=1.8174  kl=0.0021  clip=0.1039  ev=0.5021  lr=0.000151
[update 6080]  rollout=601.7ms  update=327.2ms  pool=20/20
update=6090  step=299384832  pg=-0.0126  vf=4.2759  H=1.8286  kl=0.0020  clip=0.1019  ev=0.4875  lr=0.000150
[update 6090]  rollout=691.3ms  update=329.3ms  pool=20/20

[league eval @ update 6099  duration=15613.2ms]
──────────────────────────────────────────────────────────────────
  vs anchor          hands     bb/hand     win%     mode-collapse?
──────────────────────────────────────────────────────────────────
  random_init        10000       9.472     47.5%    top=21.4%
  uniform            10000       9.090     46.9%    top=21.0%
  always_raise       10000       3.282     31.8%    top=23.1%
  always_call        10000       2.696     46.3%    top=21.4%
  pair_all_in        10000       0.131     86.6%    top=19.1%
──────────────────────────────────────────────────────────────────
  action mix (vs uniform):  F=19.7%  C=21.0%  R0=6.6%  R1=5.8%  R2=7.3%  R3=6.7%  R4=5.3%  R5=4.6%  R6=4.6%  R7=4.3%  R8=3.6%  R9=3.2%  R10=2.4%  AI=4.8%
  action mix (vs pair_all_in):  F=19.1%  C=14.6%  R0=1.4%  R1=1.2%  R2=7.7%  R3=8.5%  R4=7.3%  R5=7.6%  R6=7.1%  R7=7.2%  R8=5.9%  R9=6.4%  R10=4.7%  AI=1.3%

update=6100  step=299876352  pg=-0.0131  vf=4.0302  H=1.8295  kl=0.0020  clip=0.1024  ev=0.5153  lr=0.000150
[update 6100]  rollout=610.8ms  update=348.3ms  pool=20/20
update=6110  step=300367872  pg=-0.0139  vf=3.8474  H=1.8334  kl=0.0019  clip=0.1014  ev=0.5223  lr=0.000150
[update 6110]  rollout=588.9ms  update=329.4ms  pool=20/20
update=6120  step=300859392  pg=-0.0138  vf=3.7866  H=1.8261  kl=0.0020  clip=0.1047  ev=0.5259  lr=0.000150
[update 6120]  rollout=564.4ms  update=334.2ms  pool=20/20
update=6130  step=301350912  pg=-0.0137  vf=3.8619  H=1.8288  kl=0.0020  clip=0.1022  ev=0.5152  lr=0.000149
[update 6130]  rollout=547.5ms  update=329.1ms  pool=20/20
update=6140  step=301842432  pg=-0.0134  vf=4.0801  H=1.8332  kl=0.0020  clip=0.1019  ev=0.4888  lr=0.000149
[update 6140]  rollout=541.1ms  update=329.6ms  pool=20/20

[league eval @ update 6149  duration=10107.7ms]
──────────────────────────────────────────────────────────────────
  vs anchor          hands     bb/hand     win%     mode-collapse?
──────────────────────────────────────────────────────────────────
  uniform            10000       9.222     47.2%    top=20.6%
  random_init        10000       8.784     46.5%    top=21.1%
  always_raise       10000       3.609     31.7%    top=22.8%
  always_call        10000       2.521     46.4%    top=19.7%
  pair_all_in        10000       0.127     86.8%    top=18.8%
──────────────────────────────────────────────────────────────────
  action mix (vs uniform):  F=19.7%  C=20.6%  R0=6.4%  R1=5.8%  R2=6.7%  R3=6.3%  R4=5.6%  R5=5.1%  R6=5.0%  R7=4.5%  R8=3.7%  R9=3.2%  R10=2.6%  AI=4.7%
  action mix (vs pair_all_in):  F=18.8%  C=13.6%  R0=1.2%  R1=0.9%  R2=8.8%  R3=7.9%  R4=8.5%  R5=6.9%  R6=7.3%  R7=6.9%  R8=6.2%  R9=6.5%  R10=5.3%  AI=1.1%

update=6150  step=302333952  pg=-0.0134  vf=4.2257  H=1.8266  kl=0.0020  clip=0.1043  ev=0.5007  lr=0.000149
[update 6150]  rollout=603.4ms  update=353.1ms  pool=20/20
update=6160  step=302825472  pg=-0.0139  vf=3.7510  H=1.8214  kl=0.0020  clip=0.1011  ev=0.5470  lr=0.000149
[update 6160]  rollout=629.4ms  update=327.1ms  pool=20/20
update=6170  step=303316992  pg=-0.0136  vf=4.0523  H=1.8083  kl=0.0021  clip=0.1109  ev=0.5145  lr=0.000148
[update 6170]  rollout=616.8ms  update=328.7ms  pool=20/20
update=6180  step=303808512  pg=-0.0145  vf=4.1249  H=1.8103  kl=0.0020  clip=0.1026  ev=0.5343  lr=0.000148
[update 6180]  rollout=569.2ms  update=332.5ms  pool=20/20
update=6190  step=304300032  pg=-0.0145  vf=3.9899  H=1.8121  kl=0.0021  clip=0.1085  ev=0.5275  lr=0.000148
[update 6190]  rollout=569.6ms  update=330.4ms  pool=20/20

[league eval @ update 6199  duration=10619ms]
──────────────────────────────────────────────────────────────────
  vs anchor          hands     bb/hand     win%     mode-collapse?
──────────────────────────────────────────────────────────────────
  random_init        10000       9.938     48.5%    top=21.7%
  uniform            10000       9.310     48.2%    top=21.9%
  always_raise       10000       3.983     32.7%    top=23.8%
  always_call        10000       2.425     45.8%    top=18.9%
  pair_all_in        10000      -0.008     86.4%    top=18.8%
──────────────────────────────────────────────────────────────────
  action mix (vs uniform):  F=18.8%  C=21.9%  R0=7.3%  R1=5.4%  R2=7.0%  R3=6.1%  R4=5.7%  R5=4.4%  R6=5.1%  R7=4.6%  R8=3.2%  R9=3.3%  R10=2.8%  AI=4.4%
  action mix (vs pair_all_in):  F=18.8%  C=14.8%  R0=1.4%  R1=1.0%  R2=9.3%  R3=8.3%  R4=6.8%  R5=6.6%  R6=6.9%  R7=6.9%  R8=6.0%  R9=6.4%  R10=5.2%  AI=1.7%

update=6200  step=304791552  pg=-0.0139  vf=4.3608  H=1.8141  kl=0.0019  clip=0.1027  ev=0.5044  lr=0.000148
[update 6200]  rollout=583.7ms  update=346.5ms  pool=20/20
update=6210  step=305283072  pg=-0.0141  vf=3.9513  H=1.8202  kl=0.0020  clip=0.1085  ev=0.5076  lr=0.000147
[update 6210]  rollout=550.2ms  update=328.3ms  pool=20/20
update=6220  step=305774592  pg=-0.0137  vf=4.3529  H=1.8022  kl=0.0021  clip=0.1082  ev=0.5161  lr=0.000147
[update 6220]  rollout=560.2ms  update=326.9ms  pool=20/20
update=6230  step=306266112  pg=-0.0142  vf=4.2638  H=1.8018  kl=0.0020  clip=0.1037  ev=0.5230  lr=0.000147
[update 6230]  rollout=555.7ms  update=329.6ms  pool=20/20
update=6240  step=306757632  pg=-0.0136  vf=4.3137  H=1.8100  kl=0.0021  clip=0.1099  ev=0.5121  lr=0.000147
[update 6240]  rollout=549.8ms  update=334.5ms  pool=20/20

[league eval @ update 6249  duration=10023.6ms]
──────────────────────────────────────────────────────────────────
  vs anchor          hands     bb/hand     win%     mode-collapse?
──────────────────────────────────────────────────────────────────
  random_init        10000      10.069     48.6%    top=21.3%
  uniform            10000       8.846     46.9%    top=21.4%
  always_raise       10000       4.166     33.1%    top=24.0%
  always_call        10000       1.865     46.1%    top=20.3%
  pair_all_in        10000      -0.026     86.2%    top=18.9%
──────────────────────────────────────────────────────────────────
  action mix (vs uniform):  F=19.7%  C=21.4%  R0=6.0%  R1=5.4%  R2=7.2%  R3=6.0%  R4=5.6%  R5=5.1%  R6=4.9%  R7=4.4%  R8=3.7%  R9=3.5%  R10=2.6%  AI=4.4%
  action mix (vs pair_all_in):  F=18.9%  C=14.8%  R0=1.0%  R1=0.8%  R2=8.6%  R3=7.6%  R4=7.1%  R5=6.6%  R6=8.1%  R7=7.3%  R8=6.6%  R9=6.2%  R10=5.2%  AI=1.2%

update=6250  step=307249152  pg=-0.0143  vf=4.0635  H=1.8192  kl=0.0021  clip=0.1089  ev=0.5305  lr=0.000146
[update 6250]  rollout=568.8ms  update=355.3ms  pool=20/20
update=6260  step=307740672  pg=-0.0128  vf=3.9851  H=1.8355  kl=0.0021  clip=0.1109  ev=0.5205  lr=0.000146
[update 6260]  rollout=600.7ms  update=326.9ms  pool=20/20
update=6270  step=308232192  pg=-0.0128  vf=4.1736  H=1.8353  kl=0.0021  clip=0.1122  ev=0.5076  lr=0.000146
[update 6270]  rollout=623.0ms  update=331.0ms  pool=20/20
update=6280  step=308723712  pg=-0.0137  vf=4.3175  H=1.8080  kl=0.0020  clip=0.1026  ev=0.5237  lr=0.000146
[update 6280]  rollout=619.5ms  update=326.8ms  pool=20/20
update=6290  step=309215232  pg=-0.0131  vf=4.3103  H=1.8228  kl=0.0019  clip=0.0967  ev=0.5096  lr=0.000145
[update 6290]  rollout=563.0ms  update=329.2ms  pool=20/20

[league eval @ update 6299  duration=10387.9ms]
──────────────────────────────────────────────────────────────────
  vs anchor          hands     bb/hand     win%     mode-collapse?
──────────────────────────────────────────────────────────────────
  uniform            10000       9.928     48.9%    top=21.4%
  random_init        10000       9.555     47.6%    top=21.1%
  always_raise       10000       3.393     33.1%    top=24.6%
  always_call        10000       2.622     47.2%    top=21.2%
  pair_all_in        10000      -0.026     86.7%    top=18.4%
──────────────────────────────────────────────────────────────────
  action mix (vs uniform):  F=18.9%  C=21.4%  R0=6.7%  R1=5.6%  R2=6.2%  R3=5.9%  R4=6.1%  R5=5.4%  R6=5.2%  R7=4.3%  R8=4.0%  R9=2.8%  R10=2.9%  AI=4.7%
  action mix (vs pair_all_in):  F=18.4%  C=15.4%  R0=1.2%  R1=1.0%  R2=8.1%  R3=7.6%  R4=8.2%  R5=6.8%  R6=8.0%  R7=5.8%  R8=7.0%  R9=5.7%  R10=5.5%  AI=1.4%

update=6300  step=309706752  pg=-0.0145  vf=4.1739  H=1.8007  kl=0.0021  clip=0.1122  ev=0.5468  lr=0.000145
[update 6300]  rollout=592.9ms  update=358.3ms  pool=20/20
update=6310  step=310198272  pg=-0.0138  vf=4.0899  H=1.8113  kl=0.0020  clip=0.1031  ev=0.5390  lr=0.000145
[update 6310]  rollout=550.5ms  update=327.6ms  pool=20/20
update=6320  step=310689792  pg=-0.0138  vf=4.3849  H=1.8077  kl=0.0019  clip=0.1027  ev=0.5129  lr=0.000145
[update 6320]  rollout=541.1ms  update=326.5ms  pool=20/20
update=6330  step=311181312  pg=-0.0142  vf=4.1390  H=1.8080  kl=0.0019  clip=0.0998  ev=0.5361  lr=0.000144
[update 6330]  rollout=567.2ms  update=331.5ms  pool=20/20
update=6340  step=311672832  pg=-0.0133  vf=4.1821  H=1.8103  kl=0.0020  clip=0.1022  ev=0.5171  lr=0.000144
[update 6340]  rollout=554.9ms  update=327.6ms  pool=20/20

[league eval @ update 6349  duration=10015.5ms]
──────────────────────────────────────────────────────────────────
  vs anchor          hands     bb/hand     win%     mode-collapse?
──────────────────────────────────────────────────────────────────
  uniform            10000       9.632     47.8%    top=21.5%
  random_init        10000       9.433     46.9%    top=21.2%
  always_raise       10000       4.289     33.2%    top=23.1%
  always_call        10000       1.619     46.6%    top=19.9%
  pair_all_in        10000       0.037     86.3%    top=19.0%
──────────────────────────────────────────────────────────────────
  action mix (vs uniform):  F=19.2%  C=21.5%  R0=6.8%  R1=5.9%  R2=7.0%  R3=6.3%  R4=5.9%  R5=5.5%  R6=4.3%  R7=4.6%  R8=3.3%  R9=3.0%  R10=2.3%  AI=4.5%
  action mix (vs pair_all_in):  F=19.0%  C=14.9%  R0=1.4%  R1=1.2%  R2=7.8%  R3=7.5%  R4=7.6%  R5=8.1%  R6=6.7%  R7=7.2%  R8=6.1%  R9=5.3%  R10=5.2%  AI=2.0%

update=6350  step=312164352  pg=-0.0140  vf=4.2565  H=1.8115  kl=0.0019  clip=0.0985  ev=0.5095  lr=0.000144
[update 6350]  rollout=604.7ms  update=357.5ms  pool=20/20
update=6360  step=312655872  pg=-0.0137  vf=4.5133  H=1.8085  kl=0.0020  clip=0.1069  ev=0.5070  lr=0.000144
[update 6360]  rollout=535.5ms  update=330.3ms  pool=20/20
update=6370  step=313147392  pg=-0.0135  vf=3.8859  H=1.8248  kl=0.0019  clip=0.1030  ev=0.5324  lr=0.000143
[update 6370]  rollout=568.3ms  update=327.0ms  pool=20/20
update=6380  step=313638912  pg=-0.0135  vf=4.1410  H=1.8197  kl=0.0019  clip=0.1022  ev=0.5119  lr=0.000143
[update 6380]  rollout=611.7ms  update=326.7ms  pool=20/20
update=6390  step=314130432  pg=-0.0142  vf=3.7958  H=1.8253  kl=0.0020  clip=0.1041  ev=0.5265  lr=0.000143
[update 6390]  rollout=675.4ms  update=329.2ms  pool=20/20

[league eval @ update 6399  duration=14738.2ms]
──────────────────────────────────────────────────────────────────
  vs anchor          hands     bb/hand     win%     mode-collapse?
──────────────────────────────────────────────────────────────────
  uniform            10000       9.717     47.9%    top=21.3%
  random_init        10000       9.424     47.5%    top=21.5%
  always_raise       10000       3.166     32.3%    top=23.3%
  always_call        10000       2.936     46.1%    top=20.9%
  pair_all_in        10000       0.201     86.5%    top=19.1%
──────────────────────────────────────────────────────────────────
  action mix (vs uniform):  F=19.0%  C=21.3%  R0=6.5%  R1=6.1%  R2=6.2%  R3=6.2%  R4=6.2%  R5=5.0%  R6=4.4%  R7=4.1%  R8=4.0%  R9=3.2%  R10=3.0%  AI=4.8%
  action mix (vs pair_all_in):  F=19.1%  C=16.0%  R0=1.3%  R1=0.9%  R2=7.5%  R3=7.8%  R4=7.7%  R5=7.2%  R6=6.2%  R7=6.0%  R8=6.8%  R9=6.2%  R10=5.9%  AI=1.5%

update=6400  step=314621952  pg=-0.0131  vf=4.0434  H=1.8326  kl=0.0019  clip=0.0989  ev=0.4980  lr=0.000143
[update 6400]  rollout=654.4ms  update=338.7ms  pool=20/20
update=6410  step=315113472  pg=-0.0142  vf=4.0961  H=1.8189  kl=0.0020  clip=0.1032  ev=0.5340  lr=0.000142
[update 6410]  rollout=562.8ms  update=327.2ms  pool=20/20
update=6420  step=315604992  pg=-0.0139  vf=4.1032  H=1.8207  kl=0.0021  clip=0.1096  ev=0.5141  lr=0.000142
[update 6420]  rollout=677.9ms  update=329.0ms  pool=20/20
update=6430  step=316096512  pg=-0.0130  vf=4.1148  H=1.8230  kl=0.0020  clip=0.1000  ev=0.5210  lr=0.000142
[update 6430]  rollout=615.6ms  update=328.3ms  pool=20/20
update=6440  step=316588032  pg=-0.0143  vf=3.6159  H=1.8303  kl=0.0021  clip=0.1063  ev=0.5350  lr=0.000142
[update 6440]  rollout=621.3ms  update=329.4ms  pool=20/20

[league eval @ update 6449  duration=10207.9ms]
──────────────────────────────────────────────────────────────────
  vs anchor          hands     bb/hand     win%     mode-collapse?
──────────────────────────────────────────────────────────────────
  uniform            10000       9.789     47.2%    top=21.1%
  random_init        10000       8.882     46.9%    top=20.8%
  always_raise       10000       3.416     32.1%    top=22.3%
  always_call        10000       2.252     46.7%    top=20.7%
  pair_all_in        10000       0.069     86.6%    top=19.3%
──────────────────────────────────────────────────────────────────
  action mix (vs uniform):  F=19.7%  C=21.1%  R0=6.2%  R1=5.8%  R2=6.7%  R3=6.2%  R4=5.7%  R5=5.3%  R6=4.9%  R7=4.5%  R8=3.8%  R9=2.8%  R10=2.8%  AI=4.6%
  action mix (vs pair_all_in):  F=19.3%  C=13.9%  R0=1.0%  R1=1.1%  R2=8.0%  R3=7.7%  R4=7.6%  R5=7.6%  R6=7.3%  R7=7.8%  R8=6.2%  R9=5.5%  R10=5.4%  AI=1.6%

update=6450  step=317079552  pg=-0.0133  vf=3.9916  H=1.8254  kl=0.0019  clip=0.0973  ev=0.5253  lr=0.000141
[update 6450]  rollout=586.3ms  update=356.6ms  pool=20/20
update=6460  step=317571072  pg=-0.0126  vf=4.1232  H=1.8316  kl=0.0020  clip=0.1019  ev=0.4923  lr=0.000141
[update 6460]  rollout=561.1ms  update=338.6ms  pool=20/20
update=6470  step=318062592  pg=-0.0135  vf=3.9375  H=1.8260  kl=0.0018  clip=0.0950  ev=0.5187  lr=0.000141
[update 6470]  rollout=612.7ms  update=327.3ms  pool=20/20
update=6480  step=318554112  pg=-0.0130  vf=3.9424  H=1.8248  kl=0.0019  clip=0.0980  ev=0.5198  lr=0.000141
[update 6480]  rollout=583.6ms  update=325.3ms  pool=20/20
update=6490  step=319045632  pg=-0.0134  vf=4.0541  H=1.8298  kl=0.0019  clip=0.0997  ev=0.5176  lr=0.000141
[update 6490]  rollout=594.9ms  update=328.9ms  pool=20/20

[league eval @ update 6499  duration=10878.8ms]
──────────────────────────────────────────────────────────────────
  vs anchor          hands     bb/hand     win%     mode-collapse?
──────────────────────────────────────────────────────────────────
  uniform            10000      10.461     47.9%    top=21.5%
  random_init        10000       9.962     48.6%    top=21.4%
  always_raise       10000       3.566     32.9%    top=23.1%
  always_call        10000       2.733     46.7%    top=20.8%
  pair_all_in        10000       0.054     86.5%    top=18.4%
──────────────────────────────────────────────────────────────────
  action mix (vs uniform):  F=19.6%  C=21.5%  R0=6.9%  R1=6.2%  R2=6.2%  R3=6.2%  R4=5.9%  R5=5.2%  R6=4.2%  R7=4.2%  R8=3.4%  R9=3.0%  R10=2.8%  AI=4.7%
  action mix (vs pair_all_in):  F=18.4%  C=16.9%  R0=1.3%  R1=1.5%  R2=7.6%  R3=8.6%  R4=7.6%  R5=6.8%  R6=6.4%  R7=6.7%  R8=5.8%  R9=5.4%  R10=5.8%  AI=1.3%

update=6500  step=319537152  pg=-0.0138  vf=3.9682  H=1.8096  kl=0.0020  clip=0.1024  ev=0.5429  lr=0.000140
[update 6500]  rollout=613.6ms  update=341.4ms  pool=20/20
update=6510  step=320028672  pg=-0.0131  vf=3.8809  H=1.8269  kl=0.0019  clip=0.0991  ev=0.5196  lr=0.000140
[update 6510]  rollout=549.7ms  update=328.4ms  pool=20/20
update=6520  step=320520192  pg=-0.0128  vf=3.9349  H=1.8390  kl=0.0020  clip=0.1030  ev=0.5163  lr=0.000140
[update 6520]  rollout=554.5ms  update=332.4ms  pool=20/20
update=6530  step=321011712  pg=-0.0133  vf=4.0786  H=1.8290  kl=0.0019  clip=0.0999  ev=0.5166  lr=0.000140
[update 6530]  rollout=564.9ms  update=329.5ms  pool=20/20
update=6540  step=321503232  pg=-0.0132  vf=3.9559  H=1.8305  kl=0.0019  clip=0.1002  ev=0.5082  lr=0.000139
[update 6540]  rollout=570.9ms  update=328.1ms  pool=20/20

[league eval @ update 6549  duration=9894.25ms]
──────────────────────────────────────────────────────────────────
  vs anchor          hands     bb/hand     win%     mode-collapse?
──────────────────────────────────────────────────────────────────
  random_init        10000       9.988     47.6%    top=21.5%
  uniform            10000       9.480     47.3%    top=21.2%
  always_call        10000       3.634     46.7%    top=21.8%
  always_raise       10000       3.438     32.1%    top=22.9%
  pair_all_in        10000       0.076     86.3%    top=18.8%
──────────────────────────────────────────────────────────────────
  action mix (vs uniform):  F=19.9%  C=21.2%  R0=6.4%  R1=6.1%  R2=6.4%  R3=5.9%  R4=5.7%  R5=5.0%  R6=4.6%  R7=4.2%  R8=3.5%  R9=3.7%  R10=2.8%  AI=4.6%
  action mix (vs pair_all_in):  F=18.8%  C=15.7%  R0=1.1%  R1=1.0%  R2=7.3%  R3=7.7%  R4=8.0%  R5=7.7%  R6=6.3%  R7=6.2%  R8=5.8%  R9=6.8%  R10=5.8%  AI=1.8%

update=6550  step=321994752  pg=-0.0130  vf=3.8149  H=1.8342  kl=0.0019  clip=0.0992  ev=0.5092  lr=0.000139
[update 6550]  rollout=574.6ms  update=360.3ms  pool=20/20
update=6560  step=322486272  pg=-0.0129  vf=3.7005  H=1.8292  kl=0.0019  clip=0.0950  ev=0.5341  lr=0.000139
[update 6560]  rollout=558.5ms  update=329.0ms  pool=20/20
update=6570  step=322977792  pg=-0.0126  vf=3.9597  H=1.8272  kl=0.0018  clip=0.0967  ev=0.5262  lr=0.000139
[update 6570]  rollout=544.8ms  update=325.2ms  pool=20/20
update=6580  step=323469312  pg=-0.0132  vf=4.2610  H=1.8111  kl=0.0018  clip=0.0921  ev=0.5116  lr=0.000138
[update 6580]  rollout=593.9ms  update=335.2ms  pool=20/20
update=6590  step=323960832  pg=-0.0138  vf=4.1331  H=1.8049  kl=0.0020  clip=0.0977  ev=0.5331  lr=0.000138
[update 6590]  rollout=610.1ms  update=328.1ms  pool=20/20

[league eval @ update 6599  duration=10265.7ms]
──────────────────────────────────────────────────────────────────
  vs anchor          hands     bb/hand     win%     mode-collapse?
──────────────────────────────────────────────────────────────────
  random_init        10000       9.418     47.3%    top=21.4%
  uniform            10000       9.132     47.5%    top=21.6%
  always_raise       10000       4.719     32.9%    top=24.0%
  always_call        10000       3.083     46.4%    top=21.4%
  pair_all_in        10000       0.055     85.7%    top=19.7%
──────────────────────────────────────────────────────────────────
  action mix (vs uniform):  F=19.6%  C=21.6%  R0=6.2%  R1=5.6%  R2=7.0%  R3=6.3%  R4=5.2%  R5=5.2%  R6=4.6%  R7=3.9%  R8=4.1%  R9=3.3%  R10=2.7%  AI=4.6%
  action mix (vs pair_all_in):  F=19.7%  C=15.8%  R0=1.2%  R1=0.8%  R2=8.2%  R3=8.1%  R4=7.3%  R5=7.0%  R6=6.2%  R7=6.2%  R8=7.4%  R9=5.1%  R10=5.3%  AI=1.5%

update=6600  step=324452352  pg=-0.0132  vf=4.1664  H=1.8139  kl=0.0019  clip=0.0980  ev=0.5141  lr=0.000138
[update 6600]  rollout=579.1ms  update=354.7ms  pool=20/20
update=6610  step=324943872  pg=-0.0134  vf=4.0511  H=1.8192  kl=0.0020  clip=0.1026  ev=0.5258  lr=0.000138
[update 6610]  rollout=609.3ms  update=328.3ms  pool=20/20
update=6620  step=325435392  pg=-0.0133  vf=4.2854  H=1.8132  kl=0.0019  clip=0.0963  ev=0.5052  lr=0.000137
[update 6620]  rollout=564.6ms  update=327.7ms  pool=20/20
update=6630  step=325926912  pg=-0.0128  vf=4.2460  H=1.8148  kl=0.0019  clip=0.0991  ev=0.5080  lr=0.000137
[update 6630]  rollout=546.6ms  update=329.5ms  pool=20/20
update=6640  step=326418432  pg=-0.0130  vf=3.9806  H=1.8270  kl=0.0018  clip=0.0949  ev=0.4934  lr=0.000137
[update 6640]  rollout=567.1ms  update=331.7ms  pool=20/20

[league eval @ update 6649  duration=10236.7ms]
──────────────────────────────────────────────────────────────────
  vs anchor          hands     bb/hand     win%     mode-collapse?
──────────────────────────────────────────────────────────────────
  uniform            10000      10.171     48.9%    top=20.9%
  random_init        10000       9.504     48.0%    top=21.0%
  always_raise       10000       3.988     33.0%    top=23.6%
  always_call        10000       2.980     46.6%    top=20.3%
  pair_all_in        10000      -0.024     87.0%    top=18.3%
──────────────────────────────────────────────────────────────────
  action mix (vs uniform):  F=18.8%  C=20.9%  R0=7.1%  R1=5.9%  R2=6.9%  R3=6.2%  R4=5.6%  R5=5.1%  R6=4.7%  R7=4.4%  R8=3.9%  R9=3.2%  R10=2.8%  AI=4.4%
  action mix (vs pair_all_in):  F=18.3%  C=13.6%  R0=0.8%  R1=1.1%  R2=8.3%  R3=7.6%  R4=8.0%  R5=7.9%  R6=7.8%  R7=7.0%  R8=6.5%  R9=6.4%  R10=5.2%  AI=1.3%

update=6650  step=326909952  pg=-0.0134  vf=4.2087  H=1.8126  kl=0.0018  clip=0.0938  ev=0.4981  lr=0.000137
[update 6650]  rollout=586.9ms  update=356.1ms  pool=20/20
update=6660  step=327401472  pg=-0.0131  vf=4.2583  H=1.8021  kl=0.0019  clip=0.0947  ev=0.5161  lr=0.000136
[update 6660]  rollout=551.6ms  update=328.5ms  pool=20/20
update=6670  step=327892992  pg=-0.0133  vf=3.9802  H=1.8139  kl=0.0019  clip=0.0938  ev=0.5196  lr=0.000136
[update 6670]  rollout=551.5ms  update=331.1ms  pool=20/20
update=6680  step=328384512  pg=-0.0135  vf=3.8210  H=1.8145  kl=0.0018  clip=0.0952  ev=0.5439  lr=0.000136
[update 6680]  rollout=562.1ms  update=328.4ms  pool=20/20
update=6690  step=328876032  pg=-0.0135  vf=3.6173  H=1.8213  kl=0.0019  clip=0.1003  ev=0.5498  lr=0.000136
[update 6690]  rollout=608.2ms  update=326.6ms  pool=20/20

[league eval @ update 6699  duration=16566.1ms]
──────────────────────────────────────────────────────────────────
  vs anchor          hands     bb/hand     win%     mode-collapse?
──────────────────────────────────────────────────────────────────
  uniform            10000       9.860     48.0%    top=21.8%
  random_init        10000       9.599     47.7%    top=21.4%
  always_raise       10000       4.247     33.9%    top=23.5%
  always_call        10000       2.501     46.6%    top=20.2%
  pair_all_in        10000       0.034     87.0%    top=17.9%
──────────────────────────────────────────────────────────────────
  action mix (vs uniform):  F=18.9%  C=21.8%  R0=6.1%  R1=6.2%  R2=6.8%  R3=5.4%  R4=6.4%  R5=5.2%  R6=4.7%  R7=4.4%  R8=3.5%  R9=3.1%  R10=3.0%  AI=4.6%
  action mix (vs pair_all_in):  F=17.9%  C=15.1%  R0=0.8%  R1=0.8%  R2=7.9%  R3=7.8%  R4=8.9%  R5=7.5%  R6=6.8%  R7=6.8%  R8=6.1%  R9=6.0%  R10=5.8%  AI=1.7%

update=6700  step=329367552  pg=-0.0126  vf=4.0570  H=1.8255  kl=0.0018  clip=0.0927  ev=0.5114  lr=0.000135
[update 6700]  rollout=622.6ms  update=363.8ms  pool=20/20
update=6710  step=329859072  pg=-0.0134  vf=4.0374  H=1.8297  kl=0.0019  clip=0.0991  ev=0.5265  lr=0.000135
[update 6710]  rollout=579.3ms  update=325.6ms  pool=20/20
update=6720  step=330350592  pg=-0.0131  vf=4.1583  H=1.8170  kl=0.0018  clip=0.0931  ev=0.5190  lr=0.000135
[update 6720]  rollout=591.8ms  update=330.6ms  pool=20/20
update=6730  step=330842112  pg=-0.0130  vf=3.7143  H=1.8389  kl=0.0018  clip=0.0954  ev=0.5287  lr=0.000135
[update 6730]  rollout=612.8ms  update=329.2ms  pool=20/20
update=6740  step=331333632  pg=-0.0127  vf=3.8967  H=1.8224  kl=0.0018  clip=0.0943  ev=0.5354  lr=0.000134
[update 6740]  rollout=600.8ms  update=326.6ms  pool=20/20

[league eval @ update 6749  duration=14256.9ms]
──────────────────────────────────────────────────────────────────
  vs anchor          hands     bb/hand     win%     mode-collapse?
──────────────────────────────────────────────────────────────────
  uniform            10000       9.506     46.4%    top=20.4%
  random_init        10000       9.380     47.2%    top=20.2%
  always_raise       10000       3.920     32.5%    top=23.7%
  always_call        10000       3.603     47.6%    top=21.0%
  pair_all_in        10000       0.017     85.8%    top=19.9%
──────────────────────────────────────────────────────────────────
  action mix (vs uniform):  F=20.2%  C=20.4%  R0=6.6%  R1=5.1%  R2=6.5%  R3=6.0%  R4=6.1%  R5=5.7%  R6=4.9%  R7=4.6%  R8=3.7%  R9=2.9%  R10=2.5%  AI=4.5%
  action mix (vs pair_all_in):  F=19.9%  C=14.7%  R0=1.3%  R1=0.9%  R2=7.5%  R3=7.6%  R4=8.0%  R5=8.1%  R6=6.7%  R7=7.4%  R8=6.1%  R9=5.1%  R10=5.1%  AI=1.6%

[best-response eval @ update 6749  seeds=1  bb/hand max=1.698  mean=1.698  min=1.698  std=0.000  best-win%=48.6  duration=1094459ms]

update=6750  step=331825152  pg=-0.0128  vf=4.3647  H=1.8244  kl=0.0018  clip=0.0883  ev=0.5026  lr=0.000134
[update 6750]  rollout=672.4ms  update=372.1ms  pool=20/20
update=6760  step=332316672  pg=-0.0138  vf=4.1666  H=1.8077  kl=0.0019  clip=0.0978  ev=0.5276  lr=0.000134
[update 6760]  rollout=627.6ms  update=333.7ms  pool=20/20
update=6770  step=332808192  pg=-0.0127  vf=4.0258  H=1.8203  kl=0.0018  clip=0.0883  ev=0.5161  lr=0.000134
[update 6770]  rollout=646.6ms  update=343.3ms  pool=20/20
update=6780  step=333299712  pg=-0.0121  vf=3.9443  H=1.8383  kl=0.0020  clip=0.0979  ev=0.5150  lr=0.000133
[update 6780]  rollout=665.5ms  update=330.9ms  pool=20/20
update=6790  step=333791232  pg=-0.0129  vf=4.0821  H=1.8274  kl=0.0018  clip=0.0957  ev=0.5172  lr=0.000133
[update 6790]  rollout=731.5ms  update=336.1ms  pool=20/20

[league eval @ update 6799  duration=13062.3ms]
──────────────────────────────────────────────────────────────────
  vs anchor          hands     bb/hand     win%     mode-collapse?
──────────────────────────────────────────────────────────────────
  uniform            10000       9.476     47.5%    top=20.8%
  random_init        10000       9.460     47.2%    top=20.9%
  always_raise       10000       3.577     32.7%    top=24.4%
  always_call        10000       2.984     47.5%    top=23.1%
  pair_all_in        10000      -0.045     86.4%    top=18.7%
──────────────────────────────────────────────────────────────────
  action mix (vs uniform):  F=19.4%  C=20.8%  R0=6.2%  R1=5.7%  R2=7.1%  R3=6.4%  R4=5.6%  R5=5.6%  R6=4.9%  R7=4.6%  R8=3.7%  R9=2.9%  R10=2.8%  AI=4.5%
  action mix (vs pair_all_in):  F=18.7%  C=14.2%  R0=1.0%  R1=1.0%  R2=8.0%  R3=8.1%  R4=7.3%  R5=7.6%  R6=8.0%  R7=7.8%  R8=6.2%  R9=5.8%  R10=5.1%  AI=1.3%

update=6800  step=334282752  pg=-0.0136  vf=4.1068  H=1.8158  kl=0.0019  clip=0.0981  ev=0.5225  lr=0.000133
[update 6800]  rollout=709.5ms  update=362.1ms  pool=20/20
update=6810  step=334774272  pg=-0.0128  vf=4.1676  H=1.8209  kl=0.0017  clip=0.0878  ev=0.5152  lr=0.000133
[update 6810]  rollout=626.9ms  update=330.0ms  pool=20/20
update=6820  step=335265792  pg=-0.0132  vf=4.1134  H=1.8174  kl=0.0018  clip=0.0926  ev=0.5150  lr=0.000132
[update 6820]  rollout=691.9ms  update=330.2ms  pool=20/20
update=6830  step=335757312  pg=-0.0132  vf=4.2245  H=1.8051  kl=0.0018  clip=0.0911  ev=0.5180  lr=0.000132
[update 6830]  rollout=642.0ms  update=332.5ms  pool=20/20
update=6840  step=336248832  pg=-0.0131  vf=4.2543  H=1.8060  kl=0.0018  clip=0.0911  ev=0.5226  lr=0.000132
[update 6840]  rollout=604.1ms  update=331.5ms  pool=20/20

[league eval @ update 6849  duration=12151.1ms]
──────────────────────────────────────────────────────────────────
  vs anchor          hands     bb/hand     win%     mode-collapse?
──────────────────────────────────────────────────────────────────
  uniform            10000       9.634     47.4%    top=20.9%
  random_init        10000       9.531     47.1%    top=20.8%
  always_raise       10000       4.189     32.3%    top=23.3%
  always_call        10000       3.153     46.6%    top=21.0%
  pair_all_in        10000       0.097     86.2%    top=19.1%
──────────────────────────────────────────────────────────────────
  action mix (vs uniform):  F=19.4%  C=20.9%  R0=6.5%  R1=6.0%  R2=7.3%  R3=6.2%  R4=5.9%  R5=5.2%  R6=4.9%  R7=4.1%  R8=3.6%  R9=3.1%  R10=2.6%  AI=4.5%
  action mix (vs pair_all_in):  F=19.1%  C=14.2%  R0=1.2%  R1=1.0%  R2=8.9%  R3=8.4%  R4=7.7%  R5=6.9%  R6=7.2%  R7=7.0%  R8=6.3%  R9=5.5%  R10=5.1%  AI=1.5%

update=6850  step=336740352  pg=-0.0127  vf=4.2463  H=1.8100  kl=0.0018  clip=0.0918  ev=0.5198  lr=0.000132
[update 6850]  rollout=696.1ms  update=365.4ms  pool=20/20
update=6860  step=337231872  pg=-0.0134  vf=3.9664  H=1.8175  kl=0.0018  clip=0.0911  ev=0.5220  lr=0.000131
[update 6860]  rollout=634.5ms  update=334.6ms  pool=20/20
update=6870  step=337723392  pg=-0.0129  vf=3.9781  H=1.8204  kl=0.0019  clip=0.0948  ev=0.5115  lr=0.000131
[update 6870]  rollout=651.4ms  update=337.1ms  pool=20/20
update=6880  step=338214912  pg=-0.0129  vf=3.8775  H=1.8198  kl=0.0018  clip=0.0876  ev=0.5243  lr=0.000131
[update 6880]  rollout=662.2ms  update=338.2ms  pool=20/20
update=6890  step=338706432  pg=-0.0127  vf=4.1086  H=1.8164  kl=0.0018  clip=0.0946  ev=0.5096  lr=0.000131
[update 6890]  rollout=641.1ms  update=332.0ms  pool=20/20

[league eval @ update 6899  duration=12890.2ms]
──────────────────────────────────────────────────────────────────
  vs anchor          hands     bb/hand     win%     mode-collapse?
──────────────────────────────────────────────────────────────────
  uniform            10000       9.817     48.0%    top=21.1%
  random_init        10000       9.609     48.4%    top=22.2%
  always_raise       10000       4.034     33.2%    top=23.8%
  always_call        10000       2.495     46.2%    top=20.6%
  pair_all_in        10000       0.167     86.3%    top=19.6%
──────────────────────────────────────────────────────────────────
  action mix (vs uniform):  F=19.4%  C=21.1%  R0=6.5%  R1=5.8%  R2=6.3%  R3=6.4%  R4=5.7%  R5=5.0%  R6=4.5%  R7=4.1%  R8=3.7%  R9=3.8%  R10=2.9%  AI=4.7%
  action mix (vs pair_all_in):  F=19.6%  C=15.1%  R0=1.5%  R1=1.2%  R2=6.6%  R3=7.3%  R4=8.0%  R5=6.8%  R6=7.1%  R7=7.2%  R8=6.1%  R9=6.5%  R10=5.6%  AI=1.4%

update=6900  step=339197952  pg=-0.0134  vf=3.9916  H=1.8063  kl=0.0019  clip=0.0957  ev=0.5320  lr=0.000130
[update 6900]  rollout=723.8ms  update=363.4ms  pool=20/20
update=6910  step=339689472  pg=-0.0124  vf=4.1981  H=1.8186  kl=0.0019  clip=0.0941  ev=0.5171  lr=0.000130
[update 6910]  rollout=630.2ms  update=333.0ms  pool=20/20
update=6920  step=340180992  pg=-0.0132  vf=4.1935  H=1.8141  kl=0.0018  clip=0.0888  ev=0.5242  lr=0.000130
[update 6920]  rollout=648.1ms  update=332.7ms  pool=20/20
update=6930  step=340672512  pg=-0.0130  vf=4.0425  H=1.8172  kl=0.0018  clip=0.0935  ev=0.5200  lr=0.000130
[update 6930]  rollout=655.1ms  update=338.5ms  pool=20/20
update=6940  step=341164032  pg=-0.0131  vf=3.9888  H=1.8160  kl=0.0019  clip=0.0959  ev=0.5380  lr=0.000129
[update 6940]  rollout=641.8ms  update=331.0ms  pool=20/20

[league eval @ update 6949  duration=12517.6ms]
──────────────────────────────────────────────────────────────────
  vs anchor          hands     bb/hand     win%     mode-collapse?
──────────────────────────────────────────────────────────────────
  uniform            10000      10.281     47.7%    top=21.3%
  random_init        10000       9.772     48.0%    top=21.0%
  always_raise       10000       4.296     32.9%    top=23.2%
  always_call        10000       2.954     47.0%    top=20.7%
  pair_all_in        10000       0.061     86.5%    top=18.8%
──────────────────────────────────────────────────────────────────
  action mix (vs uniform):  F=19.5%  C=21.3%  R0=6.5%  R1=5.9%  R2=6.6%  R3=6.1%  R4=5.9%  R5=5.3%  R6=5.0%  R7=4.2%  R8=3.5%  R9=3.1%  R10=2.4%  AI=4.6%
  action mix (vs pair_all_in):  F=18.8%  C=15.0%  R0=1.2%  R1=0.9%  R2=7.6%  R3=7.7%  R4=7.4%  R5=7.8%  R6=8.1%  R7=6.7%  R8=6.9%  R9=5.5%  R10=5.2%  AI=1.1%

update=6950  step=341655552  pg=-0.0130  vf=3.9366  H=1.8227  kl=0.0019  clip=0.0949  ev=0.5280  lr=0.000129
[update 6950]  rollout=671.5ms  update=381.1ms  pool=20/20
update=6960  step=342147072  pg=-0.0128  vf=4.1296  H=1.8136  kl=0.0018  clip=0.0892  ev=0.5185  lr=0.000129
[update 6960]  rollout=626.9ms  update=333.3ms  pool=20/20
update=6970  step=342638592  pg=-0.0131  vf=4.3175  H=1.8037  kl=0.0018  clip=0.0926  ev=0.5171  lr=0.000129
[update 6970]  rollout=654.3ms  update=337.0ms  pool=20/20
update=6980  step=343130112  pg=-0.0126  vf=4.0560  H=1.8223  kl=0.0017  clip=0.0869  ev=0.5144  lr=0.000128
[update 6980]  rollout=627.7ms  update=331.3ms  pool=20/20
update=6990  step=343621632  pg=-0.0128  vf=3.9700  H=1.8293  kl=0.0019  clip=0.0960  ev=0.5303  lr=0.000128
[update 6990]  rollout=640.1ms  update=333.9ms  pool=20/20

[league eval @ update 6999  duration=12507.5ms]
──────────────────────────────────────────────────────────────────
  vs anchor          hands     bb/hand     win%     mode-collapse?
──────────────────────────────────────────────────────────────────
  random_init        10000       9.771     47.4%    top=21.3%
  uniform            10000       9.591     47.2%    top=20.8%
  always_raise       10000       4.093     33.5%    top=24.3%
  always_call        10000       2.775     47.0%    top=19.6%
  pair_all_in        10000       0.114     86.4%    top=18.9%
──────────────────────────────────────────────────────────────────
  action mix (vs uniform):  F=20.2%  C=20.8%  R0=6.7%  R1=5.9%  R2=6.7%  R3=6.2%  R4=5.9%  R5=4.9%  R6=4.6%  R7=4.3%  R8=3.4%  R9=3.1%  R10=3.0%  AI=4.4%
  action mix (vs pair_all_in):  F=18.9%  C=15.6%  R0=1.3%  R1=1.0%  R2=8.3%  R3=8.1%  R4=7.3%  R5=6.8%  R6=6.7%  R7=7.2%  R8=6.4%  R9=5.3%  R10=5.8%  AI=1.2%

update=7000  step=344113152  pg=-0.0124  vf=4.2688  H=1.8261  kl=0.0017  clip=0.0855  ev=0.4938  lr=0.000128
[update 7000]  rollout=646.0ms  update=365.8ms  pool=20/20
update=7010  step=344604672  pg=-0.0121  vf=4.2599  H=1.8158  kl=0.0017  clip=0.0844  ev=0.5146  lr=0.000128
[update 7010]  rollout=637.1ms  update=331.9ms  pool=20/20
update=7020  step=345096192  pg=-0.0129  vf=4.1099  H=1.8086  kl=0.0018  clip=0.0955  ev=0.5265  lr=0.000127
[update 7020]  rollout=650.7ms  update=334.5ms  pool=20/20
update=7030  step=345587712  pg=-0.0125  vf=4.3068  H=1.8128  kl=0.0017  clip=0.0867  ev=0.5020  lr=0.000127
[update 7030]  rollout=645.1ms  update=333.7ms  pool=20/20
update=7040  step=346079232  pg=-0.0125  vf=4.2142  H=1.8125  kl=0.0019  clip=0.0967  ev=0.5168  lr=0.000127
[update 7040]  rollout=673.0ms  update=332.2ms  pool=20/20

[league eval @ update 7049  duration=12811.2ms]
──────────────────────────────────────────────────────────────────
  vs anchor          hands     bb/hand     win%     mode-collapse?
──────────────────────────────────────────────────────────────────
  random_init        10000       9.980     47.7%    top=20.5%
  uniform            10000       9.232     47.0%    top=21.4%
  always_raise       10000       4.804     33.3%    top=23.3%
  always_call        10000       3.042     47.4%    top=21.8%
  pair_all_in        10000       0.102     86.7%    top=18.4%
──────────────────────────────────────────────────────────────────
  action mix (vs uniform):  F=19.6%  C=21.4%  R0=6.3%  R1=6.2%  R2=6.8%  R3=5.8%  R4=5.9%  R5=5.1%  R6=4.6%  R7=4.3%  R8=3.6%  R9=3.5%  R10=2.8%  AI=4.1%
  action mix (vs pair_all_in):  F=18.4%  C=15.2%  R0=0.8%  R1=1.4%  R2=8.2%  R3=6.8%  R4=8.9%  R5=8.4%  R6=7.3%  R7=6.4%  R8=5.8%  R9=5.7%  R10=5.6%  AI=1.0%

update=7050  step=346570752  pg=-0.0129  vf=4.0310  H=1.8139  kl=0.0019  clip=0.0937  ev=0.5101  lr=0.000127
[update 7050]  rollout=682.7ms  update=360.5ms  pool=20/20
update=7060  step=347062272  pg=-0.0125  vf=3.9283  H=1.8240  kl=0.0017  clip=0.0843  ev=0.5094  lr=0.000126
[update 7060]  rollout=613.5ms  update=331.6ms  pool=20/20
update=7070  step=347553792  pg=-0.0124  vf=4.1956  H=1.8069  kl=0.0017  clip=0.0882  ev=0.5269  lr=0.000126
[update 7070]  rollout=621.0ms  update=337.9ms  pool=20/20
update=7080  step=348045312  pg=-0.0129  vf=3.9028  H=1.8073  kl=0.0018  clip=0.0866  ev=0.5441  lr=0.000126
[update 7080]  rollout=611.4ms  update=329.6ms  pool=20/20
update=7090  step=348536832  pg=-0.0122  vf=4.0885  H=1.8154  kl=0.0018  clip=0.0884  ev=0.5063  lr=0.000126
[update 7090]  rollout=611.4ms  update=328.2ms  pool=20/20

[league eval @ update 7099  duration=12480.3ms]
──────────────────────────────────────────────────────────────────
  vs anchor          hands     bb/hand     win%     mode-collapse?
──────────────────────────────────────────────────────────────────
  random_init        10000       9.325     47.5%    top=20.9%
  uniform            10000       9.272     47.5%    top=21.3%
  always_raise       10000       3.667     33.1%    top=23.8%
  always_call        10000       2.929     46.5%    top=20.5%
  pair_all_in        10000      -0.020     86.8%    top=18.1%
──────────────────────────────────────────────────────────────────
  action mix (vs uniform):  F=19.1%  C=21.3%  R0=6.6%  R1=6.0%  R2=6.9%  R3=5.2%  R4=6.4%  R5=5.6%  R6=4.7%  R7=4.0%  R8=4.0%  R9=2.8%  R10=2.8%  AI=4.5%
  action mix (vs pair_all_in):  F=18.1%  C=14.9%  R0=1.1%  R1=1.3%  R2=8.9%  R3=6.8%  R4=7.9%  R5=8.0%  R6=8.0%  R7=5.9%  R8=7.0%  R9=5.2%  R10=5.3%  AI=1.6%

update=7100  step=349028352  pg=-0.0126  vf=3.9601  H=1.8254  kl=0.0018  clip=0.0936  ev=0.5094  lr=0.000126
[update 7100]  rollout=688.1ms  update=378.0ms  pool=20/20
update=7110  step=349519872  pg=-0.0132  vf=3.7370  H=1.8114  kl=0.0019  clip=0.0973  ev=0.5468  lr=0.000125
[update 7110]  rollout=581.0ms  update=326.1ms  pool=20/20
update=7120  step=350011392  pg=-0.0123  vf=3.8054  H=1.8110  kl=0.0018  clip=0.0917  ev=0.5385  lr=0.000125
[update 7120]  rollout=583.9ms  update=329.0ms  pool=20/20
update=7130  step=350502912  pg=-0.0122  vf=4.2618  H=1.8190  kl=0.0017  clip=0.0849  ev=0.5056  lr=0.000125
[update 7130]  rollout=613.8ms  update=329.6ms  pool=20/20
update=7140  step=350994432  pg=-0.0127  vf=4.1120  H=1.8093  kl=0.0018  clip=0.0918  ev=0.5080  lr=0.000125
[update 7140]  rollout=590.8ms  update=333.0ms  pool=20/20

[league eval @ update 7149  duration=11514.9ms]
──────────────────────────────────────────────────────────────────
  vs anchor          hands     bb/hand     win%     mode-collapse?
──────────────────────────────────────────────────────────────────
  random_init        10000       9.488     47.6%    top=21.8%
  uniform            10000       9.397     47.9%    top=21.7%
  always_raise       10000       4.633     33.9%    top=23.3%
  always_call        10000       2.992     47.0%    top=22.1%
  pair_all_in        10000      -0.036     87.0%    top=17.5%
──────────────────────────────────────────────────────────────────
  action mix (vs uniform):  F=19.3%  C=21.7%  R0=6.5%  R1=5.9%  R2=7.0%  R3=5.4%  R4=5.9%  R5=4.8%  R6=4.7%  R7=4.5%  R8=3.8%  R9=3.1%  R10=2.8%  AI=4.7%
  action mix (vs pair_all_in):  F=17.5%  C=16.3%  R0=1.2%  R1=1.3%  R2=7.5%  R3=7.1%  R4=7.2%  R5=7.5%  R6=7.3%  R7=7.5%  R8=6.6%  R9=6.0%  R10=5.8%  AI=1.4%

update=7150  step=351485952  pg=-0.0127  vf=3.9538  H=1.8185  kl=0.0019  clip=0.0938  ev=0.5152  lr=0.000124
[update 7150]  rollout=606.3ms  update=352.0ms  pool=20/20
update=7160  step=351977472  pg=-0.0119  vf=4.2859  H=1.8170  kl=0.0017  clip=0.0841  ev=0.5040  lr=0.000124
[update 7160]  rollout=623.4ms  update=331.8ms  pool=20/20
update=7170  step=352468992  pg=-0.0121  vf=4.1807  H=1.8188  kl=0.0018  clip=0.0899  ev=0.5095  lr=0.000124
[update 7170]  rollout=591.9ms  update=332.2ms  pool=20/20
update=7180  step=352960512  pg=-0.0120  vf=4.1751  H=1.8064  kl=0.0016  clip=0.0841  ev=0.5182  lr=0.000124
[update 7180]  rollout=589.3ms  update=333.4ms  pool=20/20
update=7190  step=353452032  pg=-0.0121  vf=4.3799  H=1.8053  kl=0.0017  clip=0.0860  ev=0.5052  lr=0.000123
[update 7190]  rollout=566.8ms  update=331.3ms  pool=20/20

[league eval @ update 7199  duration=10604.9ms]
──────────────────────────────────────────────────────────────────
  vs anchor          hands     bb/hand     win%     mode-collapse?
──────────────────────────────────────────────────────────────────
  uniform            10000       9.443     47.0%    top=20.8%
  random_init        10000       9.256     47.0%    top=20.7%
  always_raise       10000       3.360     31.7%    top=23.3%
  always_call        10000       2.589     46.2%    top=22.4%
  pair_all_in        10000       0.150     86.4%    top=19.1%
──────────────────────────────────────────────────────────────────
  action mix (vs uniform):  F=20.2%  C=20.8%  R0=6.7%  R1=5.6%  R2=7.0%  R3=6.1%  R4=5.7%  R5=5.2%  R6=4.5%  R7=4.4%  R8=3.3%  R9=3.1%  R10=2.9%  AI=4.4%
  action mix (vs pair_all_in):  F=19.1%  C=15.8%  R0=1.4%  R1=0.8%  R2=8.1%  R3=7.7%  R4=6.7%  R5=7.7%  R6=6.8%  R7=7.6%  R8=5.3%  R9=6.4%  R10=5.4%  AI=1.3%

update=7200  step=353943552  pg=-0.0127  vf=3.8979  H=1.8210  kl=0.0018  clip=0.0861  ev=0.5152  lr=0.000123
[update 7200]  rollout=587.2ms  update=341.1ms  pool=20/20
update=7210  step=354435072  pg=-0.0126  vf=3.9512  H=1.8107  kl=0.0018  clip=0.0872  ev=0.5270  lr=0.000123
[update 7210]  rollout=588.2ms  update=331.8ms  pool=20/20
update=7220  step=354926592  pg=-0.0121  vf=4.1492  H=1.8233  kl=0.0018  clip=0.0902  ev=0.4987  lr=0.000123
[update 7220]  rollout=593.7ms  update=333.4ms  pool=20/20
update=7230  step=355418112  pg=-0.0117  vf=4.1328  H=1.8161  kl=0.0018  clip=0.0886  ev=0.5189  lr=0.000122
[update 7230]  rollout=612.7ms  update=332.0ms  pool=20/20
update=7240  step=355909632  pg=-0.0128  vf=4.0459  H=1.8132  kl=0.0018  clip=0.0934  ev=0.5315  lr=0.000122
[update 7240]  rollout=578.6ms  update=333.1ms  pool=20/20

[league eval @ update 7249  duration=10696.7ms]
──────────────────────────────────────────────────────────────────
  vs anchor          hands     bb/hand     win%     mode-collapse?
──────────────────────────────────────────────────────────────────
  uniform            10000      10.004     48.0%    top=21.3%
  random_init        10000       9.225     47.4%    top=21.4%
  always_raise       10000       4.530     33.5%    top=24.3%
  always_call        10000       3.208     46.5%    top=19.5%
  pair_all_in        10000      -0.007     86.6%    top=19.0%
──────────────────────────────────────────────────────────────────
  action mix (vs uniform):  F=19.4%  C=21.3%  R0=6.6%  R1=5.9%  R2=6.9%  R3=5.7%  R4=6.2%  R5=5.4%  R6=4.3%  R7=4.6%  R8=3.3%  R9=3.1%  R10=2.7%  AI=4.7%
  action mix (vs pair_all_in):  F=19.0%  C=13.4%  R0=1.1%  R1=0.7%  R2=8.0%  R3=7.7%  R4=9.2%  R5=8.3%  R6=6.5%  R7=7.0%  R8=6.2%  R9=6.0%  R10=5.3%  AI=1.6%

update=7250  step=356401152  pg=-0.0121  vf=4.3278  H=1.8106  kl=0.0016  clip=0.0828  ev=0.5053  lr=0.000122
[update 7250]  rollout=600.6ms  update=353.6ms  pool=20/20
update=7260  step=356892672  pg=-0.0119  vf=3.9341  H=1.8183  kl=0.0018  clip=0.0926  ev=0.5273  lr=0.000122
[update 7260]  rollout=615.3ms  update=328.2ms  pool=20/20
update=7270  step=357384192  pg=-0.0119  vf=4.1856  H=1.8246  kl=0.0017  clip=0.0844  ev=0.4911  lr=0.000121
[update 7270]  rollout=620.1ms  update=328.8ms  pool=20/20
update=7280  step=357875712  pg=-0.0123  vf=4.0152  H=1.8243  kl=0.0018  clip=0.0891  ev=0.5126  lr=0.000121
[update 7280]  rollout=704.5ms  update=327.9ms  pool=20/20
update=7290  step=358367232  pg=-0.0119  vf=4.1761  H=1.8180  kl=0.0018  clip=0.0880  ev=0.5153  lr=0.000121
[update 7290]  rollout=627.1ms  update=327.3ms  pool=20/20

[league eval @ update 7299  duration=16689.7ms]
──────────────────────────────────────────────────────────────────
  vs anchor          hands     bb/hand     win%     mode-collapse?
──────────────────────────────────────────────────────────────────
  uniform            10000       9.920     47.7%    top=20.9%
  random_init        10000       9.366     47.6%    top=21.1%
  always_raise       10000       4.220     32.8%    top=23.6%
  always_call        10000       3.505     46.4%    top=21.5%
  pair_all_in        10000       0.086     86.5%    top=19.1%
──────────────────────────────────────────────────────────────────
  action mix (vs uniform):  F=19.5%  C=20.9%  R0=7.1%  R1=5.8%  R2=6.6%  R3=6.3%  R4=5.8%  R5=5.7%  R6=4.5%  R7=4.0%  R8=3.6%  R9=3.3%  R10=2.5%  AI=4.4%
  action mix (vs pair_all_in):  F=19.1%  C=14.1%  R0=1.1%  R1=1.1%  R2=7.2%  R3=8.5%  R4=7.7%  R5=8.7%  R6=6.2%  R7=6.4%  R8=6.2%  R9=7.0%  R10=5.4%  AI=1.2%

update=7300  step=358858752  pg=-0.0115  vf=4.1705  H=1.8217  kl=0.0017  clip=0.0825  ev=0.5187  lr=0.000121
[update 7300]  rollout=739.2ms  update=365.5ms  pool=20/20
update=7310  step=359350272  pg=-0.0121  vf=4.1339  H=1.8071  kl=0.0017  clip=0.0836  ev=0.5226  lr=0.000120
[update 7310]  rollout=624.5ms  update=328.1ms  pool=20/20
update=7320  step=359841792  pg=-0.0115  vf=4.0785  H=1.8148  kl=0.0017  clip=0.0855  ev=0.5214  lr=0.000120
[update 7320]  rollout=646.7ms  update=331.6ms  pool=20/20
update=7330  step=360333312  pg=-0.0120  vf=4.1804  H=1.8196  kl=0.0017  clip=0.0808  ev=0.5054  lr=0.000120
[update 7330]  rollout=646.5ms  update=328.3ms  pool=20/20
update=7340  step=360824832  pg=-0.0123  vf=3.9777  H=1.8297  kl=0.0017  clip=0.0862  ev=0.5045  lr=0.000120
[update 7340]  rollout=574.8ms  update=328.0ms  pool=20/20

[league eval @ update 7349  duration=11892.5ms]
──────────────────────────────────────────────────────────────────
  vs anchor          hands     bb/hand     win%     mode-collapse?
──────────────────────────────────────────────────────────────────
  random_init        10000       9.283     46.4%    top=21.2%
  uniform            10000       8.954     46.1%    top=21.0%
  always_raise       10000       5.400     34.4%    top=23.9%
  always_call        10000       3.941     47.1%    top=20.3%
  pair_all_in        10000       0.182     86.5%    top=19.3%
──────────────────────────────────────────────────────────────────
  action mix (vs uniform):  F=20.4%  C=21.0%  R0=6.7%  R1=6.0%  R2=6.6%  R3=5.5%  R4=5.6%  R5=5.4%  R6=4.9%  R7=3.7%  R8=3.8%  R9=3.6%  R10=2.7%  AI=4.2%
  action mix (vs pair_all_in):  F=19.3%  C=14.0%  R0=1.1%  R1=1.1%  R2=7.9%  R3=7.3%  R4=7.0%  R5=8.2%  R6=8.3%  R7=6.8%  R8=6.2%  R9=5.9%  R10=5.6%  AI=1.3%

update=7350  step=361316352  pg=-0.0119  vf=4.1267  H=1.8176  kl=0.0017  clip=0.0806  ev=0.5056  lr=0.000119
[update 7350]  rollout=618.9ms  update=351.4ms  pool=20/20
update=7360  step=361807872  pg=-0.0124  vf=4.2702  H=1.8109  kl=0.0017  clip=0.0854  ev=0.5098  lr=0.000119
[update 7360]  rollout=575.3ms  update=325.6ms  pool=20/20
update=7370  step=362299392  pg=-0.0120  vf=4.0478  H=1.8258  kl=0.0016  clip=0.0821  ev=0.5040  lr=0.000119
[update 7370]  rollout=590.0ms  update=332.7ms  pool=20/20
update=7380  step=362790912  pg=-0.0126  vf=3.9583  H=1.8162  kl=0.0017  clip=0.0870  ev=0.5287  lr=0.000119
[update 7380]  rollout=622.2ms  update=331.6ms  pool=20/20
update=7390  step=363282432  pg=-0.0121  vf=3.9289  H=1.8191  kl=0.0017  clip=0.0832  ev=0.5096  lr=0.000118
[update 7390]  rollout=576.8ms  update=327.5ms  pool=20/20

[league eval @ update 7399  duration=12771.9ms]
──────────────────────────────────────────────────────────────────
  vs anchor          hands     bb/hand     win%     mode-collapse?
──────────────────────────────────────────────────────────────────
  random_init        10000       9.477     47.3%    top=21.1%
  uniform            10000       9.145     46.1%    top=20.5%
  always_raise       10000       4.299     33.6%    top=23.8%
  always_call        10000       2.695     45.6%    top=20.7%
  pair_all_in        10000       0.079     86.5%    top=18.8%
──────────────────────────────────────────────────────────────────
  action mix (vs uniform):  F=20.4%  C=20.5%  R0=6.8%  R1=5.3%  R2=7.0%  R3=5.9%  R4=5.9%  R5=5.6%  R6=4.8%  R7=4.1%  R8=3.4%  R9=3.0%  R10=2.7%  AI=4.5%
  action mix (vs pair_all_in):  F=18.8%  C=15.5%  R0=1.1%  R1=1.4%  R2=8.3%  R3=6.9%  R4=7.7%  R5=7.7%  R6=7.5%  R7=6.6%  R8=6.1%  R9=5.8%  R10=5.3%  AI=1.3%

update=7400  step=363773952  pg=-0.0123  vf=4.0540  H=1.8044  kl=0.0017  clip=0.0857  ev=0.5245  lr=0.000118
[update 7400]  rollout=599.5ms  update=343.3ms  pool=20/20
update=7410  step=364265472  pg=-0.0117  vf=3.9406  H=1.8296  kl=0.0018  clip=0.0870  ev=0.5131  lr=0.000118
[update 7410]  rollout=607.8ms  update=326.4ms  pool=20/20
update=7420  step=364756992  pg=-0.0119  vf=3.8770  H=1.8145  kl=0.0017  clip=0.0823  ev=0.5383  lr=0.000118
[update 7420]  rollout=572.1ms  update=325.7ms  pool=20/20
update=7430  step=365248512  pg=-0.0118  vf=3.9991  H=1.8151  kl=0.0016  clip=0.0818  ev=0.5119  lr=0.000117
[update 7430]  rollout=576.1ms  update=332.3ms  pool=20/20
update=7440  step=365740032  pg=-0.0119  vf=4.1131  H=1.8133  kl=0.0016  clip=0.0760  ev=0.5172  lr=0.000117
[update 7440]  rollout=578.5ms  update=326.7ms  pool=20/20

[league eval @ update 7449  duration=11278ms]
──────────────────────────────────────────────────────────────────
  vs anchor          hands     bb/hand     win%     mode-collapse?
──────────────────────────────────────────────────────────────────
  uniform            10000      10.288     47.8%    top=21.8%
  random_init        10000       9.472     48.2%    top=21.2%
  always_raise       10000       4.618     33.3%    top=23.9%
  always_call        10000       2.478     45.5%    top=22.6%
  pair_all_in        10000       0.069     86.3%    top=18.8%
──────────────────────────────────────────────────────────────────
  action mix (vs uniform):  F=19.6%  C=21.8%  R0=7.3%  R1=5.6%  R2=6.5%  R3=6.1%  R4=5.5%  R5=4.6%  R6=5.0%  R7=3.9%  R8=3.4%  R9=3.1%  R10=2.8%  AI=4.7%
  action mix (vs pair_all_in):  F=18.8%  C=16.7%  R0=1.7%  R1=1.3%  R2=7.3%  R3=7.4%  R4=7.5%  R5=7.0%  R6=7.5%  R7=5.9%  R8=5.9%  R9=6.0%  R10=5.6%  AI=1.3%

update=7450  step=366231552  pg=-0.0113  vf=4.1574  H=1.8089  kl=0.0016  clip=0.0783  ev=0.5182  lr=0.000117
[update 7450]  rollout=617.9ms  update=366.9ms  pool=20/20
update=7460  step=366723072  pg=-0.0116  vf=4.2685  H=1.8101  kl=0.0016  clip=0.0830  ev=0.5131  lr=0.000117
[update 7460]  rollout=567.5ms  update=329.3ms  pool=20/20
update=7470  step=367214592  pg=-0.0119  vf=4.1684  H=1.8093  kl=0.0016  clip=0.0782  ev=0.5186  lr=0.000116
[update 7470]  rollout=554.2ms  update=328.2ms  pool=20/20
update=7480  step=367706112  pg=-0.0112  vf=4.0157  H=1.8209  kl=0.0017  clip=0.0846  ev=0.5232  lr=0.000116
[update 7480]  rollout=604.7ms  update=329.8ms  pool=20/20
update=7490  step=368197632  pg=-0.0120  vf=3.9042  H=1.8241  kl=0.0017  clip=0.0861  ev=0.5157  lr=0.000116
[update 7490]  rollout=599.8ms  update=328.4ms  pool=20/20

[league eval @ update 7499  duration=11271.3ms]
──────────────────────────────────────────────────────────────────
  vs anchor          hands     bb/hand     win%     mode-collapse?
──────────────────────────────────────────────────────────────────
  random_init        10000       9.469     46.9%    top=20.8%
  uniform            10000       9.395     47.5%    top=20.8%
  always_raise       10000       3.836     31.9%    top=23.1%
  always_call        10000       3.050     46.0%    top=21.3%
  pair_all_in        10000       0.068     86.8%    top=18.3%
──────────────────────────────────────────────────────────────────
  action mix (vs uniform):  F=19.5%  C=20.8%  R0=7.2%  R1=5.7%  R2=7.7%  R3=6.1%  R4=5.9%  R5=5.0%  R6=4.7%  R7=4.2%  R8=3.0%  R9=2.8%  R10=2.9%  AI=4.4%
  action mix (vs pair_all_in):  F=18.3%  C=16.3%  R0=1.2%  R1=1.3%  R2=9.3%  R3=7.9%  R4=6.9%  R5=7.8%  R6=6.6%  R7=6.8%  R8=5.7%  R9=5.7%  R10=4.8%  AI=1.4%

[best-response eval @ update 7499  seeds=1  bb/hand max=1.640  mean=1.640  min=1.640  std=0.000  best-win%=47.1  duration=1046694ms]

update=7500  step=368689152  pg=-0.0122  vf=3.9500  H=1.8144  kl=0.0017  clip=0.0819  ev=0.5266  lr=0.000116
[update 7500]  rollout=592.2ms  update=361.0ms  pool=20/20
update=7510  step=369180672  pg=-0.0115  vf=4.1643  H=1.8175  kl=0.0016  clip=0.0815  ev=0.5123  lr=0.000115
[update 7510]  rollout=616.9ms  update=335.1ms  pool=20/20
update=7520  step=369672192  pg=-0.0119  vf=4.0238  H=1.8069  kl=0.0016  clip=0.0818  ev=0.5120  lr=0.000115
[update 7520]  rollout=588.4ms  update=329.8ms  pool=20/20
update=7530  step=370163712  pg=-0.0114  vf=4.2091  H=1.7964  kl=0.0017  clip=0.0834  ev=0.5232  lr=0.000115
[update 7530]  rollout=566.4ms  update=330.8ms  pool=20/20
update=7540  step=370655232  pg=-0.0114  vf=4.4096  H=1.7974  kl=0.0016  clip=0.0827  ev=0.5095  lr=0.000115
[update 7540]  rollout=584.2ms  update=334.3ms  pool=20/20

[league eval @ update 7549  duration=10787.7ms]
──────────────────────────────────────────────────────────────────
  vs anchor          hands     bb/hand     win%     mode-collapse?
──────────────────────────────────────────────────────────────────
  random_init        10000      10.230     48.3%    top=21.7%
  uniform            10000       9.892     48.7%    top=22.2%
  always_raise       10000       4.630     34.6%    top=24.6%
  always_call        10000       3.173     46.5%    top=21.2%
  pair_all_in        10000       0.045     87.0%    top=18.1%
──────────────────────────────────────────────────────────────────
  action mix (vs uniform):  F=18.6%  C=22.2%  R0=6.6%  R1=6.1%  R2=7.2%  R3=6.2%  R4=6.5%  R5=4.8%  R6=4.7%  R7=4.4%  R8=2.8%  R9=2.9%  R10=2.4%  AI=4.4%
  action mix (vs pair_all_in):  F=18.1%  C=15.9%  R0=1.5%  R1=1.5%  R2=8.3%  R3=7.4%  R4=8.6%  R5=6.4%  R6=6.9%  R7=6.6%  R8=5.7%  R9=6.3%  R10=5.4%  AI=1.4%

update=7550  step=371146752  pg=-0.0115  vf=4.3900  H=1.8018  kl=0.0017  clip=0.0833  ev=0.5083  lr=0.000114
[update 7550]  rollout=621.9ms  update=342.2ms  pool=20/20
update=7560  step=371638272  pg=-0.0112  vf=4.3194  H=1.7965  kl=0.0016  clip=0.0790  ev=0.5241  lr=0.000114
[update 7560]  rollout=580.5ms  update=327.2ms  pool=20/20
update=7570  step=372129792  pg=-0.0123  vf=4.1337  H=1.8062  kl=0.0017  clip=0.0838  ev=0.5323  lr=0.000114
[update 7570]  rollout=558.9ms  update=328.3ms  pool=20/20
update=7580  step=372621312  pg=-0.0119  vf=4.3491  H=1.8081  kl=0.0016  clip=0.0812  ev=0.5173  lr=0.000114
[update 7580]  rollout=575.5ms  update=327.7ms  pool=20/20
update=7590  step=373112832  pg=-0.0112  vf=4.3272  H=1.8232  kl=0.0016  clip=0.0809  ev=0.4891  lr=0.000113
[update 7590]  rollout=562.2ms  update=327.0ms  pool=20/20

[league eval @ update 7599  duration=16104.5ms]
──────────────────────────────────────────────────────────────────
  vs anchor          hands     bb/hand     win%     mode-collapse?
──────────────────────────────────────────────────────────────────
  uniform            10000      10.296     48.1%    top=21.1%
  random_init        10000       9.513     47.3%    top=21.0%
  always_call        10000       4.090     46.9%    top=22.3%
  always_raise       10000       3.787     32.6%    top=23.9%
  pair_all_in        10000      -0.027     86.7%    top=18.3%
──────────────────────────────────────────────────────────────────
  action mix (vs uniform):  F=19.0%  C=21.1%  R0=6.7%  R1=6.2%  R2=7.1%  R3=6.2%  R4=5.6%  R5=4.8%  R6=4.9%  R7=4.4%  R8=3.9%  R9=3.1%  R10=2.6%  AI=4.5%
  action mix (vs pair_all_in):  F=18.3%  C=14.9%  R0=1.3%  R1=0.9%  R2=8.6%  R3=9.3%  R4=6.6%  R5=7.4%  R6=6.9%  R7=7.1%  R8=6.6%  R9=5.5%  R10=5.3%  AI=1.3%

update=7600  step=373604352  pg=-0.0125  vf=3.8226  H=1.8132  kl=0.0016  clip=0.0809  ev=0.5384  lr=0.000113
[update 7600]  rollout=666.3ms  update=352.0ms  pool=20/20
update=7610  step=374095872  pg=-0.0119  vf=4.0810  H=1.8193  kl=0.0016  clip=0.0793  ev=0.5010  lr=0.000113
[update 7610]  rollout=609.6ms  update=326.6ms  pool=20/20
update=7620  step=374587392  pg=-0.0123  vf=4.1177  H=1.8104  kl=0.0016  clip=0.0806  ev=0.5148  lr=0.000113
[update 7620]  rollout=611.6ms  update=332.5ms  pool=20/20
update=7630  step=375078912  pg=-0.0123  vf=3.9732  H=1.8090  kl=0.0017  clip=0.0827  ev=0.5252  lr=0.000112
[update 7630]  rollout=596.9ms  update=326.8ms  pool=20/20
update=7640  step=375570432  pg=-0.0118  vf=4.3297  H=1.8034  kl=0.0016  clip=0.0812  ev=0.5104  lr=0.000112
[update 7640]  rollout=620.7ms  update=326.2ms  pool=20/20

[league eval @ update 7649  duration=12678.2ms]
──────────────────────────────────────────────────────────────────
  vs anchor          hands     bb/hand     win%     mode-collapse?
──────────────────────────────────────────────────────────────────
  uniform            10000       9.739     47.3%    top=21.3%
  random_init        10000       9.511     46.7%    top=21.0%
  always_raise       10000       4.099     33.3%    top=24.5%
  always_call        10000       2.870     45.8%    top=22.1%
  pair_all_in        10000       0.034     86.2%    top=19.0%
──────────────────────────────────────────────────────────────────
  action mix (vs uniform):  F=19.7%  C=21.3%  R0=6.5%  R1=6.1%  R2=6.9%  R3=6.0%  R4=5.6%  R5=5.2%  R6=4.6%  R7=4.2%  R8=3.5%  R9=3.0%  R10=2.8%  AI=4.6%
  action mix (vs pair_all_in):  F=19.0%  C=15.8%  R0=1.3%  R1=1.2%  R2=7.6%  R3=7.2%  R4=7.5%  R5=8.2%  R6=7.4%  R7=6.0%  R8=6.0%  R9=5.6%  R10=5.5%  AI=1.7%

update=7650  step=376061952  pg=-0.0114  vf=4.2607  H=1.8108  kl=0.0016  clip=0.0796  ev=0.5138  lr=0.000112
[update 7650]  rollout=669.2ms  update=348.8ms  pool=20/20
update=7660  step=376553472  pg=-0.0113  vf=4.1606  H=1.8101  kl=0.0016  clip=0.0814  ev=0.5135  lr=0.000112
[update 7660]  rollout=618.3ms  update=325.4ms  pool=20/20
update=7670  step=377044992  pg=-0.0113  vf=4.5599  H=1.7923  kl=0.0015  clip=0.0745  ev=0.5058  lr=0.000112
[update 7670]  rollout=560.7ms  update=329.1ms  pool=20/20
update=7680  step=377536512  pg=-0.0115  vf=4.2173  H=1.7998  kl=0.0016  clip=0.0762  ev=0.5157  lr=0.000111
[update 7680]  rollout=557.7ms  update=329.6ms  pool=20/20
update=7690  step=378028032  pg=-0.0115  vf=4.2858  H=1.7999  kl=0.0016  clip=0.0756  ev=0.5048  lr=0.000111
[update 7690]  rollout=568.9ms  update=328.8ms  pool=20/20

[league eval @ update 7699  duration=10781.5ms]
──────────────────────────────────────────────────────────────────
  vs anchor          hands     bb/hand     win%     mode-collapse?
──────────────────────────────────────────────────────────────────
  random_init        10000      10.175     48.3%    top=22.0%
  uniform            10000       9.651     48.0%    top=21.4%
  always_raise       10000       4.865     34.0%    top=24.9%
  always_call        10000       3.167     47.0%    top=22.4%
  pair_all_in        10000       0.037     85.7%    top=19.5%
──────────────────────────────────────────────────────────────────
  action mix (vs uniform):  F=19.3%  C=21.4%  R0=6.2%  R1=5.7%  R2=7.1%  R3=6.1%  R4=6.3%  R5=5.4%  R6=4.6%  R7=4.2%  R8=3.5%  R9=3.1%  R10=2.5%  AI=4.5%
  action mix (vs pair_all_in):  F=19.5%  C=15.9%  R0=1.0%  R1=1.1%  R2=8.1%  R3=7.1%  R4=7.0%  R5=8.3%  R6=7.2%  R7=6.2%  R8=5.8%  R9=6.3%  R10=5.2%  AI=1.4%

update=7700  step=378519552  pg=-0.0122  vf=4.0906  H=1.8076  kl=0.0016  clip=0.0790  ev=0.5222  lr=0.000111
[update 7700]  rollout=659.9ms  update=370.0ms  pool=20/20
update=7710  step=379011072  pg=-0.0119  vf=4.1315  H=1.8042  kl=0.0016  clip=0.0807  ev=0.5509  lr=0.000111
[update 7710]  rollout=565.2ms  update=326.3ms  pool=20/20
update=7720  step=379502592  pg=-0.0112  vf=4.4505  H=1.8037  kl=0.0016  clip=0.0832  ev=0.4874  lr=0.000110
[update 7720]  rollout=573.3ms  update=328.4ms  pool=20/20
update=7730  step=379994112  pg=-0.0109  vf=4.6576  H=1.7957  kl=0.0015  clip=0.0730  ev=0.4895  lr=0.000110
[update 7730]  rollout=567.3ms  update=326.1ms  pool=20/20
update=7740  step=380485632  pg=-0.0113  vf=4.1554  H=1.8092  kl=0.0016  clip=0.0787  ev=0.5098  lr=0.000110
[update 7740]  rollout=554.3ms  update=328.7ms  pool=20/20

[league eval @ update 7749  duration=10848.4ms]
──────────────────────────────────────────────────────────────────
  vs anchor          hands     bb/hand     win%     mode-collapse?
──────────────────────────────────────────────────────────────────
  uniform            10000      10.066     48.5%    top=21.5%
  random_init        10000       9.739     48.0%    top=21.6%
  always_raise       10000       3.706     33.4%    top=25.2%
  always_call        10000       3.047     46.4%    top=23.4%
  pair_all_in        10000       0.080     86.3%    top=19.3%
──────────────────────────────────────────────────────────────────
  action mix (vs uniform):  F=18.8%  C=21.5%  R0=6.9%  R1=6.3%  R2=7.0%  R3=6.3%  R4=5.6%  R5=5.5%  R6=4.4%  R7=4.3%  R8=3.4%  R9=2.7%  R10=2.6%  AI=4.6%
  action mix (vs pair_all_in):  F=19.3%  C=15.2%  R0=1.2%  R1=1.1%  R2=8.6%  R3=7.4%  R4=7.1%  R5=8.7%  R6=7.1%  R7=6.6%  R8=6.4%  R9=4.9%  R10=4.8%  AI=1.5%

update=7750  step=380977152  pg=-0.0118  vf=4.2830  H=1.7958  kl=0.0016  clip=0.0758  ev=0.5196  lr=0.000110
[update 7750]  rollout=594.7ms  update=348.2ms  pool=20/20
update=7760  step=381468672  pg=-0.0118  vf=4.1451  H=1.8083  kl=0.0016  clip=0.0774  ev=0.5202  lr=0.000109
[update 7760]  rollout=582.6ms  update=327.7ms  pool=20/20
update=7770  step=381960192  pg=-0.0113  vf=4.2343  H=1.8015  kl=0.0014  clip=0.0688  ev=0.5127  lr=0.000109
[update 7770]  rollout=558.6ms  update=329.6ms  pool=20/20
update=7780  step=382451712  pg=-0.0116  vf=4.2612  H=1.8096  kl=0.0016  clip=0.0757  ev=0.5087  lr=0.000109
[update 7780]  rollout=561.5ms  update=329.2ms  pool=20/20
update=7790  step=382943232  pg=-0.0118  vf=4.2193  H=1.8099  kl=0.0016  clip=0.0780  ev=0.5113  lr=0.000109
[update 7790]  rollout=556.7ms  update=326.8ms  pool=20/20

[league eval @ update 7799  duration=11253ms]
──────────────────────────────────────────────────────────────────
  vs anchor          hands     bb/hand     win%     mode-collapse?
──────────────────────────────────────────────────────────────────
  random_init        10000       9.875     48.2%    top=21.6%
  uniform            10000       9.757     47.7%    top=21.3%
  always_raise       10000       4.336     33.8%    top=24.1%
  always_call        10000       3.623     46.3%    top=21.2%
  pair_all_in        10000       0.070     86.5%    top=18.7%
──────────────────────────────────────────────────────────────────
  action mix (vs uniform):  F=19.4%  C=21.3%  R0=6.7%  R1=6.3%  R2=6.4%  R3=5.9%  R4=5.8%  R5=5.7%  R6=5.0%  R7=4.3%  R8=3.5%  R9=2.9%  R10=2.5%  AI=4.5%
  action mix (vs pair_all_in):  F=18.7%  C=15.2%  R0=1.1%  R1=1.0%  R2=8.1%  R3=7.5%  R4=7.2%  R5=8.5%  R6=7.4%  R7=6.9%  R8=6.1%  R9=6.2%  R10=4.5%  AI=1.6%

update=7800  step=383434752  pg=-0.0112  vf=4.1580  H=1.8185  kl=0.0015  clip=0.0699  ev=0.5212  lr=0.000108
[update 7800]  rollout=605.6ms  update=362.6ms  pool=20/20
update=7810  step=383926272  pg=-0.0113  vf=4.1851  H=1.8250  kl=0.0016  clip=0.0770  ev=0.5052  lr=0.000108
[update 7810]  rollout=566.2ms  update=326.9ms  pool=20/20
update=7820  step=384417792  pg=-0.0116  vf=4.1894  H=1.8155  kl=0.0016  clip=0.0777  ev=0.5128  lr=0.000108
[update 7820]  rollout=574.0ms  update=328.7ms  pool=20/20
update=7830  step=384909312  pg=-0.0109  vf=4.2934  H=1.8072  kl=0.0016  clip=0.0744  ev=0.4955  lr=0.000108
[update 7830]  rollout=636.1ms  update=332.0ms  pool=20/20
update=7840  step=385400832  pg=-0.0116  vf=3.9611  H=1.8116  kl=0.0015  clip=0.0734  ev=0.5359  lr=0.000107
[update 7840]  rollout=580.2ms  update=330.6ms  pool=20/20

[league eval @ update 7849  duration=10960.6ms]
──────────────────────────────────────────────────────────────────
  vs anchor          hands     bb/hand     win%     mode-collapse?
──────────────────────────────────────────────────────────────────
  random_init        10000       9.691     47.0%    top=21.7%
  uniform            10000       9.553     47.5%    top=21.7%
  always_raise       10000       4.564     33.8%    top=24.5%
  always_call        10000       2.538     46.2%    top=21.7%
  pair_all_in        10000       0.005     86.3%    top=18.7%
──────────────────────────────────────────────────────────────────
  action mix (vs uniform):  F=19.5%  C=21.7%  R0=6.8%  R1=5.3%  R2=6.9%  R3=5.9%  R4=5.8%  R5=5.3%  R6=4.8%  R7=4.1%  R8=3.6%  R9=2.8%  R10=2.6%  AI=4.7%
  action mix (vs pair_all_in):  F=18.7%  C=16.0%  R0=1.2%  R1=1.0%  R2=8.1%  R3=7.5%  R4=8.0%  R5=7.1%  R6=7.3%  R7=6.3%  R8=6.3%  R9=6.3%  R10=5.3%  AI=1.1%

update=7850  step=385892352  pg=-0.0117  vf=4.0439  H=1.8097  kl=0.0015  clip=0.0755  ev=0.5214  lr=0.000107
[update 7850]  rollout=641.8ms  update=347.8ms  pool=20/20
update=7860  step=386383872  pg=-0.0115  vf=4.1383  H=1.7993  kl=0.0015  clip=0.0710  ev=0.5228  lr=0.000107
[update 7860]  rollout=565.9ms  update=329.2ms  pool=20/20
update=7870  step=386875392  pg=-0.0114  vf=3.9927  H=1.8046  kl=0.0016  clip=0.0756  ev=0.5401  lr=0.000107
[update 7870]  rollout=583.8ms  update=329.0ms  pool=20/20
update=7880  step=387366912  pg=-0.0115  vf=3.9563  H=1.8015  kl=0.0016  clip=0.0768  ev=0.5429  lr=0.000106
[update 7880]  rollout=568.9ms  update=328.4ms  pool=20/20
update=7890  step=387858432  pg=-0.0109  vf=4.1712  H=1.8037  kl=0.0015  clip=0.0728  ev=0.5236  lr=0.000106
[update 7890]  rollout=580.2ms  update=336.1ms  pool=20/20

[league eval @ update 7899  duration=10912.3ms]
──────────────────────────────────────────────────────────────────
  vs anchor          hands     bb/hand     win%     mode-collapse?
──────────────────────────────────────────────────────────────────
  random_init        10000      10.044     48.3%    top=21.3%
  uniform            10000       9.684     48.2%    top=21.5%
  always_raise       10000       4.757     33.5%    top=24.6%
  always_call        10000       3.924     47.1%    top=22.2%
  pair_all_in        10000       0.022     86.2%    top=19.0%
──────────────────────────────────────────────────────────────────
  action mix (vs uniform):  F=19.0%  C=21.5%  R0=7.0%  R1=5.7%  R2=6.9%  R3=6.9%  R4=6.4%  R5=4.8%  R6=4.5%  R7=3.8%  R8=3.6%  R9=3.0%  R10=2.7%  AI=4.3%
  action mix (vs pair_all_in):  F=19.0%  C=15.0%  R0=0.9%  R1=1.0%  R2=7.9%  R3=8.8%  R4=7.5%  R5=7.6%  R6=7.2%  R7=6.5%  R8=6.5%  R9=5.2%  R10=5.2%  AI=1.6%

update=7900  step=388349952  pg=-0.0109  vf=4.1133  H=1.8041  kl=0.0015  clip=0.0722  ev=0.5156  lr=0.000106
[update 7900]  rollout=590.0ms  update=358.5ms  pool=20/20
update=7910  step=388841472  pg=-0.0112  vf=4.0755  H=1.8121  kl=0.0015  clip=0.0719  ev=0.5041  lr=0.000106
[update 7910]  rollout=743.8ms  update=337.7ms  pool=20/20
update=7920  step=389332992  pg=-0.0110  vf=3.9074  H=1.8195  kl=0.0015  clip=0.0732  ev=0.5018  lr=0.000105
[update 7920]  rollout=617.6ms  update=328.4ms  pool=20/20
update=7930  step=389824512  pg=-0.0114  vf=4.0836  H=1.8122  kl=0.0015  clip=0.0741  ev=0.5051  lr=0.000105
[update 7930]  rollout=588.4ms  update=327.7ms  pool=20/20
update=7940  step=390316032  pg=-0.0110  vf=3.9610  H=1.8123  kl=0.0015  clip=0.0700  ev=0.5133  lr=0.000105
[update 7940]  rollout=583.6ms  update=329.0ms  pool=20/20

[league eval @ update 7949  duration=14674.4ms]
──────────────────────────────────────────────────────────────────
  vs anchor          hands     bb/hand     win%     mode-collapse?
──────────────────────────────────────────────────────────────────
  random_init        10000       9.927     47.7%    top=22.1%
  uniform            10000       9.319     47.1%    top=21.7%
  always_raise       10000       4.278     33.3%    top=24.8%
  always_call        10000       3.335     47.5%    top=23.9%
  pair_all_in        10000       0.020     87.1%    top=17.8%
──────────────────────────────────────────────────────────────────
  action mix (vs uniform):  F=19.3%  C=21.7%  R0=6.8%  R1=6.0%  R2=6.8%  R3=6.4%  R4=5.7%  R5=4.7%  R6=4.5%  R7=4.7%  R8=3.6%  R9=2.9%  R10=2.4%  AI=4.4%
  action mix (vs pair_all_in):  F=17.8%  C=16.0%  R0=1.0%  R1=1.4%  R2=8.4%  R3=8.4%  R4=8.1%  R5=6.4%  R6=6.8%  R7=7.3%  R8=6.7%  R9=5.7%  R10=4.6%  AI=1.4%

update=7950  step=390807552  pg=-0.0108  vf=4.1381  H=1.8096  kl=0.0014  clip=0.0662  ev=0.5134  lr=0.000105
[update 7950]  rollout=644.1ms  update=342.3ms  pool=20/20
update=7960  step=391299072  pg=-0.0110  vf=4.2363  H=1.8080  kl=0.0015  clip=0.0758  ev=0.4960  lr=0.000104
[update 7960]  rollout=626.9ms  update=325.8ms  pool=20/20
update=7970  step=391790592  pg=-0.0115  vf=4.0478  H=1.8046  kl=0.0015  clip=0.0702  ev=0.5287  lr=0.000104
[update 7970]  rollout=599.8ms  update=332.6ms  pool=20/20
update=7980  step=392282112  pg=-0.0111  vf=4.4916  H=1.7942  kl=0.0014  clip=0.0697  ev=0.5032  lr=0.000104
[update 7980]  rollout=552.8ms  update=327.2ms  pool=20/20
update=7990  step=392773632  pg=-0.0114  vf=3.8465  H=1.8091  kl=0.0016  clip=0.0787  ev=0.5222  lr=0.000104
[update 7990]  rollout=559.7ms  update=326.1ms  pool=20/20

[league eval @ update 7999  duration=11158.9ms]
──────────────────────────────────────────────────────────────────
  vs anchor          hands     bb/hand     win%     mode-collapse?
──────────────────────────────────────────────────────────────────
  uniform            10000      10.467     48.3%    top=21.5%
  random_init        10000       9.818     47.1%    top=21.5%
  always_raise       10000       4.370     33.0%    top=24.3%
  always_call        10000       2.873     45.7%    top=24.5%
  pair_all_in        10000       0.136     86.3%    top=19.2%
──────────────────────────────────────────────────────────────────
  action mix (vs uniform):  F=19.0%  C=21.5%  R0=6.7%  R1=6.1%  R2=6.9%  R3=6.5%  R4=5.5%  R5=5.2%  R6=4.9%  R7=4.2%  R8=3.1%  R9=3.1%  R10=2.9%  AI=4.3%
  action mix (vs pair_all_in):  F=19.2%  C=15.6%  R0=1.0%  R1=1.4%  R2=7.9%  R3=8.6%  R4=7.0%  R5=7.6%  R6=6.0%  R7=7.7%  R8=5.1%  R9=5.9%  R10=5.5%  AI=1.5%

update=8000  step=393265152  pg=-0.0115  vf=3.8471  H=1.8084  kl=0.0015  clip=0.0724  ev=0.5143  lr=0.000103
[update 8000]  rollout=609.3ms  update=340.8ms  pool=20/20
update=8010  step=393756672  pg=-0.0114  vf=4.0305  H=1.8029  kl=0.0015  clip=0.0740  ev=0.5242  lr=0.000103
[update 8010]  rollout=565.9ms  update=325.8ms  pool=20/20
update=8020  step=394248192  pg=-0.0113  vf=4.2114  H=1.8042  kl=0.0015  clip=0.0687  ev=0.5032  lr=0.000103
[update 8020]  rollout=567.0ms  update=336.5ms  pool=20/20
update=8030  step=394739712  pg=-0.0111  vf=3.8090  H=1.8161  kl=0.0014  clip=0.0686  ev=0.5313  lr=0.000103
[update 8030]  rollout=555.6ms  update=328.0ms  pool=20/20
update=8040  step=395231232  pg=-0.0105  vf=4.0931  H=1.8030  kl=0.0016  clip=0.0795  ev=0.5225  lr=0.000102
[update 8040]  rollout=589.3ms  update=329.1ms  pool=20/20

[league eval @ update 8049  duration=10739ms]
──────────────────────────────────────────────────────────────────
  vs anchor          hands     bb/hand     win%     mode-collapse?
──────────────────────────────────────────────────────────────────
  random_init        10000      10.058     47.7%    top=21.6%
  uniform            10000       9.382     47.4%    top=21.4%
  always_raise       10000       3.878     32.2%    top=24.3%
  always_call        10000       3.467     47.2%    top=22.4%
  pair_all_in        10000       0.082     86.9%    top=18.3%
──────────────────────────────────────────────────────────────────
  action mix (vs uniform):  F=19.7%  C=21.4%  R0=6.7%  R1=6.1%  R2=6.1%  R3=5.9%  R4=5.9%  R5=5.5%  R6=4.6%  R7=4.4%  R8=3.5%  R9=2.8%  R10=3.0%  AI=4.3%
  action mix (vs pair_all_in):  F=18.3%  C=14.8%  R0=1.1%  R1=0.9%  R2=7.1%  R3=7.6%  R4=7.8%  R5=7.8%  R6=7.6%  R7=7.4%  R8=6.1%  R9=5.5%  R10=6.4%  AI=1.4%

update=8050  step=395722752  pg=-0.0114  vf=4.0416  H=1.8021  kl=0.0015  clip=0.0723  ev=0.5290  lr=0.000102
[update 8050]  rollout=604.0ms  update=365.1ms  pool=20/20
update=8060  step=396214272  pg=-0.0109  vf=4.0279  H=1.8053  kl=0.0014  clip=0.0689  ev=0.5303  lr=0.000102
[update 8060]  rollout=557.1ms  update=327.0ms  pool=20/20
update=8070  step=396705792  pg=-0.0112  vf=3.8458  H=1.8120  kl=0.0016  clip=0.0794  ev=0.5383  lr=0.000102
[update 8070]  rollout=586.8ms  update=327.2ms  pool=20/20
update=8080  step=397197312  pg=-0.0115  vf=4.1378  H=1.8082  kl=0.0015  clip=0.0711  ev=0.5227  lr=0.000101
[update 8080]  rollout=580.1ms  update=335.0ms  pool=20/20
update=8090  step=397688832  pg=-0.0109  vf=3.9196  H=1.8106  kl=0.0015  clip=0.0729  ev=0.5184  lr=0.000101
[update 8090]  rollout=573.2ms  update=329.3ms  pool=20/20

[league eval @ update 8099  duration=10377.5ms]
──────────────────────────────────────────────────────────────────
  vs anchor          hands     bb/hand     win%     mode-collapse?
──────────────────────────────────────────────────────────────────
  uniform            10000      10.414     48.2%    top=21.7%
  random_init        10000       9.234     47.6%    top=22.2%
  always_raise       10000       4.514     33.3%    top=24.6%
  always_call        10000       3.456     46.5%    top=23.2%
  pair_all_in        10000      -0.070     86.0%    top=18.8%
──────────────────────────────────────────────────────────────────
  action mix (vs uniform):  F=19.4%  C=21.7%  R0=7.1%  R1=6.1%  R2=5.7%  R3=6.3%  R4=6.3%  R5=5.2%  R6=4.7%  R7=4.6%  R8=3.3%  R9=2.8%  R10=2.3%  AI=4.3%
  action mix (vs pair_all_in):  F=18.8%  C=16.2%  R0=1.2%  R1=1.1%  R2=7.2%  R3=7.5%  R4=7.8%  R5=7.7%  R6=6.8%  R7=8.0%  R8=6.2%  R9=5.1%  R10=5.2%  AI=1.2%

update=8100  step=398180352  pg=-0.0113  vf=3.9665  H=1.8097  kl=0.0014  clip=0.0672  ev=0.5246  lr=0.000101
[update 8100]  rollout=600.5ms  update=357.9ms  pool=20/20
update=8110  step=398671872  pg=-0.0105  vf=4.1958  H=1.8021  kl=0.0014  clip=0.0661  ev=0.5177  lr=0.000101
[update 8110]  rollout=597.5ms  update=329.1ms  pool=20/20
update=8120  step=399163392  pg=-0.0106  vf=4.1060  H=1.8087  kl=0.0016  clip=0.0753  ev=0.5104  lr=0.000100
[update 8120]  rollout=565.5ms  update=330.4ms  pool=20/20
update=8130  step=399654912  pg=-0.0112  vf=4.2395  H=1.7968  kl=0.0015  clip=0.0691  ev=0.5185  lr=0.000100
[update 8130]  rollout=581.8ms  update=326.9ms  pool=20/20
update=8140  step=400146432  pg=-0.0106  vf=4.0519  H=1.8062  kl=0.0016  clip=0.0750  ev=0.5049  lr=0.000100
[update 8140]  rollout=559.9ms  update=332.3ms  pool=20/20

[league eval @ update 8149  duration=10881.4ms]
──────────────────────────────────────────────────────────────────
  vs anchor          hands     bb/hand     win%     mode-collapse?
──────────────────────────────────────────────────────────────────
  uniform            10000       9.549     47.4%    top=21.3%
  random_init        10000       9.274     47.4%    top=21.0%
  always_raise       10000       4.282     32.9%    top=24.0%
  always_call        10000       3.082     46.7%    top=20.2%
  pair_all_in        10000       0.027     87.1%    top=17.6%
──────────────────────────────────────────────────────────────────
  action mix (vs uniform):  F=19.5%  C=21.3%  R0=7.1%  R1=6.3%  R2=6.6%  R3=6.0%  R4=5.8%  R5=4.8%  R6=4.8%  R7=4.3%  R8=3.7%  R9=3.3%  R10=2.4%  AI=4.1%
  action mix (vs pair_all_in):  F=17.6%  C=16.1%  R0=1.0%  R1=1.2%  R2=8.1%  R3=7.0%  R4=7.9%  R5=7.4%  R6=6.9%  R7=7.5%  R8=6.6%  R9=6.2%  R10=4.7%  AI=1.8%

update=8150  step=400637952  pg=-0.0109  vf=4.1632  H=1.7960  kl=0.0014  clip=0.0648  ev=0.5118  lr=0.000100
[update 8150]  rollout=646.4ms  update=333.3ms  pool=20/20
update=8160  step=401129472  pg=-0.0114  vf=4.3495  H=1.7941  kl=0.0015  clip=0.0713  ev=0.5015  lr=0.000099
[update 8160]  rollout=584.0ms  update=327.6ms  pool=20/20
update=8170  step=401620992  pg=-0.0112  vf=4.0456  H=1.7865  kl=0.0015  clip=0.0727  ev=0.5405  lr=0.000099
[update 8170]  rollout=562.1ms  update=330.7ms  pool=20/20
update=8180  step=402112512  pg=-0.0118  vf=4.1534  H=1.7940  kl=0.0016  clip=0.0784  ev=0.5172  lr=0.000099
[update 8180]  rollout=559.7ms  update=329.3ms  pool=20/20
update=8190  step=402604032  pg=-0.0106  vf=4.3163  H=1.7996  kl=0.0014  clip=0.0684  ev=0.5027  lr=0.000099
[update 8190]  rollout=558.1ms  update=325.3ms  pool=20/20

[league eval @ update 8199  duration=11146.3ms]
──────────────────────────────────────────────────────────────────
  vs anchor          hands     bb/hand     win%     mode-collapse?
──────────────────────────────────────────────────────────────────
  random_init        10000       9.624     46.9%    top=21.4%
  uniform            10000       9.395     46.8%    top=21.0%
  always_raise       10000       4.409     32.9%    top=24.0%
  always_call        10000       2.880     45.6%    top=21.7%
  pair_all_in        10000       0.190     86.3%    top=18.7%
──────────────────────────────────────────────────────────────────
  action mix (vs uniform):  F=20.1%  C=21.0%  R0=6.5%  R1=5.9%  R2=7.0%  R3=6.5%  R4=5.7%  R5=5.5%  R6=4.4%  R7=4.1%  R8=3.2%  R9=3.3%  R10=2.5%  AI=4.3%
  action mix (vs pair_all_in):  F=18.7%  C=16.8%  R0=1.4%  R1=1.9%  R2=7.9%  R3=8.2%  R4=7.1%  R5=7.0%  R6=6.5%  R7=6.7%  R8=5.6%  R9=5.6%  R10=5.0%  AI=1.5%

update=8200  step=403095552  pg=-0.0115  vf=4.0146  H=1.8013  kl=0.0015  clip=0.0733  ev=0.5134  lr=0.000098
[update 8200]  rollout=621.2ms  update=337.9ms  pool=20/20
update=8210  step=403587072  pg=-0.0106  vf=4.0081  H=1.8034  kl=0.0014  clip=0.0679  ev=0.5070  lr=0.000098
[update 8210]  rollout=562.2ms  update=327.5ms  pool=20/20
update=8220  step=404078592  pg=-0.0115  vf=3.8055  H=1.8144  kl=0.0015  clip=0.0739  ev=0.5200  lr=0.000098
[update 8220]  rollout=612.4ms  update=332.7ms  pool=20/20
update=8230  step=404570112  pg=-0.0109  vf=4.2182  H=1.7946  kl=0.0014  clip=0.0655  ev=0.5076  lr=0.000098
[update 8230]  rollout=676.0ms  update=331.5ms  pool=20/20
update=8240  step=405061632  pg=-0.0112  vf=3.9192  H=1.8037  kl=0.0015  clip=0.0704  ev=0.5319  lr=0.000097
[update 8240]  rollout=567.3ms  update=327.8ms  pool=20/20

[league eval @ update 8249  duration=15653.7ms]
──────────────────────────────────────────────────────────────────
  vs anchor          hands     bb/hand     win%     mode-collapse?
──────────────────────────────────────────────────────────────────
  uniform            10000       9.707     47.4%    top=21.4%
  random_init        10000       9.175     47.6%    top=21.3%
  always_raise       10000       4.532     33.9%    top=24.2%
  always_call        10000       2.552     46.1%    top=21.3%
  pair_all_in        10000       0.124     86.4%    top=18.9%
──────────────────────────────────────────────────────────────────
  action mix (vs uniform):  F=19.4%  C=21.4%  R0=7.0%  R1=6.1%  R2=6.7%  R3=6.0%  R4=5.6%  R5=5.2%  R6=5.0%  R7=4.0%  R8=3.3%  R9=3.4%  R10=2.5%  AI=4.4%
  action mix (vs pair_all_in):  F=18.9%  C=15.7%  R0=1.6%  R1=1.2%  R2=8.1%  R3=7.2%  R4=6.6%  R5=6.9%  R6=8.2%  R7=6.8%  R8=6.5%  R9=6.6%  R10=4.7%  AI=1.0%

[best-response eval @ update 8249  seeds=1  bb/hand max=2.131  mean=2.131  min=2.131  std=0.000  best-win%=46.5  duration=1007626ms]

update=8250  step=405553152  pg=-0.0107  vf=4.3580  H=1.8018  kl=0.0014  clip=0.0660  ev=0.4938  lr=0.000097
[update 8250]  rollout=588.0ms  update=354.0ms  pool=20/20
update=8260  step=406044672  pg=-0.0111  vf=4.2205  H=1.7989  kl=0.0014  clip=0.0648  ev=0.5095  lr=0.000097
[update 8260]  rollout=564.8ms  update=326.4ms  pool=20/20
update=8270  step=406536192  pg=-0.0115  vf=4.2804  H=1.7948  kl=0.0016  clip=0.0721  ev=0.4995  lr=0.000097
[update 8270]  rollout=561.0ms  update=328.7ms  pool=20/20
update=8280  step=407027712  pg=-0.0105  vf=4.0495  H=1.8060  kl=0.0013  clip=0.0603  ev=0.5171  lr=0.000097
[update 8280]  rollout=580.8ms  update=327.3ms  pool=20/20
update=8290  step=407519232  pg=-0.0110  vf=4.4312  H=1.7928  kl=0.0014  clip=0.0702  ev=0.5056  lr=0.000096
[update 8290]  rollout=588.4ms  update=349.9ms  pool=20/20

[league eval @ update 8299  duration=17610ms]
──────────────────────────────────────────────────────────────────
  vs anchor          hands     bb/hand     win%     mode-collapse?
──────────────────────────────────────────────────────────────────
  uniform            10000      10.164     47.5%    top=21.3%
  random_init        10000       9.390     46.1%    top=21.1%
  always_raise       10000       4.933     33.2%    top=24.2%
  always_call        10000       2.694     45.7%    top=22.4%
  pair_all_in        10000       0.111     86.5%    top=19.0%
──────────────────────────────────────────────────────────────────
  action mix (vs uniform):  F=19.9%  C=21.3%  R0=7.1%  R1=5.4%  R2=7.0%  R3=6.1%  R4=5.9%  R5=5.0%  R6=4.8%  R7=4.2%  R8=3.6%  R9=2.6%  R10=2.6%  AI=4.5%
  action mix (vs pair_all_in):  F=19.0%  C=14.9%  R0=1.4%  R1=1.0%  R2=8.1%  R3=8.4%  R4=7.4%  R5=7.2%  R6=7.2%  R7=7.0%  R8=6.2%  R9=5.8%  R10=4.8%  AI=1.4%

update=8300  step=408010752  pg=-0.0108  vf=3.7757  H=1.8192  kl=0.0015  clip=0.0730  ev=0.5373  lr=0.000096
[update 8300]  rollout=667.2ms  update=363.3ms  pool=20/20
update=8310  step=408502272  pg=-0.0112  vf=4.0611  H=1.8130  kl=0.0015  clip=0.0732  ev=0.4940  lr=0.000096
[update 8310]  rollout=585.4ms  update=324.9ms  pool=20/20
update=8320  step=408993792  pg=-0.0111  vf=4.0473  H=1.8094  kl=0.0014  clip=0.0646  ev=0.5051  lr=0.000096
[update 8320]  rollout=642.5ms  update=334.7ms  pool=20/20
update=8330  step=409485312  pg=-0.0113  vf=4.1625  H=1.8034  kl=0.0015  clip=0.0672  ev=0.4968  lr=0.000095
[update 8330]  rollout=614.0ms  update=329.3ms  pool=20/20
update=8340  step=409976832  pg=-0.0109  vf=3.9741  H=1.8095  kl=0.0014  clip=0.0632  ev=0.5229  lr=0.000095
[update 8340]  rollout=635.2ms  update=331.7ms  pool=20/20

[league eval @ update 8349  duration=11267.2ms]
──────────────────────────────────────────────────────────────────
  vs anchor          hands     bb/hand     win%     mode-collapse?
──────────────────────────────────────────────────────────────────
  uniform            10000       9.626     47.2%    top=21.3%
  random_init        10000       9.424     47.1%    top=21.0%
  always_raise       10000       4.297     33.7%    top=24.2%
  always_call        10000       3.136     46.7%    top=22.9%
  pair_all_in        10000       0.146     86.2%    top=19.7%
──────────────────────────────────────────────────────────────────
  action mix (vs uniform):  F=20.0%  C=21.3%  R0=7.1%  R1=5.8%  R2=7.1%  R3=5.8%  R4=5.7%  R5=5.0%  R6=4.4%  R7=4.7%  R8=3.4%  R9=2.9%  R10=2.8%  AI=4.0%
  action mix (vs pair_all_in):  F=19.7%  C=14.3%  R0=1.2%  R1=1.0%  R2=8.1%  R3=7.9%  R4=6.8%  R5=7.0%  R6=6.9%  R7=8.1%  R8=6.4%  R9=5.9%  R10=5.3%  AI=1.3%

update=8350  step=410468352  pg=-0.0104  vf=3.9857  H=1.8115  kl=0.0013  clip=0.0582  ev=0.5069  lr=0.000095
[update 8350]  rollout=618.7ms  update=334.7ms  pool=20/20
update=8360  step=410959872  pg=-0.0107  vf=4.0197  H=1.8077  kl=0.0015  clip=0.0698  ev=0.5153  lr=0.000095
[update 8360]  rollout=579.8ms  update=327.6ms  pool=20/20
update=8370  step=411451392  pg=-0.0106  vf=3.8168  H=1.8119  kl=0.0013  clip=0.0614  ev=0.5188  lr=0.000094
[update 8370]  rollout=576.1ms  update=326.1ms  pool=20/20
update=8380  step=411942912  pg=-0.0107  vf=3.9812  H=1.8093  kl=0.0014  clip=0.0653  ev=0.5210  lr=0.000094
[update 8380]  rollout=581.3ms  update=330.7ms  pool=20/20
update=8390  step=412434432  pg=-0.0109  vf=4.2215  H=1.7990  kl=0.0013  clip=0.0612  ev=0.5220  lr=0.000094
[update 8390]  rollout=603.0ms  update=329.5ms  pool=20/20

[league eval @ update 8399  duration=10798.9ms]
──────────────────────────────────────────────────────────────────
  vs anchor          hands     bb/hand     win%     mode-collapse?
──────────────────────────────────────────────────────────────────
  uniform            10000       9.502     46.5%    top=21.0%
  random_init        10000       9.098     47.0%    top=20.9%
  always_raise       10000       4.283     33.7%    top=23.8%
  always_call        10000       2.953     46.6%    top=22.6%
  pair_all_in        10000      -0.026     86.6%    top=18.7%
──────────────────────────────────────────────────────────────────
  action mix (vs uniform):  F=20.2%  C=21.0%  R0=6.7%  R1=5.9%  R2=7.0%  R3=5.8%  R4=6.0%  R5=4.8%  R6=5.0%  R7=4.0%  R8=3.4%  R9=3.1%  R10=2.7%  AI=4.4%
  action mix (vs pair_all_in):  F=18.7%  C=14.3%  R0=1.0%  R1=1.1%  R2=7.8%  R3=7.6%  R4=8.1%  R5=7.7%  R6=7.5%  R7=6.9%  R8=6.8%  R9=5.3%  R10=5.8%  AI=1.5%

update=8400  step=412925952  pg=-0.0110  vf=3.9475  H=1.8079  kl=0.0013  clip=0.0613  ev=0.5345  lr=0.000094
[update 8400]  rollout=675.2ms  update=347.9ms  pool=20/20
update=8410  step=413417472  pg=-0.0102  vf=3.9549  H=1.8098  kl=0.0013  clip=0.0615  ev=0.5183  lr=0.000093
[update 8410]  rollout=593.6ms  update=326.7ms  pool=20/20
update=8420  step=413908992  pg=-0.0107  vf=3.9487  H=1.8070  kl=0.0014  clip=0.0681  ev=0.5280  lr=0.000093
[update 8420]  rollout=570.9ms  update=327.4ms  pool=20/20
update=8430  step=414400512  pg=-0.0111  vf=3.8089  H=1.8017  kl=0.0013  clip=0.0610  ev=0.5312  lr=0.000093
[update 8430]  rollout=570.0ms  update=326.6ms  pool=20/20
update=8440  step=414892032  pg=-0.0110  vf=3.8423  H=1.8110  kl=0.0014  clip=0.0672  ev=0.5187  lr=0.000093
[update 8440]  rollout=560.2ms  update=329.0ms  pool=20/20

[league eval @ update 8449  duration=10945.7ms]
──────────────────────────────────────────────────────────────────
  vs anchor          hands     bb/hand     win%     mode-collapse?
──────────────────────────────────────────────────────────────────
  random_init        10000      10.204     47.8%    top=21.3%
  uniform            10000       9.595     47.5%    top=20.8%
  always_raise       10000       4.196     32.9%    top=23.7%
  always_call        10000       3.036     47.3%    top=22.7%
  pair_all_in        10000       0.054     86.4%    top=18.6%
──────────────────────────────────────────────────────────────────
  action mix (vs uniform):  F=19.8%  C=20.8%  R0=6.9%  R1=6.2%  R2=7.3%  R3=5.8%  R4=5.4%  R5=5.1%  R6=4.9%  R7=4.0%  R8=3.3%  R9=3.1%  R10=2.8%  AI=4.6%
  action mix (vs pair_all_in):  F=18.6%  C=15.9%  R0=1.2%  R1=1.4%  R2=9.0%  R3=6.9%  R4=6.6%  R5=7.5%  R6=7.4%  R7=6.3%  R8=6.1%  R9=6.4%  R10=5.5%  AI=1.2%

update=8450  step=415383552  pg=-0.0109  vf=3.8960  H=1.8074  kl=0.0013  clip=0.0609  ev=0.5216  lr=0.000092
[update 8450]  rollout=620.3ms  update=338.3ms  pool=20/20
update=8460  step=415875072  pg=-0.0101  vf=4.1763  H=1.8009  kl=0.0013  clip=0.0606  ev=0.5215  lr=0.000092
[update 8460]  rollout=572.2ms  update=325.5ms  pool=20/20
update=8470  step=416366592  pg=-0.0112  vf=3.9479  H=1.8077  kl=0.0013  clip=0.0607  ev=0.5300  lr=0.000092
[update 8470]  rollout=572.5ms  update=327.7ms  pool=20/20
update=8480  step=416858112  pg=-0.0108  vf=4.0583  H=1.8036  kl=0.0014  clip=0.0649  ev=0.5129  lr=0.000092
[update 8480]  rollout=567.0ms  update=331.8ms  pool=20/20
update=8490  step=417349632  pg=-0.0109  vf=3.9136  H=1.8078  kl=0.0013  clip=0.0626  ev=0.5140  lr=0.000091
[update 8490]  rollout=553.0ms  update=327.6ms  pool=20/20

[league eval @ update 8499  duration=10785.6ms]
──────────────────────────────────────────────────────────────────
  vs anchor          hands     bb/hand     win%     mode-collapse?
──────────────────────────────────────────────────────────────────
  uniform            10000      10.095     47.7%    top=21.1%
  random_init        10000       9.286     47.3%    top=21.3%
  always_raise       10000       4.538     32.9%    top=24.0%
  always_call        10000       2.360     46.0%    top=22.5%
  pair_all_in        10000       0.106     85.9%    top=19.7%
──────────────────────────────────────────────────────────────────
  action mix (vs uniform):  F=19.4%  C=21.1%  R0=7.1%  R1=6.1%  R2=7.0%  R3=6.3%  R4=5.6%  R5=5.4%  R6=4.7%  R7=4.0%  R8=3.4%  R9=3.1%  R10=2.6%  AI=4.3%
  action mix (vs pair_all_in):  F=19.7%  C=15.4%  R0=1.1%  R1=1.1%  R2=7.7%  R3=8.9%  R4=6.9%  R5=8.6%  R6=6.8%  R7=6.3%  R8=6.2%  R9=5.3%  R10=4.8%  AI=1.2%

update=8500  step=417841152  pg=-0.0104  vf=4.2689  H=1.7992  kl=0.0013  clip=0.0594  ev=0.5006  lr=0.000091
[update 8500]  rollout=591.0ms  update=356.3ms  pool=20/20
update=8510  step=418332672  pg=-0.0107  vf=4.1472  H=1.7988  kl=0.0013  clip=0.0586  ev=0.5064  lr=0.000091
[update 8510]  rollout=562.6ms  update=328.8ms  pool=20/20
update=8520  step=418824192  pg=-0.0108  vf=3.9119  H=1.7926  kl=0.0013  clip=0.0591  ev=0.5402  lr=0.000091
[update 8520]  rollout=562.0ms  update=327.7ms  pool=20/20
update=8530  step=419315712  pg=-0.0102  vf=4.0479  H=1.8042  kl=0.0013  clip=0.0597  ev=0.5056  lr=0.000090
[update 8530]  rollout=564.1ms  update=328.0ms  pool=20/20
update=8540  step=419807232  pg=-0.0103  vf=4.0143  H=1.8026  kl=0.0014  clip=0.0626  ev=0.5211  lr=0.000090
[update 8540]  rollout=586.4ms  update=328.5ms  pool=20/20

[league eval @ update 8549  duration=11210.7ms]
──────────────────────────────────────────────────────────────────
  vs anchor          hands     bb/hand     win%     mode-collapse?
──────────────────────────────────────────────────────────────────
  uniform            10000      10.227     48.2%    top=21.9%
  random_init        10000       9.544     47.5%    top=21.3%
  always_raise       10000       4.733     34.0%    top=24.5%
  always_call        10000       3.458     46.4%    top=22.9%
  pair_all_in        10000       0.187     86.8%    top=18.3%
──────────────────────────────────────────────────────────────────
  action mix (vs uniform):  F=18.9%  C=21.9%  R0=7.2%  R1=6.5%  R2=6.7%  R3=5.5%  R4=5.6%  R5=4.9%  R6=4.5%  R7=4.2%  R8=3.7%  R9=2.9%  R10=3.1%  AI=4.2%
  action mix (vs pair_all_in):  F=18.3%  C=15.9%  R0=1.3%  R1=1.2%  R2=7.6%  R3=7.1%  R4=7.4%  R5=7.1%  R6=6.2%  R7=7.0%  R8=6.6%  R9=5.4%  R10=7.2%  AI=1.6%

update=8550  step=420298752  pg=-0.0105  vf=4.0344  H=1.8046  kl=0.0014  clip=0.0632  ev=0.5189  lr=0.000090
[update 8550]  rollout=603.1ms  update=340.9ms  pool=20/20
update=8560  step=420790272  pg=-0.0107  vf=3.9122  H=1.8052  kl=0.0014  clip=0.0603  ev=0.5302  lr=0.000090
[update 8560]  rollout=568.5ms  update=330.4ms  pool=20/20
update=8570  step=421281792  pg=-0.0105  vf=3.6721  H=1.8132  kl=0.0014  clip=0.0666  ev=0.5421  lr=0.000089
[update 8570]  rollout=566.0ms  update=326.6ms  pool=20/20
update=8580  step=421773312  pg=-0.0102  vf=4.0340  H=1.8060  kl=0.0013  clip=0.0592  ev=0.5170  lr=0.000089
[update 8580]  rollout=556.4ms  update=328.1ms  pool=20/20
update=8590  step=422264832  pg=-0.0103  vf=4.1335  H=1.8057  kl=0.0013  clip=0.0610  ev=0.5110  lr=0.000089
[update 8590]  rollout=659.1ms  update=333.9ms  pool=20/20

[league eval @ update 8599  duration=16366.3ms]
──────────────────────────────────────────────────────────────────
  vs anchor          hands     bb/hand     win%     mode-collapse?
──────────────────────────────────────────────────────────────────
  uniform            10000       9.865     47.2%    top=21.3%
  random_init        10000       9.633     47.2%    top=21.7%
  always_raise       10000       5.440     34.6%    top=24.4%
  always_call        10000       2.149     46.9%    top=22.5%
  pair_all_in        10000       0.114     86.8%    top=18.2%
──────────────────────────────────────────────────────────────────
  action mix (vs uniform):  F=19.6%  C=21.3%  R0=6.6%  R1=6.1%  R2=6.8%  R3=6.0%  R4=6.1%  R5=5.4%  R6=4.5%  R7=4.2%  R8=3.7%  R9=2.8%  R10=2.6%  AI=4.2%
  action mix (vs pair_all_in):  F=18.2%  C=15.1%  R0=1.0%  R1=1.3%  R2=7.4%  R3=8.4%  R4=9.5%  R5=7.6%  R6=6.1%  R7=6.8%  R8=6.2%  R9=5.6%  R10=5.4%  AI=1.4%

update=8600  step=422756352  pg=-0.0097  vf=4.0948  H=1.8042  kl=0.0013  clip=0.0581  ev=0.5120  lr=0.000089
[update 8600]  rollout=669.9ms  update=333.4ms  pool=20/20
update=8610  step=423247872  pg=-0.0101  vf=3.7792  H=1.8118  kl=0.0013  clip=0.0612  ev=0.5298  lr=0.000088
[update 8610]  rollout=619.6ms  update=329.8ms  pool=20/20
update=8620  step=423739392  pg=-0.0103  vf=3.9098  H=1.8078  kl=0.0013  clip=0.0612  ev=0.5256  lr=0.000088
[update 8620]  rollout=606.6ms  update=326.7ms  pool=20/20
update=8630  step=424230912  pg=-0.0105  vf=3.7753  H=1.8161  kl=0.0014  clip=0.0610  ev=0.5347  lr=0.000088
[update 8630]  rollout=621.3ms  update=329.2ms  pool=20/20
update=8640  step=424722432  pg=-0.0106  vf=4.0908  H=1.8056  kl=0.0012  clip=0.0549  ev=0.5204  lr=0.000088
[update 8640]  rollout=603.7ms  update=335.3ms  pool=20/20

[league eval @ update 8649  duration=12253.9ms]
──────────────────────────────────────────────────────────────────
  vs anchor          hands     bb/hand     win%     mode-collapse?
──────────────────────────────────────────────────────────────────
  random_init        10000      10.258     47.7%    top=21.7%
  uniform            10000       9.715     47.0%    top=20.9%
  always_raise       10000       4.461     33.0%    top=23.7%
  always_call        10000       2.262     46.9%    top=21.8%
  pair_all_in        10000       0.082     86.9%    top=17.8%
──────────────────────────────────────────────────────────────────
  action mix (vs uniform):  F=20.0%  C=20.9%  R0=7.1%  R1=5.7%  R2=7.0%  R3=5.9%  R4=5.9%  R5=5.2%  R6=4.6%  R7=4.1%  R8=3.3%  R9=3.0%  R10=2.9%  AI=4.3%
  action mix (vs pair_all_in):  F=17.8%  C=15.4%  R0=1.2%  R1=1.4%  R2=8.5%  R3=7.7%  R4=7.0%  R5=7.6%  R6=7.1%  R7=6.6%  R8=7.2%  R9=5.5%  R10=5.6%  AI=1.4%

update=8650  step=425213952  pg=-0.0103  vf=4.2061  H=1.8091  kl=0.0014  clip=0.0613  ev=0.4981  lr=0.000087
[update 8650]  rollout=587.7ms  update=350.1ms  pool=20/20
update=8660  step=425705472  pg=-0.0101  vf=4.1579  H=1.7967  kl=0.0014  clip=0.0618  ev=0.5251  lr=0.000087
[update 8660]  rollout=577.2ms  update=325.7ms  pool=20/20
update=8670  step=426196992  pg=-0.0103  vf=4.1086  H=1.8092  kl=0.0013  clip=0.0585  ev=0.5156  lr=0.000087
[update 8670]  rollout=569.5ms  update=329.7ms  pool=20/20
update=8680  step=426688512  pg=-0.0107  vf=3.9467  H=1.8062  kl=0.0013  clip=0.0571  ev=0.5258  lr=0.000087
[update 8680]  rollout=561.1ms  update=329.1ms  pool=20/20
update=8690  step=427180032  pg=-0.0107  vf=4.0252  H=1.8015  kl=0.0013  clip=0.0616  ev=0.5312  lr=0.000086
[update 8690]  rollout=551.0ms  update=326.3ms  pool=20/20

[league eval @ update 8699  duration=11010.2ms]
──────────────────────────────────────────────────────────────────
  vs anchor          hands     bb/hand     win%     mode-collapse?
──────────────────────────────────────────────────────────────────
  random_init        10000       9.896     47.6%    top=21.4%
  uniform            10000       9.534     48.1%    top=21.2%
  always_raise       10000       4.033     33.5%    top=24.1%
  always_call        10000       3.291     47.0%    top=22.4%
  pair_all_in        10000       0.065     86.9%    top=18.6%
──────────────────────────────────────────────────────────────────
  action mix (vs uniform):  F=19.3%  C=21.2%  R0=6.6%  R1=5.8%  R2=7.0%  R3=6.5%  R4=6.4%  R5=5.0%  R6=4.5%  R7=4.6%  R8=3.2%  R9=3.1%  R10=2.8%  AI=4.2%
  action mix (vs pair_all_in):  F=18.6%  C=14.0%  R0=1.1%  R1=1.0%  R2=8.3%  R3=8.1%  R4=7.8%  R5=6.8%  R6=7.4%  R7=7.4%  R8=6.6%  R9=6.2%  R10=5.3%  AI=1.3%

update=8700  step=427671552  pg=-0.0102  vf=4.0887  H=1.7993  kl=0.0013  clip=0.0571  ev=0.5252  lr=0.000086
[update 8700]  rollout=593.3ms  update=346.9ms  pool=20/20
update=8710  step=428163072  pg=-0.0107  vf=3.8744  H=1.8046  kl=0.0013  clip=0.0558  ev=0.5423  lr=0.000086
[update 8710]  rollout=561.3ms  update=326.9ms  pool=20/20
update=8720  step=428654592  pg=-0.0106  vf=3.9034  H=1.8022  kl=0.0013  clip=0.0580  ev=0.5381  lr=0.000086
[update 8720]  rollout=578.8ms  update=334.9ms  pool=20/20
update=8730  step=429146112  pg=-0.0103  vf=3.8644  H=1.8099  kl=0.0012  clip=0.0523  ev=0.5365  lr=0.000085
[update 8730]  rollout=574.0ms  update=330.9ms  pool=20/20
update=8740  step=429637632  pg=-0.0098  vf=4.0510  H=1.8064  kl=0.0014  clip=0.0631  ev=0.5160  lr=0.000085
[update 8740]  rollout=559.7ms  update=326.6ms  pool=20/20

[league eval @ update 8749  duration=11159.1ms]
──────────────────────────────────────────────────────────────────
  vs anchor          hands     bb/hand     win%     mode-collapse?
──────────────────────────────────────────────────────────────────
  random_init        10000       9.409     47.7%    top=21.7%
  uniform            10000       9.398     47.9%    top=21.8%
  always_raise       10000       3.870     32.9%    top=24.5%
  always_call        10000       2.871     46.9%    top=23.5%
  pair_all_in        10000       0.051     86.6%    top=18.4%
──────────────────────────────────────────────────────────────────
  action mix (vs uniform):  F=19.1%  C=21.8%  R0=6.5%  R1=5.8%  R2=6.7%  R3=6.3%  R4=5.6%  R5=5.1%  R6=4.4%  R7=4.6%  R8=3.6%  R9=3.3%  R10=3.0%  AI=4.3%
  action mix (vs pair_all_in):  F=18.4%  C=15.7%  R0=0.9%  R1=1.2%  R2=8.0%  R3=8.1%  R4=7.4%  R5=7.3%  R6=6.4%  R7=7.2%  R8=6.5%  R9=5.8%  R10=5.7%  AI=1.4%

update=8750  step=430129152  pg=-0.0105  vf=4.0979  H=1.7982  kl=0.0014  clip=0.0622  ev=0.5126  lr=0.000085
[update 8750]  rollout=640.0ms  update=343.4ms  pool=20/20
update=8760  step=430620672  pg=-0.0107  vf=4.0012  H=1.7988  kl=0.0013  clip=0.0540  ev=0.5217  lr=0.000085
[update 8760]  rollout=564.8ms  update=327.6ms  pool=20/20
update=8770  step=431112192  pg=-0.0103  vf=4.1105  H=1.7996  kl=0.0012  clip=0.0570  ev=0.5073  lr=0.000084
[update 8770]  rollout=576.9ms  update=326.4ms  pool=20/20
update=8780  step=431603712  pg=-0.0101  vf=4.0896  H=1.7973  kl=0.0012  clip=0.0547  ev=0.5123  lr=0.000084
[update 8780]  rollout=584.3ms  update=336.3ms  pool=20/20
update=8790  step=432095232  pg=-0.0114  vf=3.6952  H=1.8019  kl=0.0014  clip=0.0616  ev=0.5464  lr=0.000084
[update 8790]  rollout=566.8ms  update=329.2ms  pool=20/20

[league eval @ update 8799  duration=10877ms]
──────────────────────────────────────────────────────────────────
  vs anchor          hands     bb/hand     win%     mode-collapse?
──────────────────────────────────────────────────────────────────
  uniform            10000       9.490     47.8%    top=21.4%
  random_init        10000       9.091     46.6%    top=21.1%
  always_raise       10000       4.663     33.7%    top=24.3%
  always_call        10000       2.584     46.5%    top=22.9%
  pair_all_in        10000       0.102     85.9%    top=20.1%
──────────────────────────────────────────────────────────────────
  action mix (vs uniform):  F=19.5%  C=21.4%  R0=6.5%  R1=6.0%  R2=7.0%  R3=6.2%  R4=6.3%  R5=5.2%  R6=4.5%  R7=3.8%  R8=3.7%  R9=3.0%  R10=2.7%  AI=4.3%
  action mix (vs pair_all_in):  F=20.1%  C=15.2%  R0=1.1%  R1=1.2%  R2=7.7%  R3=7.5%  R4=7.9%  R5=6.6%  R6=7.5%  R7=6.1%  R8=6.2%  R9=6.2%  R10=5.5%  AI=1.4%

update=8800  step=432586752  pg=-0.0105  vf=4.0117  H=1.7931  kl=0.0013  clip=0.0533  ev=0.5263  lr=0.000084
[update 8800]  rollout=678.9ms  update=351.6ms  pool=20/20
update=8810  step=433078272  pg=-0.0099  vf=4.2781  H=1.7948  kl=0.0012  clip=0.0590  ev=0.5095  lr=0.000083
[update 8810]  rollout=595.3ms  update=329.3ms  pool=20/20
update=8820  step=433569792  pg=-0.0099  vf=4.0994  H=1.7967  kl=0.0012  clip=0.0519  ev=0.5130  lr=0.000083
[update 8820]  rollout=571.3ms  update=327.9ms  pool=20/20
update=8830  step=434061312  pg=-0.0094  vf=3.9677  H=1.8038  kl=0.0013  clip=0.0564  ev=0.5288  lr=0.000083
[update 8830]  rollout=554.8ms  update=328.3ms  pool=20/20
update=8840  step=434552832  pg=-0.0099  vf=3.8637  H=1.8104  kl=0.0013  clip=0.0579  ev=0.5321  lr=0.000083
[update 8840]  rollout=580.0ms  update=326.5ms  pool=20/20

[league eval @ update 8849  duration=10697.8ms]
──────────────────────────────────────────────────────────────────
  vs anchor          hands     bb/hand     win%     mode-collapse?
──────────────────────────────────────────────────────────────────
  random_init        10000       9.519     46.2%    top=20.6%
  uniform            10000       9.427     46.5%    top=20.9%
  always_raise       10000       4.983     34.2%    top=23.8%
  always_call        10000       2.777     45.9%    top=22.9%
  pair_all_in        10000       0.160     85.4%    top=20.5%
──────────────────────────────────────────────────────────────────
  action mix (vs uniform):  F=20.4%  C=20.9%  R0=7.1%  R1=5.9%  R2=6.5%  R3=6.8%  R4=5.5%  R5=5.0%  R6=4.4%  R7=4.0%  R8=3.3%  R9=2.9%  R10=2.7%  AI=4.5%
  action mix (vs pair_all_in):  F=20.5%  C=15.6%  R0=1.2%  R1=1.5%  R2=8.2%  R3=8.6%  R4=6.7%  R5=6.3%  R6=6.7%  R7=6.9%  R8=5.5%  R9=5.6%  R10=5.6%  AI=1.2%

update=8850  step=435044352  pg=-0.0098  vf=3.8764  H=1.8112  kl=0.0012  clip=0.0546  ev=0.5156  lr=0.000083
[update 8850]  rollout=632.2ms  update=341.9ms  pool=20/20
update=8860  step=435535872  pg=-0.0105  vf=3.8532  H=1.8107  kl=0.0013  clip=0.0575  ev=0.5286  lr=0.000082
[update 8860]  rollout=557.7ms  update=327.8ms  pool=20/20
update=8870  step=436027392  pg=-0.0105  vf=3.8222  H=1.8015  kl=0.0013  clip=0.0579  ev=0.5499  lr=0.000082
[update 8870]  rollout=553.4ms  update=330.6ms  pool=20/20
update=8880  step=436518912  pg=-0.0102  vf=3.9250  H=1.8081  kl=0.0013  clip=0.0575  ev=0.5249  lr=0.000082
[update 8880]  rollout=569.7ms  update=325.5ms  pool=20/20
update=8890  step=437010432  pg=-0.0095  vf=4.0008  H=1.8033  kl=0.0012  clip=0.0493  ev=0.5233  lr=0.000082
[update 8890]  rollout=566.4ms  update=326.1ms  pool=20/20

[league eval @ update 8899  duration=17126ms]
──────────────────────────────────────────────────────────────────
  vs anchor          hands     bb/hand     win%     mode-collapse?
──────────────────────────────────────────────────────────────────
  uniform            10000       9.953     47.1%    top=21.1%
  random_init        10000       9.143     47.0%    top=21.0%
  always_raise       10000       4.919     33.3%    top=23.9%
  always_call        10000       2.547     46.8%    top=22.7%
  pair_all_in        10000       0.172     86.1%    top=19.6%
──────────────────────────────────────────────────────────────────
  action mix (vs uniform):  F=19.9%  C=21.1%  R0=6.8%  R1=6.0%  R2=7.0%  R3=6.1%  R4=5.6%  R5=5.0%  R6=4.5%  R7=4.3%  R8=3.3%  R9=3.1%  R10=2.9%  AI=4.5%
  action mix (vs pair_all_in):  F=19.6%  C=15.4%  R0=1.1%  R1=1.3%  R2=8.2%  R3=8.0%  R4=7.6%  R5=6.8%  R6=7.1%  R7=6.8%  R8=6.1%  R9=5.8%  R10=5.2%  AI=1.0%

update=8900  step=437501952  pg=-0.0104  vf=3.7027  H=1.8111  kl=0.0012  clip=0.0542  ev=0.5288  lr=0.000081
[update 8900]  rollout=664.9ms  update=357.0ms  pool=20/20
update=8910  step=437993472  pg=-0.0098  vf=4.0173  H=1.8086  kl=0.0012  clip=0.0507  ev=0.5091  lr=0.000081
[update 8910]  rollout=662.0ms  update=327.0ms  pool=20/20
update=8920  step=438484992  pg=-0.0094  vf=4.1377  H=1.8075  kl=0.0012  clip=0.0500  ev=0.4994  lr=0.000081
[update 8920]  rollout=605.0ms  update=333.5ms  pool=20/20
update=8930  step=438976512  pg=-0.0101  vf=3.5977  H=1.8233  kl=0.0013  clip=0.0576  ev=0.5240  lr=0.000081
[update 8930]  rollout=591.2ms  update=327.5ms  pool=20/20
update=8940  step=439468032  pg=-0.0095  vf=3.9051  H=1.8142  kl=0.0013  clip=0.0579  ev=0.5170  lr=0.000080
[update 8940]  rollout=619.6ms  update=327.1ms  pool=20/20

[league eval @ update 8949  duration=12226.7ms]
──────────────────────────────────────────────────────────────────
  vs anchor          hands     bb/hand     win%     mode-collapse?
──────────────────────────────────────────────────────────────────
  uniform            10000       9.831     48.2%    top=21.6%
  random_init        10000       9.597     47.4%    top=21.4%
  always_raise       10000       4.857     34.0%    top=24.6%
  always_call        10000       3.244     47.5%    top=23.9%
  pair_all_in        10000       0.043     87.0%    top=17.9%
──────────────────────────────────────────────────────────────────
  action mix (vs uniform):  F=19.3%  C=21.6%  R0=6.6%  R1=6.2%  R2=6.8%  R3=6.3%  R4=5.3%  R5=5.2%  R6=4.5%  R7=4.3%  R8=3.8%  R9=3.0%  R10=2.7%  AI=4.3%
  action mix (vs pair_all_in):  F=17.9%  C=15.5%  R0=1.1%  R1=1.1%  R2=9.0%  R3=7.5%  R4=7.0%  R5=7.2%  R6=7.1%  R7=7.0%  R8=6.8%  R9=6.2%  R10=5.3%  AI=1.3%

update=8950  step=439959552  pg=-0.0097  vf=3.8953  H=1.7988  kl=0.0012  clip=0.0503  ev=0.5322  lr=0.000080
[update 8950]  rollout=614.5ms  update=349.6ms  pool=20/20
update=8960  step=440451072  pg=-0.0100  vf=3.7916  H=1.8037  kl=0.0011  clip=0.0508  ev=0.5337  lr=0.000080
[update 8960]  rollout=580.7ms  update=326.2ms  pool=20/20
update=8970  step=440942592  pg=-0.0095  vf=4.0482  H=1.7977  kl=0.0012  clip=0.0528  ev=0.5117  lr=0.000080
[update 8970]  rollout=571.9ms  update=335.9ms  pool=20/20
update=8980  step=441434112  pg=-0.0099  vf=3.8421  H=1.8102  kl=0.0012  clip=0.0556  ev=0.5190  lr=0.000079
[update 8980]  rollout=557.7ms  update=330.6ms  pool=20/20
update=8990  step=441925632  pg=-0.0098  vf=3.9427  H=1.8028  kl=0.0012  clip=0.0516  ev=0.5137  lr=0.000079
[update 8990]  rollout=555.7ms  update=326.9ms  pool=20/20

[league eval @ update 8999  duration=11011.9ms]
──────────────────────────────────────────────────────────────────
  vs anchor          hands     bb/hand     win%     mode-collapse?
──────────────────────────────────────────────────────────────────
  uniform            10000       9.871     47.3%    top=22.0%
  random_init        10000       9.371     46.9%    top=21.4%
  always_raise       10000       4.387     33.4%    top=24.4%
  always_call        10000       2.229     46.1%    top=21.8%
  pair_all_in        10000       0.032     87.0%    top=18.1%
──────────────────────────────────────────────────────────────────
  action mix (vs uniform):  F=19.7%  C=22.0%  R0=7.0%  R1=6.0%  R2=7.0%  R3=6.3%  R4=5.3%  R5=4.9%  R6=4.4%  R7=4.0%  R8=3.4%  R9=3.3%  R10=2.6%  AI=4.1%
  action mix (vs pair_all_in):  F=18.1%  C=15.2%  R0=1.0%  R1=1.1%  R2=8.4%  R3=7.8%  R4=7.0%  R5=6.9%  R6=7.0%  R7=7.0%  R8=7.1%  R9=6.6%  R10=5.7%  AI=1.1%

[best-response eval @ update 8999  seeds=1  bb/hand max=1.483  mean=1.483  min=1.483  std=0.000  best-win%=48.6  duration=1023555ms]

update=9000  step=442417152  pg=-0.0092  vf=3.9045  H=1.8026  kl=0.0011  clip=0.0473  ev=0.5172  lr=0.000079
[update 9000]  rollout=585.4ms  update=354.7ms  pool=20/20
update=9010  step=442908672  pg=-0.0103  vf=3.7608  H=1.8033  kl=0.0013  clip=0.0533  ev=0.5379  lr=0.000079
[update 9010]  rollout=613.0ms  update=330.3ms  pool=20/20
update=9020  step=443400192  pg=-0.0093  vf=4.3240  H=1.7935  kl=0.0011  clip=0.0490  ev=0.5100  lr=0.000078
[update 9020]  rollout=566.7ms  update=327.2ms  pool=20/20
update=9030  step=443891712  pg=-0.0092  vf=4.1129  H=1.7987  kl=0.0013  clip=0.0612  ev=0.5061  lr=0.000078
[update 9030]  rollout=555.8ms  update=326.9ms  pool=20/20
update=9040  step=444383232  pg=-0.0091  vf=4.1752  H=1.8000  kl=0.0013  clip=0.0555  ev=0.5106  lr=0.000078
[update 9040]  rollout=551.2ms  update=329.5ms  pool=20/20

[league eval @ update 9049  duration=10775ms]
──────────────────────────────────────────────────────────────────
  vs anchor          hands     bb/hand     win%     mode-collapse?
──────────────────────────────────────────────────────────────────
  random_init        10000       9.840     47.2%    top=21.9%
  uniform            10000       9.026     47.1%    top=21.8%
  always_raise       10000       4.172     33.6%    top=25.1%
  always_call        10000       2.617     46.2%    top=23.7%
  pair_all_in        10000       0.104     86.9%    top=17.9%
──────────────────────────────────────────────────────────────────
  action mix (vs uniform):  F=19.3%  C=21.8%  R0=6.8%  R1=6.1%  R2=7.0%  R3=5.7%  R4=5.5%  R5=5.5%  R6=4.9%  R7=4.1%  R8=3.7%  R9=3.1%  R10=2.6%  AI=4.0%
  action mix (vs pair_all_in):  F=17.9%  C=16.7%  R0=1.6%  R1=1.2%  R2=7.8%  R3=7.4%  R4=7.6%  R5=6.8%  R6=7.4%  R7=6.0%  R8=6.7%  R9=6.1%  R10=5.8%  AI=1.0%

update=9050  step=444874752  pg=-0.0093  vf=4.1190  H=1.7882  kl=0.0011  clip=0.0466  ev=0.5302  lr=0.000078
[update 9050]  rollout=636.9ms  update=335.1ms  pool=20/20
update=9060  step=445366272  pg=-0.0104  vf=4.0545  H=1.7935  kl=0.0012  clip=0.0523  ev=0.5227  lr=0.000077
[update 9060]  rollout=551.2ms  update=326.3ms  pool=20/20
update=9070  step=445857792  pg=-0.0097  vf=4.1513  H=1.7968  kl=0.0012  clip=0.0511  ev=0.5274  lr=0.000077
[update 9070]  rollout=570.5ms  update=331.2ms  pool=20/20
update=9080  step=446349312  pg=-0.0098  vf=4.0524  H=1.7951  kl=0.0013  clip=0.0528  ev=0.5180  lr=0.000077
[update 9080]  rollout=560.1ms  update=329.4ms  pool=20/20
update=9090  step=446840832  pg=-0.0096  vf=3.7153  H=1.8138  kl=0.0013  clip=0.0581  ev=0.5408  lr=0.000077
[update 9090]  rollout=567.5ms  update=326.3ms  pool=20/20

[league eval @ update 9099  duration=11000.5ms]
──────────────────────────────────────────────────────────────────
  vs anchor          hands     bb/hand     win%     mode-collapse?
──────────────────────────────────────────────────────────────────
  uniform            10000       9.962     48.2%    top=21.5%
  random_init        10000       9.549     47.0%    top=21.3%
  always_raise       10000       5.735     35.1%    top=24.5%
  always_call        10000       3.121     46.3%    top=22.5%
  pair_all_in        10000       0.113     86.9%    top=18.0%
──────────────────────────────────────────────────────────────────
  action mix (vs uniform):  F=19.1%  C=21.5%  R0=6.6%  R1=5.7%  R2=7.2%  R3=6.0%  R4=5.2%  R5=5.2%  R6=4.7%  R7=4.3%  R8=3.5%  R9=3.4%  R10=2.9%  AI=4.6%
  action mix (vs pair_all_in):  F=18.0%  C=15.7%  R0=1.0%  R1=0.9%  R2=7.2%  R3=7.8%  R4=6.9%  R5=8.3%  R6=7.2%  R7=6.5%  R8=6.5%  R9=6.7%  R10=6.0%  AI=1.2%

update=9100  step=447332352  pg=-0.0098  vf=3.8166  H=1.8073  kl=0.0012  clip=0.0477  ev=0.5430  lr=0.000076
[update 9100]  rollout=657.5ms  update=340.4ms  pool=20/20
update=9110  step=447823872  pg=-0.0096  vf=4.0560  H=1.7907  kl=0.0012  clip=0.0503  ev=0.5320  lr=0.000076
[update 9110]  rollout=565.2ms  update=327.1ms  pool=20/20
update=9120  step=448315392  pg=-0.0097  vf=4.1920  H=1.7952  kl=0.0012  clip=0.0510  ev=0.5110  lr=0.000076
[update 9120]  rollout=572.5ms  update=326.3ms  pool=20/20
update=9130  step=448806912  pg=-0.0092  vf=4.1740  H=1.7987  kl=0.0011  clip=0.0438  ev=0.5033  lr=0.000076
[update 9130]  rollout=565.8ms  update=331.3ms  pool=20/20
update=9140  step=449298432  pg=-0.0096  vf=4.0515  H=1.8086  kl=0.0011  clip=0.0521  ev=0.5212  lr=0.000075
[update 9140]  rollout=581.4ms  update=327.1ms  pool=20/20

[league eval @ update 9149  duration=10978.4ms]
──────────────────────────────────────────────────────────────────
  vs anchor          hands     bb/hand     win%     mode-collapse?
──────────────────────────────────────────────────────────────────
  uniform            10000       9.800     47.4%    top=21.3%
  random_init        10000       8.834     46.5%    top=21.6%
  always_call        10000       3.616     47.9%    top=22.5%
  always_raise       10000       3.507     32.5%    top=24.0%
  pair_all_in        10000       0.101     86.4%    top=19.1%
──────────────────────────────────────────────────────────────────
  action mix (vs uniform):  F=19.6%  C=21.3%  R0=7.2%  R1=5.8%  R2=7.0%  R3=5.5%  R4=5.8%  R5=5.0%  R6=4.7%  R7=4.3%  R8=3.3%  R9=3.0%  R10=2.9%  AI=4.5%
  action mix (vs pair_all_in):  F=19.1%  C=14.7%  R0=1.2%  R1=1.0%  R2=7.4%  R3=7.4%  R4=7.4%  R5=7.4%  R6=7.1%  R7=5.8%  R8=7.0%  R9=6.3%  R10=6.7%  AI=1.3%

update=9150  step=449789952  pg=-0.0100  vf=3.7534  H=1.8140  kl=0.0013  clip=0.0556  ev=0.5285  lr=0.000075
[update 9150]  rollout=690.1ms  update=349.2ms  pool=20/20
update=9160  step=450281472  pg=-0.0090  vf=3.9011  H=1.8038  kl=0.0011  clip=0.0462  ev=0.5264  lr=0.000075
[update 9160]  rollout=570.2ms  update=330.0ms  pool=20/20
update=9170  step=450772992  pg=-0.0092  vf=4.2365  H=1.7936  kl=0.0012  clip=0.0486  ev=0.5062  lr=0.000075
[update 9170]  rollout=554.9ms  update=327.1ms  pool=20/20
update=9180  step=451264512  pg=-0.0095  vf=4.0611  H=1.7950  kl=0.0012  clip=0.0496  ev=0.5202  lr=0.000074
[update 9180]  rollout=558.8ms  update=329.1ms  pool=20/20
update=9190  step=451756032  pg=-0.0099  vf=4.0900  H=1.7877  kl=0.0012  clip=0.0466  ev=0.5155  lr=0.000074
[update 9190]  rollout=635.2ms  update=331.7ms  pool=20/20

[league eval @ update 9199  duration=10379.5ms]
──────────────────────────────────────────────────────────────────
  vs anchor          hands     bb/hand     win%     mode-collapse?
──────────────────────────────────────────────────────────────────
  random_init        10000      10.267     47.9%    top=21.6%
  uniform            10000      10.242     48.7%    top=22.0%
  always_raise       10000       5.382     34.6%    top=24.8%
  always_call        10000       2.032     45.7%    top=22.3%
  pair_all_in        10000       0.146     87.7%    top=17.3%
──────────────────────────────────────────────────────────────────
  action mix (vs uniform):  F=18.7%  C=22.0%  R0=7.0%  R1=5.9%  R2=6.9%  R3=5.8%  R4=6.2%  R5=4.9%  R6=4.5%  R7=4.3%  R8=3.6%  R9=3.3%  R10=2.4%  AI=4.5%
  action mix (vs pair_all_in):  F=17.3%  C=14.9%  R0=1.3%  R1=0.8%  R2=8.4%  R3=8.5%  R4=8.0%  R5=7.2%  R6=6.7%  R7=7.7%  R8=6.9%  R9=5.7%  R10=5.3%  AI=1.2%

update=9200  step=452247552  pg=-0.0093  vf=4.0163  H=1.8029  kl=0.0011  clip=0.0425  ev=0.5202  lr=0.000074
[update 9200]  rollout=578.4ms  update=337.2ms  pool=20/20
update=9210  step=452739072  pg=-0.0102  vf=3.9195  H=1.7953  kl=0.0012  clip=0.0517  ev=0.5285  lr=0.000074
[update 9210]  rollout=566.8ms  update=331.3ms  pool=20/20
update=9220  step=453230592  pg=-0.0092  vf=4.0636  H=1.7951  kl=0.0012  clip=0.0460  ev=0.5176  lr=0.000073
[update 9220]  rollout=546.4ms  update=328.6ms  pool=20/20
update=9230  step=453722112  pg=-0.0088  vf=4.1519  H=1.7865  kl=0.0011  clip=0.0459  ev=0.5283  lr=0.000073
[update 9230]  rollout=555.9ms  update=328.6ms  pool=20/20
update=9240  step=454213632  pg=-0.0091  vf=4.0353  H=1.7953  kl=0.0012  clip=0.0498  ev=0.5062  lr=0.000073
[update 9240]  rollout=574.6ms  update=335.3ms  pool=20/20

[league eval @ update 9249  duration=10960.7ms]
──────────────────────────────────────────────────────────────────
  vs anchor          hands     bb/hand     win%     mode-collapse?
──────────────────────────────────────────────────────────────────
  uniform            10000       9.929     48.8%    top=21.8%
  random_init        10000       9.872     48.2%    top=22.1%
  always_raise       10000       5.292     34.7%    top=24.1%
  always_call        10000       2.933     47.3%    top=23.0%
  pair_all_in        10000       0.207     87.2%    top=18.0%
──────────────────────────────────────────────────────────────────
  action mix (vs uniform):  F=18.6%  C=21.8%  R0=6.9%  R1=6.5%  R2=7.0%  R3=6.1%  R4=5.3%  R5=5.2%  R6=4.9%  R7=4.1%  R8=3.0%  R9=3.4%  R10=2.7%  AI=4.6%
  action mix (vs pair_all_in):  F=18.0%  C=15.9%  R0=1.2%  R1=1.2%  R2=7.4%  R3=8.1%  R4=6.9%  R5=7.7%  R6=8.1%  R7=7.3%  R8=6.0%  R9=6.0%  R10=5.1%  AI=1.2%

update=9250  step=454705152  pg=-0.0090  vf=3.9063  H=1.7942  kl=0.0011  clip=0.0472  ev=0.5272  lr=0.000073
[update 9250]  rollout=781.8ms  update=357.4ms  pool=20/20
update=9260  step=455196672  pg=-0.0096  vf=3.9419  H=1.7806  kl=0.0013  clip=0.0516  ev=0.5457  lr=0.000072
[update 9260]  rollout=589.8ms  update=326.2ms  pool=20/20
update=9270  step=455688192  pg=-0.0093  vf=3.8823  H=1.7918  kl=0.0010  clip=0.0427  ev=0.5292  lr=0.000072
[update 9270]  rollout=670.0ms  update=349.4ms  pool=20/20
update=9280  step=456179712  pg=-0.0093  vf=3.7786  H=1.8016  kl=0.0012  clip=0.0474  ev=0.5320  lr=0.000072
[update 9280]  rollout=654.1ms  update=329.0ms  pool=20/20
update=9290  step=456671232  pg=-0.0094  vf=3.8533  H=1.7948  kl=0.0011  clip=0.0446  ev=0.5305  lr=0.000072
[update 9290]  rollout=635.1ms  update=329.3ms  pool=20/20

[league eval @ update 9299  duration=13642.2ms]
──────────────────────────────────────────────────────────────────
  vs anchor          hands     bb/hand     win%     mode-collapse?
──────────────────────────────────────────────────────────────────
  random_init        10000      10.313     48.0%    top=21.9%
  uniform            10000       9.268     47.7%    top=21.5%
  always_raise       10000       4.386     33.7%    top=24.4%
  always_call        10000       2.809     46.9%    top=22.3%
  pair_all_in        10000       0.206     87.2%    top=18.1%
──────────────────────────────────────────────────────────────────
  action mix (vs uniform):  F=19.1%  C=21.5%  R0=6.5%  R1=5.7%  R2=7.5%  R3=6.2%  R4=5.7%  R5=5.5%  R6=4.8%  R7=4.0%  R8=3.5%  R9=2.9%  R10=2.8%  AI=4.2%
  action mix (vs pair_all_in):  F=18.1%  C=15.1%  R0=1.6%  R1=1.0%  R2=8.2%  R3=8.8%  R4=7.5%  R5=7.8%  R6=7.8%  R7=6.5%  R8=5.9%  R9=5.3%  R10=5.2%  AI=1.1%

update=9300  step=457162752  pg=-0.0093  vf=3.8895  H=1.7958  kl=0.0011  clip=0.0442  ev=0.5292  lr=0.000071
[update 9300]  rollout=647.9ms  update=350.7ms  pool=20/20
update=9310  step=457654272  pg=-0.0097  vf=3.8893  H=1.8070  kl=0.0012  clip=0.0495  ev=0.5216  lr=0.000071
[update 9310]  rollout=568.4ms  update=327.8ms  pool=20/20
update=9320  step=458145792  pg=-0.0091  vf=4.0763  H=1.7940  kl=0.0011  clip=0.0436  ev=0.5216  lr=0.000071
[update 9320]  rollout=622.1ms  update=331.2ms  pool=20/20
update=9330  step=458637312  pg=-0.0094  vf=3.9284  H=1.7973  kl=0.0011  clip=0.0467  ev=0.5270  lr=0.000071
[update 9330]  rollout=574.6ms  update=333.1ms  pool=20/20
update=9340  step=459128832  pg=-0.0088  vf=3.8452  H=1.8007  kl=0.0011  clip=0.0421  ev=0.5278  lr=0.000070
[update 9340]  rollout=563.3ms  update=328.6ms  pool=20/20

[league eval @ update 9349  duration=11007.9ms]
──────────────────────────────────────────────────────────────────
  vs anchor          hands     bb/hand     win%     mode-collapse?
──────────────────────────────────────────────────────────────────
  uniform            10000      10.357     48.5%    top=22.0%
  random_init        10000       9.911     47.5%    top=21.3%
  always_raise       10000       4.970     33.7%    top=24.0%
  always_call        10000       2.493     46.7%    top=21.7%
  pair_all_in        10000       0.093     87.2%    top=17.4%
──────────────────────────────────────────────────────────────────
  action mix (vs uniform):  F=19.2%  C=22.0%  R0=6.7%  R1=6.0%  R2=7.6%  R3=6.0%  R4=5.9%  R5=4.8%  R6=4.3%  R7=4.3%  R8=3.6%  R9=3.0%  R10=2.5%  AI=4.3%
  action mix (vs pair_all_in):  F=17.4%  C=16.3%  R0=1.4%  R1=1.3%  R2=8.9%  R3=7.2%  R4=7.9%  R5=6.8%  R6=7.2%  R7=6.7%  R8=6.2%  R9=6.3%  R10=5.2%  AI=1.3%

update=9350  step=459620352  pg=-0.0086  vf=4.0535  H=1.7954  kl=0.0011  clip=0.0437  ev=0.5107  lr=0.000070
[update 9350]  rollout=654.5ms  update=351.1ms  pool=20/20
update=9360  step=460111872  pg=-0.0091  vf=3.8993  H=1.8008  kl=0.0010  clip=0.0412  ev=0.5117  lr=0.000070
[update 9360]  rollout=606.0ms  update=327.3ms  pool=20/20
update=9370  step=460603392  pg=-0.0097  vf=3.8605  H=1.7999  kl=0.0011  clip=0.0462  ev=0.5287  lr=0.000070
[update 9370]  rollout=575.1ms  update=336.8ms  pool=20/20
update=9380  step=461094912  pg=-0.0091  vf=3.8675  H=1.8006  kl=0.0011  clip=0.0446  ev=0.5147  lr=0.000069
[update 9380]  rollout=592.8ms  update=331.6ms  pool=20/20
update=9390  step=461586432  pg=-0.0091  vf=3.9182  H=1.7968  kl=0.0011  clip=0.0440  ev=0.5176  lr=0.000069
[update 9390]  rollout=571.7ms  update=330.5ms  pool=20/20

[league eval @ update 9399  duration=10847ms]
──────────────────────────────────────────────────────────────────
  vs anchor          hands     bb/hand     win%     mode-collapse?
──────────────────────────────────────────────────────────────────
  random_init        10000       9.456     47.5%    top=21.7%
  uniform            10000       9.264     47.1%    top=21.1%
  always_raise       10000       5.377     34.3%    top=24.5%
  always_call        10000       2.415     46.3%    top=22.4%
  pair_all_in        10000       0.054     87.2%    top=17.3%
──────────────────────────────────────────────────────────────────
  action mix (vs uniform):  F=19.8%  C=21.1%  R0=7.2%  R1=5.6%  R2=7.1%  R3=6.0%  R4=6.3%  R5=5.2%  R6=4.3%  R7=3.9%  R8=3.3%  R9=2.9%  R10=2.8%  AI=4.3%
  action mix (vs pair_all_in):  F=17.3%  C=16.7%  R0=1.2%  R1=1.0%  R2=8.4%  R3=8.3%  R4=8.3%  R5=6.8%  R6=6.7%  R7=7.5%  R8=5.5%  R9=5.3%  R10=5.7%  AI=1.4%

update=9400  step=462077952  pg=-0.0090  vf=3.8686  H=1.8002  kl=0.0010  clip=0.0427  ev=0.5309  lr=0.000069
[update 9400]  rollout=649.5ms  update=338.6ms  pool=20/20
update=9410  step=462569472  pg=-0.0092  vf=3.9702  H=1.7889  kl=0.0010  clip=0.0406  ev=0.5376  lr=0.000069
[update 9410]  rollout=579.2ms  update=329.4ms  pool=20/20
update=9420  step=463060992  pg=-0.0088  vf=4.1359  H=1.7980  kl=0.0011  clip=0.0462  ev=0.5238  lr=0.000068
[update 9420]  rollout=556.6ms  update=327.9ms  pool=20/20
update=9430  step=463552512  pg=-0.0094  vf=3.8281  H=1.8006  kl=0.0012  clip=0.0476  ev=0.5299  lr=0.000068
[update 9430]  rollout=568.3ms  update=337.5ms  pool=20/20
update=9440  step=464044032  pg=-0.0093  vf=4.0753  H=1.7931  kl=0.0011  clip=0.0438  ev=0.5305  lr=0.000068
[update 9440]  rollout=562.9ms  update=331.2ms  pool=20/20

[league eval @ update 9449  duration=10963.6ms]
──────────────────────────────────────────────────────────────────
  vs anchor          hands     bb/hand     win%     mode-collapse?
──────────────────────────────────────────────────────────────────
  random_init        10000       9.662     48.1%    top=22.3%
  uniform            10000       9.344     47.0%    top=22.3%
  always_raise       10000       5.272     34.8%    top=25.3%
  always_call        10000       3.160     46.8%    top=22.9%
  pair_all_in        10000       0.047     86.2%    top=18.8%
──────────────────────────────────────────────────────────────────
  action mix (vs uniform):  F=19.7%  C=22.3%  R0=6.8%  R1=6.3%  R2=6.9%  R3=6.6%  R4=5.4%  R5=4.9%  R6=3.7%  R7=4.4%  R8=3.4%  R9=3.3%  R10=2.5%  AI=3.9%
  action mix (vs pair_all_in):  F=18.8%  C=16.8%  R0=1.2%  R1=1.1%  R2=7.9%  R3=8.2%  R4=7.2%  R5=6.8%  R6=6.2%  R7=6.7%  R8=6.1%  R9=6.3%  R10=5.7%  AI=1.1%

update=9450  step=464535552  pg=-0.0091  vf=4.2392  H=1.7781  kl=0.0011  clip=0.0421  ev=0.5240  lr=0.000068
[update 9450]  rollout=617.7ms  update=340.0ms  pool=20/20
update=9460  step=465027072  pg=-0.0089  vf=4.0074  H=1.7929  kl=0.0011  clip=0.0441  ev=0.5180  lr=0.000068
[update 9460]  rollout=577.0ms  update=331.7ms  pool=20/20
update=9470  step=465518592  pg=-0.0095  vf=3.8879  H=1.7961  kl=0.0012  clip=0.0511  ev=0.5343  lr=0.000067
[update 9470]  rollout=579.6ms  update=331.1ms  pool=20/20
update=9480  step=466010112  pg=-0.0092  vf=4.1398  H=1.7846  kl=0.0011  clip=0.0418  ev=0.5239  lr=0.000067
[update 9480]  rollout=566.3ms  update=330.9ms  pool=20/20
update=9490  step=466501632  pg=-0.0093  vf=3.9061  H=1.8001  kl=0.0010  clip=0.0401  ev=0.5313  lr=0.000067
[update 9490]  rollout=576.1ms  update=336.3ms  pool=20/20

[league eval @ update 9499  duration=10988.9ms]
──────────────────────────────────────────────────────────────────
  vs anchor          hands     bb/hand     win%     mode-collapse?
──────────────────────────────────────────────────────────────────
  random_init        10000       9.656     47.3%    top=22.2%
  uniform            10000       9.338     48.6%    top=21.6%
  always_raise       10000       5.543     34.5%    top=23.7%
  always_call        10000       2.375     46.2%    top=21.9%
  pair_all_in        10000       0.116     86.3%    top=18.9%
──────────────────────────────────────────────────────────────────
  action mix (vs uniform):  F=18.7%  C=21.6%  R0=7.5%  R1=6.0%  R2=7.0%  R3=6.6%  R4=5.4%  R5=5.4%  R6=4.4%  R7=4.2%  R8=3.4%  R9=3.1%  R10=2.5%  AI=4.4%
  action mix (vs pair_all_in):  F=18.9%  C=16.9%  R0=1.5%  R1=0.9%  R2=8.6%  R3=7.8%  R4=6.7%  R5=7.7%  R6=6.5%  R7=6.5%  R8=6.2%  R9=4.8%  R10=5.8%  AI=1.1%

update=9500  step=466993152  pg=-0.0089  vf=3.9079  H=1.7969  kl=0.0010  clip=0.0393  ev=0.5227  lr=0.000067
[update 9500]  rollout=588.2ms  update=351.5ms  pool=20/20
update=9510  step=467484672  pg=-0.0093  vf=4.1688  H=1.7899  kl=0.0011  clip=0.0439  ev=0.5200  lr=0.000066
[update 9510]  rollout=567.6ms  update=336.6ms  pool=20/20
update=9520  step=467976192  pg=-0.0084  vf=4.3195  H=1.7732  kl=0.0009  clip=0.0376  ev=0.5148  lr=0.000066
[update 9520]  rollout=567.8ms  update=331.9ms  pool=20/20
update=9530  step=468467712  pg=-0.0096  vf=4.1101  H=1.7807  kl=0.0012  clip=0.0448  ev=0.5296  lr=0.000066
[update 9530]  rollout=562.2ms  update=330.8ms  pool=20/20
update=9540  step=468959232  pg=-0.0090  vf=3.8748  H=1.7935  kl=0.0012  clip=0.0484  ev=0.5410  lr=0.000066
[update 9540]  rollout=575.4ms  update=327.7ms  pool=20/20

[league eval @ update 9549  duration=11233.3ms]
──────────────────────────────────────────────────────────────────
  vs anchor          hands     bb/hand     win%     mode-collapse?
──────────────────────────────────────────────────────────────────
  uniform            10000       9.791     47.4%    top=20.8%
  random_init        10000       9.509     47.1%    top=21.4%
  always_raise       10000       4.368     33.7%    top=23.9%
  always_call        10000       3.064     46.8%    top=21.1%
  pair_all_in        10000       0.099     86.9%    top=18.3%
──────────────────────────────────────────────────────────────────
  action mix (vs uniform):  F=19.9%  C=20.8%  R0=7.2%  R1=5.8%  R2=6.8%  R3=6.3%  R4=5.5%  R5=5.0%  R6=4.6%  R7=4.5%  R8=3.9%  R9=2.9%  R10=2.7%  AI=4.2%
  action mix (vs pair_all_in):  F=18.3%  C=14.9%  R0=1.3%  R1=1.1%  R2=8.7%  R3=7.8%  R4=7.5%  R5=6.3%  R6=7.5%  R7=7.8%  R8=6.7%  R9=5.7%  R10=5.5%  AI=1.1%

update=9550  step=469450752  pg=-0.0095  vf=3.5412  H=1.8111  kl=0.0011  clip=0.0440  ev=0.5321  lr=0.000065
[update 9550]  rollout=602.5ms  update=350.8ms  pool=20/20
update=9560  step=469942272  pg=-0.0080  vf=3.9073  H=1.8133  kl=0.0011  clip=0.0424  ev=0.5159  lr=0.000065
[update 9560]  rollout=579.2ms  update=328.1ms  pool=20/20
update=9570  step=470433792  pg=-0.0090  vf=3.9814  H=1.7910  kl=0.0011  clip=0.0413  ev=0.5266  lr=0.000065
[update 9570]  rollout=637.8ms  update=335.0ms  pool=20/20
update=9580  step=470925312  pg=-0.0078  vf=4.0236  H=1.8034  kl=0.0010  clip=0.0357  ev=0.5254  lr=0.000065
[update 9580]  rollout=633.4ms  update=331.6ms  pool=20/20
update=9590  step=471416832  pg=-0.0082  vf=3.9792  H=1.7925  kl=0.0011  clip=0.0396  ev=0.5109  lr=0.000064
[update 9590]  rollout=628.0ms  update=329.0ms  pool=20/20

[league eval @ update 9599  duration=17016.1ms]
──────────────────────────────────────────────────────────────────
  vs anchor          hands     bb/hand     win%     mode-collapse?
──────────────────────────────────────────────────────────────────
  random_init        10000       9.975     48.0%    top=21.7%
  uniform            10000       9.742     47.5%    top=21.9%
  always_raise       10000       5.008     34.2%    top=24.3%
  always_call        10000       2.687     46.6%    top=21.2%
  pair_all_in        10000       0.155     87.2%    top=17.6%
──────────────────────────────────────────────────────────────────
  action mix (vs uniform):  F=19.1%  C=21.9%  R0=6.8%  R1=6.1%  R2=6.9%  R3=6.3%  R4=5.5%  R5=5.4%  R6=4.6%  R7=4.6%  R8=3.7%  R9=2.6%  R10=2.3%  AI=4.2%
  action mix (vs pair_all_in):  F=17.6%  C=15.8%  R0=1.4%  R1=1.0%  R2=8.3%  R3=8.4%  R4=8.0%  R5=7.7%  R6=6.6%  R7=7.5%  R8=6.5%  R9=4.8%  R10=5.4%  AI=1.1%

update=9600  step=471908352  pg=-0.0083  vf=3.8447  H=1.7949  kl=0.0010  clip=0.0390  ev=0.5139  lr=0.000064
[update 9600]  rollout=664.1ms  update=353.2ms  pool=20/20
update=9610  step=472399872  pg=-0.0087  vf=4.0357  H=1.7980  kl=0.0011  clip=0.0437  ev=0.5139  lr=0.000064
[update 9610]  rollout=626.3ms  update=329.7ms  pool=20/20
update=9620  step=472891392  pg=-0.0085  vf=3.9521  H=1.8060  kl=0.0011  clip=0.0468  ev=0.5036  lr=0.000064
[update 9620]  rollout=650.4ms  update=332.5ms  pool=20/20
update=9630  step=473382912  pg=-0.0084  vf=3.9532  H=1.7908  kl=0.0009  clip=0.0373  ev=0.5386  lr=0.000063
[update 9630]  rollout=563.6ms  update=332.9ms  pool=20/20
update=9640  step=473874432  pg=-0.0086  vf=4.0578  H=1.7951  kl=0.0009  clip=0.0362  ev=0.5207  lr=0.000063
[update 9640]  rollout=559.2ms  update=331.5ms  pool=20/20

[league eval @ update 9649  duration=11053.5ms]
──────────────────────────────────────────────────────────────────
  vs anchor          hands     bb/hand     win%     mode-collapse?
──────────────────────────────────────────────────────────────────
  uniform            10000       9.480     47.2%    top=21.3%
  random_init        10000       9.274     47.2%    top=21.4%
  always_raise       10000       5.010     33.6%    top=23.9%
  always_call        10000       2.650     46.1%    top=20.8%
  pair_all_in        10000       0.140     87.0%    top=18.0%
──────────────────────────────────────────────────────────────────
  action mix (vs uniform):  F=19.7%  C=21.3%  R0=7.1%  R1=6.6%  R2=6.6%  R3=6.4%  R4=5.7%  R5=5.4%  R6=4.3%  R7=4.2%  R8=3.3%  R9=2.7%  R10=2.5%  AI=4.3%
  action mix (vs pair_all_in):  F=18.0%  C=15.6%  R0=1.4%  R1=1.3%  R2=8.3%  R3=8.3%  R4=7.4%  R5=7.7%  R6=6.5%  R7=7.7%  R8=5.8%  R9=6.1%  R10=4.5%  AI=1.4%

update=9650  step=474365952  pg=-0.0083  vf=4.2431  H=1.7984  kl=0.0010  clip=0.0401  ev=0.4851  lr=0.000063
[update 9650]  rollout=601.7ms  update=353.4ms  pool=20/20
update=9660  step=474857472  pg=-0.0092  vf=3.7015  H=1.8042  kl=0.0012  clip=0.0464  ev=0.5307  lr=0.000063
[update 9660]  rollout=573.9ms  update=327.9ms  pool=20/20
update=9670  step=475348992  pg=-0.0083  vf=3.8994  H=1.7993  kl=0.0011  clip=0.0404  ev=0.5253  lr=0.000062
[update 9670]  rollout=562.6ms  update=329.3ms  pool=20/20
update=9680  step=475840512  pg=-0.0086  vf=3.8826  H=1.8017  kl=0.0010  clip=0.0367  ev=0.5325  lr=0.000062
[update 9680]  rollout=595.2ms  update=336.3ms  pool=20/20
update=9690  step=476332032  pg=-0.0083  vf=4.0500  H=1.7921  kl=0.0010  clip=0.0369  ev=0.5122  lr=0.000062
[update 9690]  rollout=586.7ms  update=332.4ms  pool=20/20

[league eval @ update 9699  duration=10982.8ms]
──────────────────────────────────────────────────────────────────
  vs anchor          hands     bb/hand     win%     mode-collapse?
──────────────────────────────────────────────────────────────────
  uniform            10000       9.191     47.6%    top=21.4%
  random_init        10000       8.969     47.4%    top=21.0%
  always_raise       10000       4.919     33.9%    top=24.1%
  always_call        10000       2.416     45.6%    top=21.4%
  pair_all_in        10000       0.097     86.6%    top=18.5%
──────────────────────────────────────────────────────────────────
  action mix (vs uniform):  F=19.3%  C=21.4%  R0=7.6%  R1=5.8%  R2=6.9%  R3=6.3%  R4=5.7%  R5=4.9%  R6=4.5%  R7=4.0%  R8=3.8%  R9=3.0%  R10=2.6%  AI=4.3%
  action mix (vs pair_all_in):  F=18.5%  C=15.6%  R0=1.5%  R1=1.1%  R2=8.6%  R3=7.1%  R4=8.1%  R5=6.8%  R6=7.1%  R7=6.5%  R8=6.9%  R9=6.0%  R10=5.1%  AI=1.2%

update=9700  step=476823552  pg=-0.0086  vf=3.9402  H=1.7860  kl=0.0010  clip=0.0397  ev=0.5316  lr=0.000062
[update 9700]  rollout=661.2ms  update=355.2ms  pool=20/20
update=9710  step=477315072  pg=-0.0079  vf=3.9818  H=1.7992  kl=0.0009  clip=0.0337  ev=0.5045  lr=0.000061
[update 9710]  rollout=583.9ms  update=329.8ms  pool=20/20
update=9720  step=477806592  pg=-0.0087  vf=3.9448  H=1.7931  kl=0.0011  clip=0.0422  ev=0.5315  lr=0.000061
[update 9720]  rollout=569.1ms  update=329.8ms  pool=20/20
update=9730  step=478298112  pg=-0.0083  vf=3.9330  H=1.7928  kl=0.0011  clip=0.0428  ev=0.5290  lr=0.000061
[update 9730]  rollout=572.8ms  update=331.9ms  pool=20/20
update=9740  step=478789632  pg=-0.0081  vf=4.1897  H=1.7832  kl=0.0010  clip=0.0371  ev=0.5181  lr=0.000061
[update 9740]  rollout=556.7ms  update=331.9ms  pool=20/20

[league eval @ update 9749  duration=11071ms]
──────────────────────────────────────────────────────────────────
  vs anchor          hands     bb/hand     win%     mode-collapse?
──────────────────────────────────────────────────────────────────
  uniform            10000      10.510     48.1%    top=21.6%
  random_init        10000       9.921     47.9%    top=21.9%
  always_raise       10000       5.153     34.7%    top=24.3%
  always_call        10000       2.261     46.5%    top=22.4%
  pair_all_in        10000       0.157     87.2%    top=17.8%
──────────────────────────────────────────────────────────────────
  action mix (vs uniform):  F=19.2%  C=21.6%  R0=7.5%  R1=6.0%  R2=7.1%  R3=6.2%  R4=6.1%  R5=5.1%  R6=4.5%  R7=3.9%  R8=3.4%  R9=3.1%  R10=2.4%  AI=3.9%
  action mix (vs pair_all_in):  F=17.8%  C=15.4%  R0=1.5%  R1=1.3%  R2=8.8%  R3=7.5%  R4=7.4%  R5=7.9%  R6=7.5%  R7=6.6%  R8=5.8%  R9=6.1%  R10=4.7%  AI=1.6%

[best-response eval @ update 9749  seeds=1  bb/hand max=0.967  mean=0.967  min=0.967  std=0.000  best-win%=41.5  duration=1021340ms]

update=9750  step=479281152  pg=-0.0076  vf=4.2216  H=1.7920  kl=0.0010  clip=0.0353  ev=0.5020  lr=0.000060
[update 9750]  rollout=612.6ms  update=359.6ms  pool=20/20
update=9760  step=479772672  pg=-0.0078  vf=4.2668  H=1.7785  kl=0.0009  clip=0.0353  ev=0.5095  lr=0.000060
[update 9760]  rollout=573.7ms  update=328.2ms  pool=20/20
update=9770  step=480264192  pg=-0.0080  vf=3.9057  H=1.7960  kl=0.0010  clip=0.0403  ev=0.5143  lr=0.000060
[update 9770]  rollout=569.7ms  update=327.1ms  pool=20/20
update=9780  step=480755712  pg=-0.0085  vf=3.7932  H=1.7949  kl=0.0010  clip=0.0392  ev=0.5382  lr=0.000060
[update 9780]  rollout=554.0ms  update=327.9ms  pool=20/20
update=9790  step=481247232  pg=-0.0079  vf=4.0090  H=1.7925  kl=0.0011  clip=0.0400  ev=0.5278  lr=0.000060
[update 9790]  rollout=579.7ms  update=329.9ms  pool=20/20

[league eval @ update 9799  duration=10538.4ms]
──────────────────────────────────────────────────────────────────
  vs anchor          hands     bb/hand     win%     mode-collapse?
──────────────────────────────────────────────────────────────────
  random_init        10000      10.534     48.7%    top=21.3%
  uniform            10000       9.609     47.3%    top=21.2%
  always_raise       10000       4.556     34.0%    top=24.2%
  always_call        10000       2.429     46.5%    top=21.7%
  pair_all_in        10000       0.076     87.1%    top=17.5%
──────────────────────────────────────────────────────────────────
  action mix (vs uniform):  F=19.8%  C=21.2%  R0=7.6%  R1=6.0%  R2=6.7%  R3=6.1%  R4=6.1%  R5=5.2%  R6=4.5%  R7=3.8%  R8=3.4%  R9=3.1%  R10=2.7%  AI=3.9%
  action mix (vs pair_all_in):  F=17.5%  C=16.2%  R0=1.1%  R1=1.2%  R2=7.7%  R3=8.6%  R4=8.0%  R5=7.0%  R6=7.2%  R7=6.8%  R8=6.8%  R9=5.6%  R10=5.0%  AI=1.3%

update=9800  step=481738752  pg=-0.0081  vf=4.2031  H=1.7807  kl=0.0010  clip=0.0370  ev=0.5104  lr=0.000060
[update 9800]  rollout=587.4ms  update=346.5ms  pool=20/20
update=9810  step=482230272  pg=-0.0085  vf=4.1290  H=1.7753  kl=0.0011  clip=0.0411  ev=0.5330  lr=0.000060
[update 9810]  rollout=565.3ms  update=333.7ms  pool=20/20
update=9820  step=482721792  pg=-0.0080  vf=4.0711  H=1.7821  kl=0.0011  clip=0.0408  ev=0.5237  lr=0.000060
[update 9820]  rollout=623.7ms  update=328.3ms  pool=20/20
update=9830  step=483213312  pg=-0.0081  vf=4.0046  H=1.7891  kl=0.0009  clip=0.0360  ev=0.5213  lr=0.000060
[update 9830]  rollout=561.7ms  update=329.1ms  pool=20/20
update=9840  step=483704832  pg=-0.0075  vf=4.1126  H=1.7904  kl=0.0010  clip=0.0403  ev=0.5073  lr=0.000060
[update 9840]  rollout=578.1ms  update=326.2ms  pool=20/20

[league eval @ update 9849  duration=10772.4ms]
──────────────────────────────────────────────────────────────────
  vs anchor          hands     bb/hand     win%     mode-collapse?
──────────────────────────────────────────────────────────────────
  random_init        10000      10.049     48.2%    top=21.8%
  uniform            10000       9.973     48.1%    top=21.0%
  always_raise       10000       4.042     33.2%    top=23.7%
  always_call        10000       3.201     46.8%    top=22.9%
  pair_all_in        10000       0.041     87.5%    top=16.9%
──────────────────────────────────────────────────────────────────
  action mix (vs uniform):  F=19.3%  C=21.0%  R0=7.1%  R1=6.5%  R2=6.6%  R3=6.2%  R4=5.9%  R5=5.1%  R6=4.9%  R7=4.3%  R8=3.6%  R9=3.1%  R10=2.4%  AI=4.2%
  action mix (vs pair_all_in):  F=16.9%  C=16.2%  R0=1.2%  R1=1.1%  R2=7.8%  R3=7.8%  R4=8.1%  R5=7.0%  R6=8.0%  R7=7.2%  R8=7.4%  R9=6.1%  R10=4.2%  AI=1.1%

update=9850  step=484196352  pg=-0.0085  vf=3.7802  H=1.7857  kl=0.0011  clip=0.0415  ev=0.5387  lr=0.000060
[update 9850]  rollout=596.2ms  update=342.1ms  pool=20/20
update=9860  step=484687872  pg=-0.0083  vf=4.0105  H=1.7795  kl=0.0010  clip=0.0346  ev=0.5390  lr=0.000060
[update 9860]  rollout=567.2ms  update=326.5ms  pool=20/20
update=9870  step=485179392  pg=-0.0078  vf=3.8738  H=1.7909  kl=0.0010  clip=0.0365  ev=0.5288  lr=0.000060
[update 9870]  rollout=554.0ms  update=327.0ms  pool=20/20
update=9880  step=485670912  pg=-0.0074  vf=4.0196  H=1.7887  kl=0.0009  clip=0.0338  ev=0.5282  lr=0.000060
[update 9880]  rollout=573.8ms  update=326.6ms  pool=20/20
update=9890  step=486162432  pg=-0.0085  vf=3.8842  H=1.7887  kl=0.0010  clip=0.0389  ev=0.5313  lr=0.000060
[update 9890]  rollout=579.5ms  update=332.4ms  pool=20/20

[league eval @ update 9899  duration=11333.7ms]
──────────────────────────────────────────────────────────────────
  vs anchor          hands     bb/hand     win%     mode-collapse?
──────────────────────────────────────────────────────────────────
  random_init        10000      10.461     48.8%    top=21.9%
  uniform            10000      10.268     48.2%    top=21.4%
  always_raise       10000       4.745     33.7%    top=23.8%
  always_call        10000       3.092     47.5%    top=22.4%
  pair_all_in        10000       0.116     86.9%    top=18.0%
──────────────────────────────────────────────────────────────────
  action mix (vs uniform):  F=19.2%  C=21.4%  R0=7.8%  R1=6.2%  R2=7.5%  R3=5.9%  R4=5.8%  R5=5.1%  R6=4.3%  R7=3.7%  R8=3.4%  R9=3.2%  R10=2.5%  AI=3.9%
  action mix (vs pair_all_in):  F=18.0%  C=16.3%  R0=1.2%  R1=1.5%  R2=8.3%  R3=7.4%  R4=7.4%  R5=6.9%  R6=6.8%  R7=7.6%  R8=5.6%  R9=7.1%  R10=4.9%  AI=1.0%

update=9900  step=486653952  pg=-0.0082  vf=3.9217  H=1.7846  kl=0.0010  clip=0.0343  ev=0.5425  lr=0.000060
[update 9900]  rollout=640.5ms  update=336.9ms  pool=20/20
update=9910  step=487145472  pg=-0.0083  vf=3.9234  H=1.7930  kl=0.0010  clip=0.0361  ev=0.5099  lr=0.000060
[update 9910]  rollout=577.7ms  update=332.5ms  pool=20/20
update=9920  step=487636992  pg=-0.0080  vf=4.0551  H=1.7803  kl=0.0009  clip=0.0347  ev=0.5248  lr=0.000060
[update 9920]  rollout=552.3ms  update=328.3ms  pool=20/20
update=9930  step=488128512  pg=-0.0088  vf=4.1780  H=1.7720  kl=0.0010  clip=0.0359  ev=0.5324  lr=0.000060
[update 9930]  rollout=618.6ms  update=326.8ms  pool=20/20
update=9940  step=488620032  pg=-0.0079  vf=3.9824  H=1.7940  kl=0.0011  clip=0.0399  ev=0.5170  lr=0.000060
[update 9940]  rollout=590.8ms  update=326.9ms  pool=20/20

[league eval @ update 9949  duration=17440.9ms]
──────────────────────────────────────────────────────────────────
  vs anchor          hands     bb/hand     win%     mode-collapse?
──────────────────────────────────────────────────────────────────
  uniform            10000       9.642     47.3%    top=22.3%
  random_init        10000       9.593     47.5%    top=22.3%
  always_raise       10000       4.753     34.3%    top=24.0%
  always_call        10000       2.215     46.5%    top=21.0%
  pair_all_in        10000       0.087     87.0%    top=17.9%
──────────────────────────────────────────────────────────────────
  action mix (vs uniform):  F=19.5%  C=22.3%  R0=6.9%  R1=6.0%  R2=7.4%  R3=5.7%  R4=6.1%  R5=5.2%  R6=4.4%  R7=4.3%  R8=3.4%  R9=2.7%  R10=2.4%  AI=3.8%
  action mix (vs pair_all_in):  F=17.9%  C=16.1%  R0=1.4%  R1=1.1%  R2=8.6%  R3=7.8%  R4=9.0%  R5=6.7%  R6=6.7%  R7=6.6%  R8=6.3%  R9=5.3%  R10=5.5%  AI=0.9%

update=9950  step=489111552  pg=-0.0078  vf=4.0940  H=1.7826  kl=0.0009  clip=0.0323  ev=0.5257  lr=0.000060
[update 9950]  rollout=630.0ms  update=343.3ms  pool=20/20
update=9960  step=489603072  pg=-0.0073  vf=4.4977  H=1.7815  kl=0.0010  clip=0.0344  ev=0.5045  lr=0.000060
[update 9960]  rollout=601.9ms  update=331.7ms  pool=20/20
update=9970  step=490094592  pg=-0.0080  vf=4.4266  H=1.7681  kl=0.0009  clip=0.0356  ev=0.5058  lr=0.000060
[update 9970]  rollout=586.3ms  update=327.1ms  pool=20/20
update=9980  step=490586112  pg=-0.0076  vf=4.3194  H=1.7815  kl=0.0009  clip=0.0333  ev=0.5052  lr=0.000060
[update 9980]  rollout=616.7ms  update=327.8ms  pool=20/20
update=9990  step=491077632  pg=-0.0081  vf=4.1032  H=1.7843  kl=0.0009  clip=0.0361  ev=0.5199  lr=0.000060
[update 9990]  rollout=598.3ms  update=335.5ms  pool=20/20

[league eval @ update 9999  duration=11248.7ms]
──────────────────────────────────────────────────────────────────
  vs anchor          hands     bb/hand     win%     mode-collapse?
──────────────────────────────────────────────────────────────────
  random_init        10000      10.493     49.0%    top=22.9%
  uniform            10000      10.196     48.6%    top=22.0%
  always_raise       10000       4.476     33.0%    top=24.1%
  always_call        10000       3.240     46.8%    top=22.3%
  pair_all_in        10000       0.097     87.3%    top=17.3%
──────────────────────────────────────────────────────────────────
  action mix (vs uniform):  F=19.0%  C=22.0%  R0=7.0%  R1=6.0%  R2=6.8%  R3=5.7%  R4=6.1%  R5=4.9%  R6=4.6%  R7=4.7%  R8=3.5%  R9=3.0%  R10=2.6%  AI=4.3%
  action mix (vs pair_all_in):  F=17.3%  C=16.7%  R0=1.2%  R1=1.7%  R2=7.1%  R3=7.3%  R4=7.7%  R5=7.6%  R6=7.0%  R7=7.8%  R8=6.8%  R9=5.6%  R10=5.2%  AI=1.2%

update=10000  step=491569152  pg=-0.0080  vf=4.2293  H=1.7721  kl=0.0009  clip=0.0352  ev=0.5185  lr=0.000060
[update 10000]  rollout=622.6ms  update=338.0ms  pool=20/20
update=10010  step=492060672  pg=-0.0076  vf=4.2889  H=1.7799  kl=0.0010  clip=0.0348  ev=0.5087  lr=0.000060
[update 10010]  rollout=554.3ms  update=324.5ms  pool=20/20
update=10020  step=492552192  pg=-0.0082  vf=3.8908  H=1.7892  kl=0.0010  clip=0.0362  ev=0.5235  lr=0.000060
[update 10020]  rollout=567.9ms  update=330.1ms  pool=20/20
update=10030  step=493043712  pg=-0.0081  vf=3.9960  H=1.7794  kl=0.0011  clip=0.0384  ev=0.5279  lr=0.000060
[update 10030]  rollout=568.2ms  update=328.2ms  pool=20/20
update=10040  step=493535232  pg=-0.0080  vf=4.0422  H=1.7807  kl=0.0010  clip=0.0339  ev=0.5314  lr=0.000060
[update 10040]  rollout=560.9ms  update=326.5ms  pool=20/20

[league eval @ update 10049  duration=11751ms]
──────────────────────────────────────────────────────────────────
  vs anchor          hands     bb/hand     win%     mode-collapse?
──────────────────────────────────────────────────────────────────
  random_init        10000      10.111     47.5%    top=21.9%
  uniform            10000       9.938     48.2%    top=21.8%
  always_raise       10000       4.404     33.7%    top=24.0%
  always_call        10000       2.772     46.4%    top=22.1%
  pair_all_in        10000       0.033     87.5%    top=16.9%
──────────────────────────────────────────────────────────────────
  action mix (vs uniform):  F=19.1%  C=21.8%  R0=8.1%  R1=5.7%  R2=6.8%  R3=5.5%  R4=6.0%  R5=4.8%  R6=4.9%  R7=4.3%  R8=3.5%  R9=2.9%  R10=2.5%  AI=4.1%
  action mix (vs pair_all_in):  F=16.9%  C=15.9%  R0=1.4%  R1=1.0%  R2=7.6%  R3=8.2%  R4=8.3%  R5=8.1%  R6=6.9%  R7=6.9%  R8=6.6%  R9=6.1%  R10=5.3%  AI=0.9%

update=10050  step=494026752  pg=-0.0082  vf=4.1088  H=1.7798  kl=0.0010  clip=0.0338  ev=0.5185  lr=0.000060
[update 10050]  rollout=600.0ms  update=351.6ms  pool=20/20
update=10060  step=494518272  pg=-0.0087  vf=3.6648  H=1.8003  kl=0.0011  clip=0.0410  ev=0.5397  lr=0.000060
[update 10060]  rollout=570.6ms  update=325.6ms  pool=20/20
update=10070  step=495009792  pg=-0.0083  vf=4.0302  H=1.7927  kl=0.0010  clip=0.0360  ev=0.5147  lr=0.000060
[update 10070]  rollout=584.0ms  update=335.9ms  pool=20/20
update=10080  step=495501312  pg=-0.0078  vf=4.0416  H=1.7893  kl=0.0010  clip=0.0400  ev=0.5168  lr=0.000060
[update 10080]  rollout=564.3ms  update=329.7ms  pool=20/20
update=10090  step=495992832  pg=-0.0071  vf=4.0590  H=1.7965  kl=0.0010  clip=0.0327  ev=0.5165  lr=0.000060
[update 10090]  rollout=557.0ms  update=326.5ms  pool=20/20

[league eval @ update 10099  duration=11072.2ms]
──────────────────────────────────────────────────────────────────
  vs anchor          hands     bb/hand     win%     mode-collapse?
──────────────────────────────────────────────────────────────────
  random_init        10000       9.213     46.8%    top=22.2%
  uniform            10000       8.919     47.1%    top=22.0%
  always_raise       10000       5.536     34.2%    top=23.6%
  always_call        10000       2.558     46.5%    top=22.7%
  pair_all_in        10000       0.082     87.0%    top=17.7%
──────────────────────────────────────────────────────────────────
  action mix (vs uniform):  F=19.1%  C=22.0%  R0=6.7%  R1=6.4%  R2=6.7%  R3=6.0%  R4=6.4%  R5=5.0%  R6=4.3%  R7=4.3%  R8=3.3%  R9=3.1%  R10=2.6%  AI=4.1%
  action mix (vs pair_all_in):  F=17.7%  C=15.7%  R0=1.0%  R1=1.2%  R2=8.1%  R3=8.5%  R4=8.8%  R5=7.0%  R6=6.5%  R7=6.6%  R8=6.1%  R9=6.5%  R10=5.2%  AI=1.1%

update=10100  step=496484352  pg=-0.0083  vf=3.8873  H=1.7918  kl=0.0010  clip=0.0362  ev=0.5323  lr=0.000060
[update 10100]  rollout=618.8ms  update=334.3ms  pool=20/20
update=10110  step=496975872  pg=-0.0074  vf=4.1692  H=1.7961  kl=0.0010  clip=0.0385  ev=0.5013  lr=0.000060
[update 10110]  rollout=561.7ms  update=327.6ms  pool=20/20
update=10120  step=497467392  pg=-0.0077  vf=4.0178  H=1.7903  kl=0.0011  clip=0.0379  ev=0.5346  lr=0.000060
[update 10120]  rollout=565.2ms  update=327.4ms  pool=20/20
update=10130  step=497958912  pg=-0.0082  vf=3.9420  H=1.7971  kl=0.0010  clip=0.0377  ev=0.5348  lr=0.000060
[update 10130]  rollout=567.8ms  update=336.5ms  pool=20/20
update=10140  step=498450432  pg=-0.0082  vf=3.9975  H=1.7941  kl=0.0010  clip=0.0371  ev=0.5189  lr=0.000060
[update 10140]  rollout=574.9ms  update=328.0ms  pool=20/20

[league eval @ update 10149  duration=10869.7ms]
──────────────────────────────────────────────────────────────────
  vs anchor          hands     bb/hand     win%     mode-collapse?
──────────────────────────────────────────────────────────────────
  uniform            10000       9.840     47.7%    top=22.2%
  random_init        10000       9.264     47.0%    top=21.9%
  always_raise       10000       4.463     32.7%    top=23.3%
  always_call        10000       2.609     46.7%    top=22.0%
  pair_all_in        10000      -0.001     86.9%    top=17.7%
──────────────────────────────────────────────────────────────────
  action mix (vs uniform):  F=19.1%  C=22.2%  R0=7.5%  R1=6.1%  R2=6.9%  R3=6.0%  R4=5.7%  R5=5.0%  R6=4.8%  R7=4.1%  R8=3.4%  R9=2.7%  R10=2.4%  AI=4.0%
  action mix (vs pair_all_in):  F=17.7%  C=16.0%  R0=1.5%  R1=1.2%  R2=8.5%  R3=7.5%  R4=6.3%  R5=8.6%  R6=7.2%  R7=5.8%  R8=7.4%  R9=5.7%  R10=5.5%  AI=1.1%

update=10150  step=498941952  pg=-0.0080  vf=3.8623  H=1.8007  kl=0.0010  clip=0.0351  ev=0.5188  lr=0.000060
[update 10150]  rollout=633.7ms  update=340.9ms  pool=20/20
update=10160  step=499433472  pg=-0.0081  vf=3.8059  H=1.7937  kl=0.0008  clip=0.0299  ev=0.5378  lr=0.000060
[update 10160]  rollout=569.1ms  update=329.7ms  pool=20/20
update=10170  step=499924992  pg=-0.0089  vf=3.6267  H=1.7992  kl=0.0011  clip=0.0404  ev=0.5459  lr=0.000060
[update 10170]  rollout=572.7ms  update=327.4ms  pool=20/20
update=10180  step=500416512  pg=-0.0079  vf=3.6902  H=1.8036  kl=0.0010  clip=0.0352  ev=0.5310  lr=0.000060
[update 10180]  rollout=558.0ms  update=328.2ms  pool=20/20
update=10190  step=500908032  pg=-0.0082  vf=3.8302  H=1.7985  kl=0.0011  clip=0.0412  ev=0.5339  lr=0.000060
[update 10190]  rollout=573.6ms  update=335.2ms  pool=20/20

[league eval @ update 10199  duration=11201.4ms]
──────────────────────────────────────────────────────────────────
  vs anchor          hands     bb/hand     win%     mode-collapse?
──────────────────────────────────────────────────────────────────
  random_init        10000       9.383     46.3%    top=21.5%
  uniform            10000       9.348     47.3%    top=21.3%
  always_raise       10000       5.471     33.6%    top=23.2%
  always_call        10000       2.423     45.4%    top=22.8%
  pair_all_in        10000       0.090     87.1%    top=17.6%
──────────────────────────────────────────────────────────────────
  action mix (vs uniform):  F=19.5%  C=21.3%  R0=7.5%  R1=6.5%  R2=6.8%  R3=5.9%  R4=5.6%  R5=5.2%  R6=4.8%  R7=4.0%  R8=3.3%  R9=2.9%  R10=2.6%  AI=4.1%
  action mix (vs pair_all_in):  F=17.6%  C=16.5%  R0=1.2%  R1=1.3%  R2=7.4%  R3=7.7%  R4=7.4%  R5=6.7%  R6=7.0%  R7=8.3%  R8=6.8%  R9=5.7%  R10=5.1%  AI=1.2%

update=10200  step=501399552  pg=-0.0074  vf=4.0746  H=1.7950  kl=0.0010  clip=0.0387  ev=0.5213  lr=0.000060
[update 10200]  rollout=596.4ms  update=345.6ms  pool=20/20
update=10210  step=501891072  pg=-0.0078  vf=3.9396  H=1.7908  kl=0.0009  clip=0.0344  ev=0.5305  lr=0.000060
[update 10210]  rollout=549.9ms  update=330.8ms  pool=20/20
update=10220  step=502382592  pg=-0.0081  vf=3.9584  H=1.7857  kl=0.0010  clip=0.0378  ev=0.5304  lr=0.000060
[update 10220]  rollout=553.7ms  update=329.2ms  pool=20/20
update=10230  step=502874112  pg=-0.0088  vf=3.8680  H=1.7850  kl=0.0010  clip=0.0392  ev=0.5340  lr=0.000060
[update 10230]  rollout=575.8ms  update=327.8ms  pool=20/20
update=10240  step=503365632  pg=-0.0086  vf=3.9082  H=1.7937  kl=0.0012  clip=0.0464  ev=0.5352  lr=0.000060
[update 10240]  rollout=591.2ms  update=326.1ms  pool=20/20

[league eval @ update 10249  duration=16037.6ms]
──────────────────────────────────────────────────────────────────
  vs anchor          hands     bb/hand     win%     mode-collapse?
──────────────────────────────────────────────────────────────────
  random_init        10000       9.886     47.5%    top=21.7%
  uniform            10000       9.503     47.2%    top=21.8%
  always_raise       10000       5.565     34.0%    top=23.6%
  always_call        10000       2.767     47.0%    top=22.3%
  pair_all_in        10000       0.099     87.3%    top=17.4%
──────────────────────────────────────────────────────────────────
  action mix (vs uniform):  F=19.2%  C=21.8%  R0=6.9%  R1=6.5%  R2=7.1%  R3=5.6%  R4=6.1%  R5=5.2%  R6=4.6%  R7=3.9%  R8=3.5%  R9=2.9%  R10=2.5%  AI=4.2%
  action mix (vs pair_all_in):  F=17.4%  C=15.8%  R0=0.9%  R1=1.6%  R2=7.7%  R3=7.6%  R4=7.5%  R5=7.9%  R6=7.1%  R7=6.0%  R8=7.2%  R9=6.4%  R10=5.6%  AI=1.3%

update=10250  step=503857152  pg=-0.0073  vf=4.0314  H=1.7985  kl=0.0009  clip=0.0348  ev=0.5210  lr=0.000060
[update 10250]  rollout=671.9ms  update=337.0ms  pool=20/20
update=10260  step=504348672  pg=-0.0084  vf=3.6251  H=1.7996  kl=0.0011  clip=0.0434  ev=0.5366  lr=0.000060
[update 10260]  rollout=648.6ms  update=324.7ms  pool=20/20
update=10270  step=504840192  pg=-0.0075  vf=4.1088  H=1.7935  kl=0.0011  clip=0.0438  ev=0.5135  lr=0.000060
[update 10270]  rollout=633.1ms  update=328.5ms  pool=20/20
update=10280  step=505331712  pg=-0.0082  vf=3.6725  H=1.7983  kl=0.0010  clip=0.0366  ev=0.5438  lr=0.000060
[update 10280]  rollout=582.5ms  update=328.7ms  pool=20/20
update=10290  step=505823232  pg=-0.0085  vf=3.8657  H=1.7865  kl=0.0010  clip=0.0398  ev=0.5266  lr=0.000060
[update 10290]  rollout=621.6ms  update=327.2ms  pool=20/20

[league eval @ update 10299  duration=11367.2ms]
──────────────────────────────────────────────────────────────────
  vs anchor          hands     bb/hand     win%     mode-collapse?
──────────────────────────────────────────────────────────────────
  random_init        10000      10.307     47.4%    top=21.5%
  uniform            10000      10.148     48.4%    top=20.9%
  always_raise       10000       5.517     34.1%    top=24.0%
  always_call        10000       3.253     48.0%    top=21.6%
  pair_all_in        10000       0.128     87.3%    top=17.6%
──────────────────────────────────────────────────────────────────
  action mix (vs uniform):  F=19.4%  C=20.9%  R0=6.8%  R1=6.3%  R2=7.2%  R3=6.3%  R4=6.0%  R5=5.0%  R6=4.9%  R7=4.2%  R8=3.4%  R9=2.9%  R10=2.6%  AI=4.3%
  action mix (vs pair_all_in):  F=17.6%  C=14.9%  R0=1.1%  R1=1.2%  R2=8.4%  R3=8.8%  R4=7.5%  R5=7.5%  R6=7.0%  R7=6.9%  R8=5.9%  R9=6.5%  R10=5.7%  AI=1.0%

update=10300  step=506314752  pg=-0.0081  vf=3.7350  H=1.7995  kl=0.0012  clip=0.0463  ev=0.5315  lr=0.000060
[update 10300]  rollout=590.6ms  update=343.3ms  pool=20/20
update=10310  step=506806272  pg=-0.0077  vf=4.0059  H=1.7943  kl=0.0010  clip=0.0348  ev=0.5094  lr=0.000060
[update 10310]  rollout=571.8ms  update=325.9ms  pool=20/20
update=10320  step=507297792  pg=-0.0080  vf=3.8978  H=1.7910  kl=0.0010  clip=0.0410  ev=0.5222  lr=0.000060
[update 10320]  rollout=559.5ms  update=335.9ms  pool=20/20
update=10330  step=507789312  pg=-0.0084  vf=3.8175  H=1.7897  kl=0.0010  clip=0.0392  ev=0.5363  lr=0.000060
[update 10330]  rollout=594.5ms  update=330.3ms  pool=20/20
update=10340  step=508280832  pg=-0.0085  vf=3.5659  H=1.7954  kl=0.0011  clip=0.0400  ev=0.5377  lr=0.000060
[update 10340]  rollout=609.2ms  update=327.0ms  pool=20/20

[league eval @ update 10349  duration=11294.8ms]
──────────────────────────────────────────────────────────────────
  vs anchor          hands     bb/hand     win%     mode-collapse?
──────────────────────────────────────────────────────────────────
  random_init        10000      10.168     47.6%    top=20.9%
  uniform            10000       9.875     48.2%    top=21.0%
  always_raise       10000       5.299     34.4%    top=23.7%
  always_call        10000       3.118     47.5%    top=23.0%
  pair_all_in        10000       0.043     87.3%    top=17.5%
──────────────────────────────────────────────────────────────────
  action mix (vs uniform):  F=19.4%  C=21.0%  R0=6.8%  R1=6.3%  R2=7.1%  R3=6.3%  R4=6.0%  R5=4.9%  R6=4.9%  R7=3.9%  R8=3.5%  R9=2.9%  R10=2.7%  AI=4.2%
  action mix (vs pair_all_in):  F=17.5%  C=15.3%  R0=1.2%  R1=1.1%  R2=8.5%  R3=8.0%  R4=7.2%  R5=8.4%  R6=8.0%  R7=5.9%  R8=6.3%  R9=6.3%  R10=5.3%  AI=1.1%

update=10350  step=508772352  pg=-0.0077  vf=3.7666  H=1.7997  kl=0.0009  clip=0.0362  ev=0.5126  lr=0.000060
[update 10350]  rollout=650.5ms  update=342.0ms  pool=20/20
update=10360  step=509263872  pg=-0.0084  vf=3.8097  H=1.7855  kl=0.0010  clip=0.0365  ev=0.5310  lr=0.000060
[update 10360]  rollout=570.0ms  update=327.9ms  pool=20/20
update=10370  step=509755392  pg=-0.0080  vf=3.8563  H=1.7861  kl=0.0010  clip=0.0415  ev=0.5366  lr=0.000060
[update 10370]  rollout=567.5ms  update=326.1ms  pool=20/20
update=10380  step=510246912  pg=-0.0077  vf=4.3609  H=1.7811  kl=0.0009  clip=0.0330  ev=0.5167  lr=0.000060
[update 10380]  rollout=591.8ms  update=335.2ms  pool=20/20
update=10390  step=510738432  pg=-0.0079  vf=4.0043  H=1.7854  kl=0.0010  clip=0.0384  ev=0.5265  lr=0.000060
[update 10390]  rollout=567.2ms  update=329.1ms  pool=20/20

[league eval @ update 10399  duration=11126.5ms]
──────────────────────────────────────────────────────────────────
  vs anchor          hands     bb/hand     win%     mode-collapse?
──────────────────────────────────────────────────────────────────
  uniform            10000       9.937     47.5%    top=21.2%
  random_init        10000       9.882     48.2%    top=21.9%
  always_raise       10000       5.306     34.5%    top=24.0%
  always_call        10000       2.110     46.0%    top=24.0%
  pair_all_in        10000       0.100     86.8%    top=18.1%
──────────────────────────────────────────────────────────────────
  action mix (vs uniform):  F=19.6%  C=21.2%  R0=6.5%  R1=6.8%  R2=7.1%  R3=6.1%  R4=5.5%  R5=4.7%  R6=4.3%  R7=4.1%  R8=3.6%  R9=3.2%  R10=2.7%  AI=4.5%
  action mix (vs pair_all_in):  F=18.1%  C=16.3%  R0=1.3%  R1=1.1%  R2=7.3%  R3=8.6%  R4=7.4%  R5=6.8%  R6=6.5%  R7=7.0%  R8=6.6%  R9=7.4%  R10=4.6%  AI=1.0%

update=10400  step=511229952  pg=-0.0080  vf=4.2220  H=1.7690  kl=0.0010  clip=0.0379  ev=0.5149  lr=0.000060
[update 10400]  rollout=636.9ms  update=337.2ms  pool=20/20
update=10410  step=511721472  pg=-0.0081  vf=3.8471  H=1.8024  kl=0.0010  clip=0.0384  ev=0.5224  lr=0.000060
[update 10410]  rollout=560.1ms  update=329.8ms  pool=20/20
update=10420  step=512212992  pg=-0.0075  vf=4.1217  H=1.7933  kl=0.0011  clip=0.0404  ev=0.5157  lr=0.000060
[update 10420]  rollout=544.5ms  update=327.7ms  pool=20/20
update=10430  step=512704512  pg=-0.0087  vf=3.8840  H=1.7901  kl=0.0011  clip=0.0425  ev=0.5347  lr=0.000060
[update 10430]  rollout=569.3ms  update=327.3ms  pool=20/20
update=10440  step=513196032  pg=-0.0083  vf=3.9527  H=1.7953  kl=0.0010  clip=0.0388  ev=0.5178  lr=0.000060
[update 10440]  rollout=572.2ms  update=334.2ms  pool=20/20

[league eval @ update 10449  duration=10890.1ms]
──────────────────────────────────────────────────────────────────
  vs anchor          hands     bb/hand     win%     mode-collapse?
──────────────────────────────────────────────────────────────────
  random_init        10000       9.794     48.1%    top=21.1%
  uniform            10000       9.336     47.8%    top=21.6%
  always_raise       10000       4.491     34.2%    top=24.3%
  always_call        10000       2.964     47.7%    top=22.2%
  pair_all_in        10000       0.191     87.7%    top=17.0%
──────────────────────────────────────────────────────────────────
  action mix (vs uniform):  F=18.9%  C=21.6%  R0=7.4%  R1=6.3%  R2=7.6%  R3=5.7%  R4=5.6%  R5=5.2%  R6=4.6%  R7=3.9%  R8=3.3%  R9=3.1%  R10=2.5%  AI=4.2%
  action mix (vs pair_all_in):  F=17.0%  C=15.7%  R0=1.3%  R1=1.5%  R2=9.2%  R3=8.0%  R4=8.7%  R5=7.3%  R6=7.3%  R7=6.0%  R8=6.0%  R9=5.7%  R10=5.4%  AI=1.0%

update=10450  step=513687552  pg=-0.0085  vf=4.0833  H=1.7812  kl=0.0011  clip=0.0379  ev=0.5187  lr=0.000060
[update 10450]  rollout=649.2ms  update=333.9ms  pool=20/20
update=10460  step=514179072  pg=-0.0082  vf=3.7467  H=1.7923  kl=0.0010  clip=0.0389  ev=0.5303  lr=0.000060
[update 10460]  rollout=563.9ms  update=326.8ms  pool=20/20
update=10470  step=514670592  pg=-0.0077  vf=3.8318  H=1.8003  kl=0.0011  clip=0.0419  ev=0.5324  lr=0.000060
[update 10470]  rollout=556.3ms  update=330.2ms  pool=20/20
update=10480  step=515162112  pg=-0.0079  vf=4.0242  H=1.7948  kl=0.0011  clip=0.0412  ev=0.5144  lr=0.000060
[update 10480]  rollout=566.4ms  update=327.8ms  pool=20/20
update=10490  step=515653632  pg=-0.0079  vf=3.9735  H=1.7982  kl=0.0011  clip=0.0414  ev=0.5143  lr=0.000060
[update 10490]  rollout=552.5ms  update=326.9ms  pool=20/20

[league eval @ update 10499  duration=11018ms]
──────────────────────────────────────────────────────────────────
  vs anchor          hands     bb/hand     win%     mode-collapse?
──────────────────────────────────────────────────────────────────
  random_init        10000       9.576     48.1%    top=20.8%
  uniform            10000       9.522     47.7%    top=20.9%
  always_raise       10000       5.785     35.4%    top=23.7%
  always_call        10000       2.294     46.5%    top=22.2%
  pair_all_in        10000       0.083     87.0%    top=17.9%
──────────────────────────────────────────────────────────────────
  action mix (vs uniform):  F=19.6%  C=20.9%  R0=7.4%  R1=6.2%  R2=6.6%  R3=6.1%  R4=5.7%  R5=5.4%  R6=4.5%  R7=3.7%  R8=3.9%  R9=3.1%  R10=2.5%  AI=4.4%
  action mix (vs pair_all_in):  F=17.9%  C=15.2%  R0=1.4%  R1=1.7%  R2=8.8%  R3=8.2%  R4=7.3%  R5=7.8%  R6=6.7%  R7=5.6%  R8=7.6%  R9=5.8%  R10=4.9%  AI=1.0%

[best-response eval @ update 10499  seeds=1  bb/hand max=0.898  mean=0.898  min=0.898  std=0.000  best-win%=46.8  duration=1019774ms]

update=10500  step=516145152  pg=-0.0085  vf=3.8079  H=1.7853  kl=0.0010  clip=0.0374  ev=0.5495  lr=0.000060
[update 10500]  rollout=588.0ms  update=354.0ms  pool=20/20
update=10510  step=516636672  pg=-0.0080  vf=3.7829  H=1.7969  kl=0.0009  clip=0.0369  ev=0.5164  lr=0.000060
[update 10510]  rollout=629.3ms  update=329.0ms  pool=20/20
update=10520  step=517128192  pg=-0.0080  vf=3.9266  H=1.7891  kl=0.0010  clip=0.0364  ev=0.5314  lr=0.000060
[update 10520]  rollout=542.6ms  update=327.0ms  pool=20/20
update=10530  step=517619712  pg=-0.0081  vf=3.8852  H=1.8007  kl=0.0010  clip=0.0394  ev=0.5229  lr=0.000060
[update 10530]  rollout=564.8ms  update=325.9ms  pool=20/20
update=10540  step=518111232  pg=-0.0083  vf=3.8267  H=1.7961  kl=0.0011  clip=0.0402  ev=0.5270  lr=0.000060
[update 10540]  rollout=560.9ms  update=331.0ms  pool=20/20

[league eval @ update 10549  duration=10441ms]
──────────────────────────────────────────────────────────────────
  vs anchor          hands     bb/hand     win%     mode-collapse?
──────────────────────────────────────────────────────────────────
  uniform            10000       9.889     47.4%    top=22.0%
  random_init        10000       9.217     47.0%    top=21.6%
  always_raise       10000       5.132     33.9%    top=23.9%
  always_call        10000       2.253     46.3%    top=22.0%
  pair_all_in        10000       0.023     85.8%    top=19.2%
──────────────────────────────────────────────────────────────────
  action mix (vs uniform):  F=19.5%  C=22.0%  R0=7.4%  R1=6.0%  R2=6.4%  R3=6.0%  R4=6.2%  R5=5.2%  R6=4.6%  R7=3.8%  R8=3.6%  R9=2.9%  R10=2.4%  AI=4.0%
  action mix (vs pair_all_in):  F=19.2%  C=16.1%  R0=1.4%  R1=1.2%  R2=7.3%  R3=8.2%  R4=9.0%  R5=6.7%  R6=6.5%  R7=6.8%  R8=6.5%  R9=4.6%  R10=5.1%  AI=1.3%

update=10550  step=518602752  pg=-0.0077  vf=3.9388  H=1.7948  kl=0.0009  clip=0.0316  ev=0.5262  lr=0.000060
[update 10550]  rollout=616.4ms  update=346.7ms  pool=20/20
update=10560  step=519094272  pg=-0.0079  vf=4.1322  H=1.7912  kl=0.0010  clip=0.0355  ev=0.5108  lr=0.000060
[update 10560]  rollout=561.9ms  update=334.2ms  pool=20/20
update=10570  step=519585792  pg=-0.0086  vf=3.9837  H=1.7834  kl=0.0011  clip=0.0440  ev=0.5309  lr=0.000060
[update 10570]  rollout=564.8ms  update=327.5ms  pool=20/20
update=10580  step=520077312  pg=-0.0083  vf=3.9139  H=1.7877  kl=0.0011  clip=0.0400  ev=0.5328  lr=0.000060
[update 10580]  rollout=559.5ms  update=326.9ms  pool=20/20
update=10590  step=520568832  pg=-0.0075  vf=4.2025  H=1.7887  kl=0.0010  clip=0.0363  ev=0.5080  lr=0.000060
[update 10590]  rollout=558.8ms  update=326.0ms  pool=20/20

[league eval @ update 10599  duration=14084.8ms]
──────────────────────────────────────────────────────────────────
  vs anchor          hands     bb/hand     win%     mode-collapse?
──────────────────────────────────────────────────────────────────
  random_init        10000      10.239     48.3%    top=21.4%
  uniform            10000       9.436     47.5%    top=21.6%
  always_raise       10000       4.093     32.8%    top=23.3%
  always_call        10000       2.106     46.5%    top=21.2%
  pair_all_in        10000       0.156     87.4%    top=17.2%
──────────────────────────────────────────────────────────────────
  action mix (vs uniform):  F=19.3%  C=21.6%  R0=7.0%  R1=5.9%  R2=6.7%  R3=6.5%  R4=6.0%  R5=5.3%  R6=4.7%  R7=4.2%  R8=3.1%  R9=3.1%  R10=2.4%  AI=4.0%
  action mix (vs pair_all_in):  F=17.2%  C=15.9%  R0=1.0%  R1=1.2%  R2=8.3%  R3=7.4%  R4=8.6%  R5=8.1%  R6=7.8%  R7=7.0%  R8=5.6%  R9=5.8%  R10=4.9%  AI=1.2%

update=10600  step=521060352  pg=-0.0076  vf=4.1108  H=1.7885  kl=0.0010  clip=0.0348  ev=0.5243  lr=0.000060
[update 10600]  rollout=658.0ms  update=349.2ms  pool=20/20
update=10610  step=521551872  pg=-0.0086  vf=4.1304  H=1.7787  kl=0.0011  clip=0.0404  ev=0.5343  lr=0.000060
[update 10610]  rollout=623.4ms  update=325.3ms  pool=20/20
update=10620  step=522043392  pg=-0.0078  vf=3.9753  H=1.7975  kl=0.0010  clip=0.0384  ev=0.5259  lr=0.000060
[update 10620]  rollout=635.5ms  update=331.9ms  pool=20/20
update=10630  step=522534912  pg=-0.0079  vf=4.0013  H=1.7959  kl=0.0010  clip=0.0371  ev=0.5137  lr=0.000060
[update 10630]  rollout=639.5ms  update=327.6ms  pool=20/20
update=10640  step=523026432  pg=-0.0085  vf=3.9372  H=1.7951  kl=0.0012  clip=0.0433  ev=0.5339  lr=0.000060
[update 10640]  rollout=648.1ms  update=326.0ms  pool=20/20

[league eval @ update 10649  duration=12724.4ms]
──────────────────────────────────────────────────────────────────
  vs anchor          hands     bb/hand     win%     mode-collapse?
──────────────────────────────────────────────────────────────────
  random_init        10000      10.150     49.1%    top=21.7%
  uniform            10000      10.075     48.4%    top=21.5%
  always_raise       10000       5.524     34.5%    top=24.2%
  always_call        10000       2.843     48.0%    top=21.3%
  pair_all_in        10000       0.076     87.4%    top=17.3%
──────────────────────────────────────────────────────────────────
  action mix (vs uniform):  F=19.0%  C=21.5%  R0=6.9%  R1=6.0%  R2=6.9%  R3=6.2%  R4=5.7%  R5=5.4%  R6=5.0%  R7=4.2%  R8=3.4%  R9=2.9%  R10=2.6%  AI=4.3%
  action mix (vs pair_all_in):  F=17.3%  C=15.0%  R0=0.9%  R1=1.0%  R2=7.8%  R3=8.1%  R4=7.6%  R5=8.6%  R6=7.4%  R7=7.0%  R8=6.5%  R9=6.1%  R10=5.5%  AI=1.1%

update=10650  step=523517952  pg=-0.0078  vf=3.9560  H=1.7876  kl=0.0009  clip=0.0358  ev=0.5230  lr=0.000060
[update 10650]  rollout=681.7ms  update=339.4ms  pool=20/20
update=10660  step=524009472  pg=-0.0078  vf=4.1569  H=1.7811  kl=0.0010  clip=0.0394  ev=0.5279  lr=0.000060
[update 10660]  rollout=610.0ms  update=326.0ms  pool=20/20
update=10670  step=524500992  pg=-0.0080  vf=4.1599  H=1.7915  kl=0.0010  clip=0.0385  ev=0.5033  lr=0.000060
[update 10670]  rollout=582.1ms  update=329.7ms  pool=20/20
update=10680  step=524992512  pg=-0.0077  vf=4.0670  H=1.7863  kl=0.0010  clip=0.0391  ev=0.5243  lr=0.000060
[update 10680]  rollout=562.9ms  update=328.2ms  pool=20/20
update=10690  step=525484032  pg=-0.0084  vf=3.9658  H=1.7962  kl=0.0010  clip=0.0383  ev=0.5272  lr=0.000060
[update 10690]  rollout=560.3ms  update=325.3ms  pool=20/20

[league eval @ update 10699  duration=10595.6ms]
──────────────────────────────────────────────────────────────────
  vs anchor          hands     bb/hand     win%     mode-collapse?
──────────────────────────────────────────────────────────────────
  uniform            10000       9.827     47.6%    top=21.7%
  random_init        10000       9.482     47.1%    top=21.7%
  always_raise       10000       5.244     34.3%    top=24.6%
  always_call        10000       2.595     46.1%    top=21.7%
  pair_all_in        10000       0.080     86.9%    top=18.1%
──────────────────────────────────────────────────────────────────
  action mix (vs uniform):  F=19.4%  C=21.7%  R0=7.2%  R1=5.7%  R2=7.2%  R3=5.9%  R4=5.9%  R5=4.8%  R6=4.4%  R7=4.2%  R8=3.6%  R9=2.9%  R10=2.6%  AI=4.4%
  action mix (vs pair_all_in):  F=18.1%  C=15.3%  R0=1.1%  R1=1.2%  R2=8.0%  R3=8.4%  R4=7.9%  R5=6.5%  R6=7.1%  R7=7.5%  R8=6.0%  R9=6.2%  R10=5.6%  AI=1.0%

update=10700  step=525975552  pg=-0.0083  vf=3.7493  H=1.7907  kl=0.0010  clip=0.0367  ev=0.5438  lr=0.000060
[update 10700]  rollout=641.7ms  update=338.8ms  pool=20/20
update=10710  step=526467072  pg=-0.0087  vf=3.7678  H=1.7825  kl=0.0010  clip=0.0376  ev=0.5429  lr=0.000060
[update 10710]  rollout=581.9ms  update=324.9ms  pool=20/20
update=10720  step=526958592  pg=-0.0084  vf=3.8002  H=1.7902  kl=0.0011  clip=0.0426  ev=0.5404  lr=0.000060
[update 10720]  rollout=565.6ms  update=325.1ms  pool=20/20
update=10730  step=527450112  pg=-0.0087  vf=3.8362  H=1.7861  kl=0.0012  clip=0.0470  ev=0.5365  lr=0.000060
[update 10730]  rollout=581.8ms  update=331.7ms  pool=20/20
update=10740  step=527941632  pg=-0.0079  vf=3.8956  H=1.7885  kl=0.0011  clip=0.0403  ev=0.5254  lr=0.000060
[update 10740]  rollout=569.1ms  update=327.4ms  pool=20/20

[league eval @ update 10749  duration=10708.7ms]
──────────────────────────────────────────────────────────────────
  vs anchor          hands     bb/hand     win%     mode-collapse?
──────────────────────────────────────────────────────────────────
  random_init        10000       9.746     47.5%    top=22.0%
  uniform            10000       9.732     48.5%    top=21.5%
  always_raise       10000       5.210     34.1%    top=24.5%
  always_call        10000       2.919     46.6%    top=21.7%
  pair_all_in        10000       0.122     86.2%    top=18.7%
──────────────────────────────────────────────────────────────────
  action mix (vs uniform):  F=19.0%  C=21.5%  R0=7.1%  R1=6.2%  R2=7.4%  R3=5.8%  R4=6.1%  R5=5.1%  R6=4.4%  R7=3.8%  R8=3.3%  R9=3.4%  R10=2.6%  AI=4.3%
  action mix (vs pair_all_in):  F=18.7%  C=16.3%  R0=1.1%  R1=1.6%  R2=8.1%  R3=7.2%  R4=8.5%  R5=6.5%  R6=6.9%  R7=6.3%  R8=6.4%  R9=5.9%  R10=5.2%  AI=1.2%

update=10750  step=528433152  pg=-0.0078  vf=3.8997  H=1.7761  kl=0.0011  clip=0.0417  ev=0.5341  lr=0.000060
[update 10750]  rollout=648.9ms  update=352.1ms  pool=20/20
update=10760  step=528924672  pg=-0.0086  vf=3.8111  H=1.7910  kl=0.0011  clip=0.0408  ev=0.5245  lr=0.000060
[update 10760]  rollout=572.6ms  update=327.6ms  pool=20/20
update=10770  step=529416192  pg=-0.0086  vf=3.9463  H=1.7874  kl=0.0010  clip=0.0357  ev=0.5334  lr=0.000060
[update 10770]  rollout=568.4ms  update=326.9ms  pool=20/20
update=10780  step=529907712  pg=-0.0081  vf=4.1526  H=1.7774  kl=0.0010  clip=0.0369  ev=0.5246  lr=0.000060
[update 10780]  rollout=551.6ms  update=326.4ms  pool=20/20
update=10790  step=530399232  pg=-0.0081  vf=4.0159  H=1.7801  kl=0.0010  clip=0.0392  ev=0.5350  lr=0.000060
[update 10790]  rollout=563.3ms  update=328.8ms  pool=20/20

[league eval @ update 10799  duration=11031.9ms]
──────────────────────────────────────────────────────────────────
  vs anchor          hands     bb/hand     win%     mode-collapse?
──────────────────────────────────────────────────────────────────
  uniform            10000       9.758     47.7%    top=21.7%
  random_init        10000       9.527     47.3%    top=21.4%
  always_raise       10000       4.993     34.7%    top=24.5%
  always_call        10000       2.848     47.3%    top=21.5%
  pair_all_in        10000       0.024     87.3%    top=17.2%
──────────────────────────────────────────────────────────────────
  action mix (vs uniform):  F=19.4%  C=21.7%  R0=7.0%  R1=5.9%  R2=6.7%  R3=6.3%  R4=5.7%  R5=4.9%  R6=4.4%  R7=4.2%  R8=3.4%  R9=3.4%  R10=2.9%  AI=4.2%
  action mix (vs pair_all_in):  F=17.2%  C=16.1%  R0=0.9%  R1=1.6%  R2=7.4%  R3=8.2%  R4=7.0%  R5=7.6%  R6=7.0%  R7=7.2%  R8=6.3%  R9=6.5%  R10=5.9%  AI=1.1%

update=10800  step=530890752  pg=-0.0082  vf=3.8799  H=1.7864  kl=0.0009  clip=0.0338  ev=0.5435  lr=0.000060
[update 10800]  rollout=644.9ms  update=338.7ms  pool=20/20
update=10810  step=531382272  pg=-0.0081  vf=3.9644  H=1.7842  kl=0.0009  clip=0.0350  ev=0.5421  lr=0.000060
[update 10810]  rollout=571.7ms  update=333.1ms  pool=20/20
update=10820  step=531873792  pg=-0.0077  vf=4.0157  H=1.7883  kl=0.0011  clip=0.0419  ev=0.5246  lr=0.000060
[update 10820]  rollout=569.1ms  update=327.3ms  pool=20/20
update=10830  step=532365312  pg=-0.0079  vf=4.0194  H=1.7880  kl=0.0009  clip=0.0342  ev=0.5301  lr=0.000060
[update 10830]  rollout=567.7ms  update=327.5ms  pool=20/20
update=10840  step=532856832  pg=-0.0073  vf=3.8756  H=1.7993  kl=0.0010  clip=0.0358  ev=0.5336  lr=0.000060
[update 10840]  rollout=568.5ms  update=325.1ms  pool=20/20

[league eval @ update 10849  duration=10421.7ms]
──────────────────────────────────────────────────────────────────
  vs anchor          hands     bb/hand     win%     mode-collapse?
──────────────────────────────────────────────────────────────────
  random_init        10000       9.770     47.8%    top=21.2%
  uniform            10000       9.090     46.5%    top=21.3%
  always_raise       10000       4.746     33.7%    top=23.8%
  always_call        10000       2.269     46.5%    top=21.9%
  pair_all_in        10000       0.043     86.4%    top=18.4%
──────────────────────────────────────────────────────────────────
  action mix (vs uniform):  F=20.3%  C=21.3%  R0=7.2%  R1=6.2%  R2=6.4%  R3=6.0%  R4=5.6%  R5=4.6%  R6=4.4%  R7=4.5%  R8=3.4%  R9=3.2%  R10=3.1%  AI=4.0%
  action mix (vs pair_all_in):  F=18.4%  C=16.5%  R0=1.1%  R1=1.4%  R2=7.9%  R3=7.5%  R4=6.7%  R5=7.2%  R6=7.0%  R7=7.1%  R8=6.0%  R9=5.7%  R10=6.2%  AI=1.3%

update=10850  step=533348352  pg=-0.0082  vf=3.9642  H=1.7927  kl=0.0010  clip=0.0359  ev=0.5221  lr=0.000060
[update 10850]  rollout=605.1ms  update=346.2ms  pool=20/20
update=10860  step=533839872  pg=-0.0084  vf=3.8384  H=1.7858  kl=0.0010  clip=0.0368  ev=0.5395  lr=0.000060
[update 10860]  rollout=571.2ms  update=326.1ms  pool=20/20
update=10870  step=534331392  pg=-0.0080  vf=4.0133  H=1.8016  kl=0.0010  clip=0.0395  ev=0.5071  lr=0.000060
[update 10870]  rollout=567.3ms  update=332.3ms  pool=20/20
update=10880  step=534822912  pg=-0.0079  vf=3.8330  H=1.8003  kl=0.0010  clip=0.0400  ev=0.5232  lr=0.000060
[update 10880]  rollout=567.0ms  update=328.8ms  pool=20/20
update=10890  step=535314432  pg=-0.0084  vf=3.6443  H=1.8046  kl=0.0011  clip=0.0397  ev=0.5281  lr=0.000060
[update 10890]  rollout=560.2ms  update=326.7ms  pool=20/20

[league eval @ update 10899  duration=11722.2ms]
──────────────────────────────────────────────────────────────────
  vs anchor          hands     bb/hand     win%     mode-collapse?
──────────────────────────────────────────────────────────────────
  random_init        10000       9.520     47.3%    top=21.1%
  uniform            10000       9.505     47.1%    top=21.4%
  always_raise       10000       4.696     33.4%    top=23.7%
  always_call        10000       2.467     46.8%    top=22.2%
  pair_all_in        10000       0.213     88.0%    top=16.7%
──────────────────────────────────────────────────────────────────
  action mix (vs uniform):  F=19.5%  C=21.4%  R0=7.2%  R1=5.9%  R2=7.2%  R3=6.1%  R4=5.6%  R5=5.4%  R6=4.4%  R7=4.4%  R8=3.3%  R9=2.8%  R10=2.8%  AI=3.9%
  action mix (vs pair_all_in):  F=16.7%  C=15.8%  R0=0.9%  R1=1.4%  R2=7.9%  R3=8.0%  R4=7.9%  R5=7.3%  R6=7.1%  R7=6.6%  R8=6.2%  R9=6.5%  R10=6.5%  AI=1.1%

update=10900  step=535805952  pg=-0.0080  vf=3.6543  H=1.8059  kl=0.0010  clip=0.0394  ev=0.5288  lr=0.000060
[update 10900]  rollout=607.2ms  update=338.6ms  pool=20/20
update=10910  step=536297472  pg=-0.0080  vf=3.8333  H=1.7942  kl=0.0010  clip=0.0386  ev=0.5235  lr=0.000060
[update 10910]  rollout=595.2ms  update=326.0ms  pool=20/20
update=10920  step=536788992  pg=-0.0082  vf=3.9006  H=1.7953  kl=0.0011  clip=0.0429  ev=0.5168  lr=0.000060
[update 10920]  rollout=652.7ms  update=326.4ms  pool=20/20
update=10930  step=537280512  pg=-0.0084  vf=3.8956  H=1.7964  kl=0.0009  clip=0.0332  ev=0.5320  lr=0.000060
[update 10930]  rollout=625.7ms  update=331.2ms  pool=20/20
update=10940  step=537772032  pg=-0.0076  vf=4.0084  H=1.7914  kl=0.0010  clip=0.0375  ev=0.5153  lr=0.000060
[update 10940]  rollout=629.4ms  update=328.2ms  pool=20/20

[league eval @ update 10949  duration=14919.1ms]
──────────────────────────────────────────────────────────────────
  vs anchor          hands     bb/hand     win%     mode-collapse?
──────────────────────────────────────────────────────────────────
  uniform            10000       9.911     48.2%    top=21.8%
  random_init        10000       9.653     46.7%    top=21.6%
  always_raise       10000       4.808     33.5%    top=24.8%
  always_call        10000       1.800     45.9%    top=23.8%
  pair_all_in        10000       0.032     86.5%    top=18.2%
──────────────────────────────────────────────────────────────────
  action mix (vs uniform):  F=19.1%  C=21.8%  R0=7.0%  R1=6.2%  R2=6.8%  R3=6.2%  R4=5.7%  R5=5.0%  R6=4.6%  R7=4.0%  R8=3.9%  R9=2.7%  R10=2.7%  AI=4.2%
  action mix (vs pair_all_in):  F=18.2%  C=16.6%  R0=1.1%  R1=1.4%  R2=8.0%  R3=6.9%  R4=7.1%  R5=8.1%  R6=6.8%  R7=7.0%  R8=6.7%  R9=5.9%  R10=5.3%  AI=1.0%

update=10950  step=538263552  pg=-0.0078  vf=3.9572  H=1.7879  kl=0.0009  clip=0.0356  ev=0.5221  lr=0.000060
[update 10950]  rollout=664.1ms  update=350.0ms  pool=20/20
update=10960  step=538755072  pg=-0.0083  vf=3.9567  H=1.7829  kl=0.0010  clip=0.0357  ev=0.5300  lr=0.000060
[update 10960]  rollout=590.6ms  update=326.1ms  pool=20/20
update=10970  step=539246592  pg=-0.0077  vf=3.7251  H=1.7935  kl=0.0010  clip=0.0359  ev=0.5417  lr=0.000060
[update 10970]  rollout=597.8ms  update=326.6ms  pool=20/20
update=10980  step=539738112  pg=-0.0081  vf=3.8402  H=1.7997  kl=0.0011  clip=0.0454  ev=0.5227  lr=0.000060
[update 10980]  rollout=644.5ms  update=332.4ms  pool=20/20
update=10990  step=540229632  pg=-0.0087  vf=3.5221  H=1.8075  kl=0.0011  clip=0.0448  ev=0.5360  lr=0.000060
[update 10990]  rollout=567.9ms  update=326.2ms  pool=20/20

[league eval @ update 10999  duration=11199.1ms]
──────────────────────────────────────────────────────────────────
  vs anchor          hands     bb/hand     win%     mode-collapse?
──────────────────────────────────────────────────────────────────
  random_init        10000       9.955     47.8%    top=22.2%
  uniform            10000       9.613     48.1%    top=22.4%
  always_raise       10000       4.415     33.7%    top=24.4%
  always_call        10000       2.682     47.4%    top=21.2%
  pair_all_in        10000       0.174     87.1%    top=17.6%
──────────────────────────────────────────────────────────────────
  action mix (vs uniform):  F=19.0%  C=22.4%  R0=7.2%  R1=6.0%  R2=6.7%  R3=6.0%  R4=5.9%  R5=5.3%  R6=4.4%  R7=4.1%  R8=3.5%  R9=2.8%  R10=2.5%  AI=4.1%
  action mix (vs pair_all_in):  F=17.6%  C=16.4%  R0=1.7%  R1=1.5%  R2=8.9%  R3=7.5%  R4=6.7%  R5=8.3%  R6=7.1%  R7=7.1%  R8=5.7%  R9=5.3%  R10=4.9%  AI=1.3%

update=11000  step=540721152  pg=-0.0076  vf=3.9143  H=1.7947  kl=0.0009  clip=0.0339  ev=0.5128  lr=0.000060
[update 11000]  rollout=630.6ms  update=348.9ms  pool=20/20
update=11010  step=541212672  pg=-0.0072  vf=4.0066  H=1.7940  kl=0.0009  clip=0.0331  ev=0.5197  lr=0.000060
[update 11010]  rollout=557.9ms  update=326.8ms  pool=20/20
update=11020  step=541704192  pg=-0.0081  vf=4.0020  H=1.7908  kl=0.0010  clip=0.0409  ev=0.5261  lr=0.000060
[update 11020]  rollout=603.7ms  update=324.6ms  pool=20/20
update=11030  step=542195712  pg=-0.0086  vf=3.9424  H=1.7789  kl=0.0011  clip=0.0417  ev=0.5480  lr=0.000060
[update 11030]  rollout=629.8ms  update=326.2ms  pool=20/20
update=11040  step=542687232  pg=-0.0087  vf=3.7326  H=1.7966  kl=0.0010  clip=0.0403  ev=0.5376  lr=0.000060
[update 11040]  rollout=561.1ms  update=329.9ms  pool=20/20

[league eval @ update 11049  duration=11068.2ms]
──────────────────────────────────────────────────────────────────
  vs anchor          hands     bb/hand     win%     mode-collapse?
──────────────────────────────────────────────────────────────────
  uniform            10000       9.563     47.4%    top=22.6%
  random_init        10000       9.526     48.0%    top=22.3%
  always_raise       10000       4.507     33.4%    top=24.4%
  always_call        10000       2.434     46.0%    top=21.8%
  pair_all_in        10000      -0.025     86.6%    top=17.8%
──────────────────────────────────────────────────────────────────
  action mix (vs uniform):  F=19.3%  C=22.6%  R0=6.7%  R1=6.1%  R2=6.8%  R3=6.1%  R4=5.6%  R5=5.1%  R6=4.5%  R7=4.3%  R8=3.4%  R9=3.1%  R10=2.4%  AI=4.0%
  action mix (vs pair_all_in):  F=17.8%  C=17.6%  R0=1.4%  R1=1.7%  R2=8.1%  R3=7.6%  R4=7.7%  R5=6.9%  R6=7.4%  R7=6.2%  R8=6.3%  R9=5.5%  R10=4.5%  AI=1.3%

update=11050  step=543178752  pg=-0.0081  vf=3.9580  H=1.7921  kl=0.0010  clip=0.0397  ev=0.5296  lr=0.000060
[update 11050]  rollout=596.0ms  update=361.1ms  pool=20/20
update=11060  step=543670272  pg=-0.0077  vf=4.0088  H=1.8015  kl=0.0011  clip=0.0374  ev=0.5157  lr=0.000060
[update 11060]  rollout=577.6ms  update=331.9ms  pool=20/20
update=11070  step=544161792  pg=-0.0077  vf=3.8908  H=1.7941  kl=0.0011  clip=0.0400  ev=0.5191  lr=0.000060
[update 11070]  rollout=567.1ms  update=328.2ms  pool=20/20
update=11080  step=544653312  pg=-0.0077  vf=3.8848  H=1.8020  kl=0.0010  clip=0.0358  ev=0.5258  lr=0.000060
[update 11080]  rollout=560.3ms  update=326.8ms  pool=20/20
update=11090  step=545144832  pg=-0.0076  vf=4.2316  H=1.7878  kl=0.0010  clip=0.0367  ev=0.5049  lr=0.000060
[update 11090]  rollout=550.8ms  update=326.1ms  pool=20/20

[league eval @ update 11099  duration=11026.1ms]
──────────────────────────────────────────────────────────────────
  vs anchor          hands     bb/hand     win%     mode-collapse?
──────────────────────────────────────────────────────────────────
  uniform            10000       9.992     49.0%    top=21.9%
  random_init        10000       9.810     47.8%    top=20.9%
  always_raise       10000       4.544     33.5%    top=23.5%
  always_call        10000       2.428     46.8%    top=20.6%
  pair_all_in        10000       0.055     86.9%    top=18.3%
──────────────────────────────────────────────────────────────────
  action mix (vs uniform):  F=18.4%  C=21.9%  R0=6.8%  R1=6.2%  R2=7.0%  R3=5.8%  R4=6.0%  R5=5.2%  R6=4.4%  R7=4.3%  R8=3.9%  R9=3.2%  R10=2.7%  AI=4.5%
  action mix (vs pair_all_in):  F=18.3%  C=14.0%  R0=1.5%  R1=1.0%  R2=9.0%  R3=7.2%  R4=7.5%  R5=6.8%  R6=7.0%  R7=7.3%  R8=7.0%  R9=6.0%  R10=6.4%  AI=1.1%

update=11100  step=545636352  pg=-0.0084  vf=4.0394  H=1.7785  kl=0.0011  clip=0.0365  ev=0.5387  lr=0.000060
[update 11100]  rollout=585.5ms  update=357.7ms  pool=20/20
update=11110  step=546127872  pg=-0.0079  vf=4.3383  H=1.7772  kl=0.0009  clip=0.0336  ev=0.5144  lr=0.000060
[update 11110]  rollout=572.0ms  update=325.4ms  pool=20/20
update=11120  step=546619392  pg=-0.0079  vf=4.0907  H=1.7844  kl=0.0009  clip=0.0331  ev=0.5251  lr=0.000060
[update 11120]  rollout=572.1ms  update=331.5ms  pool=20/20
update=11130  step=547110912  pg=-0.0082  vf=4.2548  H=1.7810  kl=0.0009  clip=0.0341  ev=0.5068  lr=0.000060
[update 11130]  rollout=589.2ms  update=328.6ms  pool=20/20
update=11140  step=547602432  pg=-0.0074  vf=4.3118  H=1.7826  kl=0.0009  clip=0.0323  ev=0.5091  lr=0.000060
[update 11140]  rollout=595.5ms  update=327.4ms  pool=20/20

[league eval @ update 11149  duration=10944.3ms]
──────────────────────────────────────────────────────────────────
  vs anchor          hands     bb/hand     win%     mode-collapse?
──────────────────────────────────────────────────────────────────
  uniform            10000       9.849     47.9%    top=22.0%
  random_init        10000       9.494     47.7%    top=21.7%
  always_raise       10000       4.885     33.2%    top=23.6%
  always_call        10000       2.116     46.0%    top=22.8%
  pair_all_in        10000      -0.004     87.4%    top=16.8%
──────────────────────────────────────────────────────────────────
  action mix (vs uniform):  F=19.2%  C=22.0%  R0=7.3%  R1=6.0%  R2=7.0%  R3=5.9%  R4=5.9%  R5=5.3%  R6=4.6%  R7=4.3%  R8=3.3%  R9=2.9%  R10=2.3%  AI=3.9%
  action mix (vs pair_all_in):  F=16.8%  C=16.3%  R0=1.5%  R1=1.1%  R2=7.9%  R3=7.5%  R4=8.1%  R5=6.9%  R6=6.8%  R7=7.2%  R8=7.7%  R9=5.7%  R10=5.2%  AI=1.3%

update=11150  step=548093952  pg=-0.0077  vf=4.3242  H=1.7847  kl=0.0010  clip=0.0363  ev=0.5078  lr=0.000060
[update 11150]  rollout=654.7ms  update=353.8ms  pool=20/20
update=11160  step=548585472  pg=-0.0081  vf=3.8338  H=1.7940  kl=0.0010  clip=0.0403  ev=0.5378  lr=0.000060
[update 11160]  rollout=573.7ms  update=325.5ms  pool=20/20
update=11170  step=549076992  pg=-0.0078  vf=3.9090  H=1.7962  kl=0.0010  clip=0.0393  ev=0.5254  lr=0.000060
[update 11170]  rollout=568.6ms  update=325.6ms  pool=20/20
update=11180  step=549568512  pg=-0.0071  vf=4.0425  H=1.7981  kl=0.0011  clip=0.0391  ev=0.5100  lr=0.000060
[update 11180]  rollout=557.1ms  update=333.4ms  pool=20/20
update=11190  step=550060032  pg=-0.0078  vf=4.0278  H=1.7885  kl=0.0010  clip=0.0407  ev=0.5293  lr=0.000060
[update 11190]  rollout=558.2ms  update=328.1ms  pool=20/20

[league eval @ update 11199  duration=10660.8ms]
──────────────────────────────────────────────────────────────────
  vs anchor          hands     bb/hand     win%     mode-collapse?
──────────────────────────────────────────────────────────────────
  uniform            10000       9.647     48.1%    top=21.6%
  random_init        10000       9.361     47.7%    top=21.2%
  always_raise       10000       5.608     34.8%    top=23.7%
  always_call        10000       2.986     47.0%    top=21.6%
  pair_all_in        10000       0.160     86.1%    top=19.8%
──────────────────────────────────────────────────────────────────
  action mix (vs uniform):  F=19.3%  C=21.6%  R0=6.9%  R1=6.8%  R2=6.9%  R3=6.5%  R4=5.4%  R5=5.2%  R6=4.2%  R7=4.4%  R8=3.3%  R9=2.8%  R10=2.6%  AI=4.1%
  action mix (vs pair_all_in):  F=19.8%  C=14.3%  R0=1.2%  R1=1.1%  R2=8.5%  R3=7.9%  R4=7.9%  R5=7.4%  R6=6.5%  R7=7.1%  R8=5.5%  R9=6.0%  R10=5.8%  AI=1.1%

update=11200  step=550551552  pg=-0.0080  vf=4.1066  H=1.7852  kl=0.0010  clip=0.0382  ev=0.5242  lr=0.000060
[update 11200]  rollout=615.7ms  update=352.3ms  pool=20/20
update=11210  step=551043072  pg=-0.0076  vf=3.8850  H=1.7988  kl=0.0011  clip=0.0391  ev=0.5375  lr=0.000060
[update 11210]  rollout=570.6ms  update=327.1ms  pool=20/20
update=11220  step=551534592  pg=-0.0077  vf=4.0513  H=1.7915  kl=0.0011  clip=0.0403  ev=0.5239  lr=0.000060
[update 11220]  rollout=642.3ms  update=325.4ms  pool=20/20
update=11230  step=552026112  pg=-0.0078  vf=3.9836  H=1.7799  kl=0.0010  clip=0.0368  ev=0.5203  lr=0.000060
[update 11230]  rollout=619.7ms  update=327.1ms  pool=20/20
update=11240  step=552517632  pg=-0.0079  vf=3.9929  H=1.7943  kl=0.0012  clip=0.0443  ev=0.5060  lr=0.000060
[update 11240]  rollout=591.0ms  update=330.1ms  pool=20/20

[league eval @ update 11249  duration=14944.1ms]
──────────────────────────────────────────────────────────────────
  vs anchor          hands     bb/hand     win%     mode-collapse?
──────────────────────────────────────────────────────────────────
  random_init        10000      10.599     49.2%    top=21.4%
  uniform            10000      10.118     47.9%    top=21.8%
  always_raise       10000       5.784     34.8%    top=24.1%
  always_call        10000       2.131     46.7%    top=21.9%
  pair_all_in        10000       0.123     86.5%    top=18.5%
──────────────────────────────────────────────────────────────────
  action mix (vs uniform):  F=19.1%  C=21.8%  R0=7.0%  R1=6.4%  R2=6.8%  R3=6.1%  R4=5.9%  R5=5.2%  R6=4.7%  R7=4.1%  R8=3.1%  R9=2.9%  R10=2.5%  AI=4.3%
  action mix (vs pair_all_in):  F=18.5%  C=15.3%  R0=1.1%  R1=1.1%  R2=7.6%  R3=7.9%  R4=7.9%  R5=7.6%  R6=7.8%  R7=7.1%  R8=6.1%  R9=5.3%  R10=5.7%  AI=1.0%

[best-response eval @ update 11249  seeds=1  bb/hand max=1.644  mean=1.644  min=1.644  std=0.000  best-win%=46.4  duration=1006966ms]

update=11250  step=553009152  pg=-0.0081  vf=4.0262  H=1.7836  kl=0.0009  clip=0.0365  ev=0.5265  lr=0.000060
[update 11250]  rollout=603.0ms  update=343.3ms  pool=20/20
update=11260  step=553500672  pg=-0.0080  vf=4.0831  H=1.7813  kl=0.0009  clip=0.0333  ev=0.5148  lr=0.000060
[update 11260]  rollout=579.3ms  update=338.4ms  pool=20/20
update=11270  step=553992192  pg=-0.0081  vf=3.9540  H=1.7912  kl=0.0010  clip=0.0408  ev=0.5295  lr=0.000060
[update 11270]  rollout=572.1ms  update=329.9ms  pool=20/20
update=11280  step=554483712  pg=-0.0081  vf=4.1023  H=1.7798  kl=0.0011  clip=0.0416  ev=0.5270  lr=0.000060
[update 11280]  rollout=547.3ms  update=327.5ms  pool=20/20
update=11290  step=554975232  pg=-0.0087  vf=4.0609  H=1.7837  kl=0.0011  clip=0.0411  ev=0.5317  lr=0.000060
[update 11290]  rollout=632.3ms  update=326.5ms  pool=20/20

[league eval @ update 11299  duration=15774.6ms]
──────────────────────────────────────────────────────────────────
  vs anchor          hands     bb/hand     win%     mode-collapse?
──────────────────────────────────────────────────────────────────
  uniform            10000      10.429     48.2%    top=21.6%
  random_init        10000       9.496     48.0%    top=22.5%
  always_raise       10000       4.518     34.1%    top=24.2%
  always_call        10000       1.991     47.1%    top=21.3%
  pair_all_in        10000       0.079     88.1%    top=16.6%
──────────────────────────────────────────────────────────────────
  action mix (vs uniform):  F=19.0%  C=21.6%  R0=7.1%  R1=6.4%  R2=7.0%  R3=6.3%  R4=5.9%  R5=5.4%  R6=4.4%  R7=3.9%  R8=3.4%  R9=3.1%  R10=2.4%  AI=4.1%
  action mix (vs pair_all_in):  F=15.9%  C=16.6%  R0=1.2%  R1=1.4%  R2=8.3%  R3=8.2%  R4=8.4%  R5=7.8%  R6=7.4%  R7=6.6%  R8=6.0%  R9=6.0%  R10=5.1%  AI=1.1%

update=11300  step=555466752  pg=-0.0081  vf=4.2217  H=1.7834  kl=0.0009  clip=0.0342  ev=0.5094  lr=0.000060
[update 11300]  rollout=603.9ms  update=351.9ms  pool=20/20
update=11310  step=555958272  pg=-0.0085  vf=4.0603  H=1.7802  kl=0.0011  clip=0.0417  ev=0.5332  lr=0.000060
[update 11310]  rollout=570.7ms  update=324.7ms  pool=20/20
update=11320  step=556449792  pg=-0.0083  vf=3.6397  H=1.7978  kl=0.0010  clip=0.0404  ev=0.5374  lr=0.000060
[update 11320]  rollout=645.6ms  update=329.5ms  pool=20/20
update=11330  step=556941312  pg=-0.0079  vf=4.0028  H=1.7876  kl=0.0011  clip=0.0401  ev=0.5217  lr=0.000060
[update 11330]  rollout=596.7ms  update=327.3ms  pool=20/20
update=11340  step=557432832  pg=-0.0086  vf=4.1112  H=1.7888  kl=0.0012  clip=0.0438  ev=0.5182  lr=0.000060
[update 11340]  rollout=632.3ms  update=325.1ms  pool=20/20

[league eval @ update 11349  duration=11230.1ms]
──────────────────────────────────────────────────────────────────
  vs anchor          hands     bb/hand     win%     mode-collapse?
──────────────────────────────────────────────────────────────────
  uniform            10000      10.384     48.0%    top=21.8%
  random_init        10000       9.898     47.2%    top=21.7%
  always_raise       10000       4.301     33.6%    top=24.0%
  always_call        10000       1.780     46.1%    top=20.7%
  pair_all_in        10000       0.079     87.2%    top=17.5%
──────────────────────────────────────────────────────────────────
  action mix (vs uniform):  F=19.2%  C=21.8%  R0=7.1%  R1=5.8%  R2=7.2%  R3=6.8%  R4=5.8%  R5=5.3%  R6=4.6%  R7=4.0%  R8=3.3%  R9=3.0%  R10=2.3%  AI=3.9%
  action mix (vs pair_all_in):  F=17.5%  C=16.2%  R0=0.9%  R1=1.6%  R2=8.9%  R3=8.8%  R4=6.9%  R5=6.8%  R6=7.5%  R7=6.7%  R8=6.7%  R9=5.4%  R10=4.8%  AI=1.3%

update=11350  step=557924352  pg=-0.0083  vf=3.9603  H=1.7844  kl=0.0011  clip=0.0389  ev=0.5260  lr=0.000060
[update 11350]  rollout=603.1ms  update=349.2ms  pool=20/20
update=11360  step=558415872  pg=-0.0079  vf=3.9019  H=1.8023  kl=0.0009  clip=0.0334  ev=0.5351  lr=0.000060
[update 11360]  rollout=574.4ms  update=325.1ms  pool=20/20
update=11370  step=558907392  pg=-0.0085  vf=4.0365  H=1.7898  kl=0.0010  clip=0.0409  ev=0.5315  lr=0.000060
[update 11370]  rollout=577.3ms  update=338.3ms  pool=20/20
update=11380  step=559398912  pg=-0.0080  vf=3.9753  H=1.7901  kl=0.0009  clip=0.0365  ev=0.5337  lr=0.000060
[update 11380]  rollout=570.3ms  update=329.1ms  pool=20/20
update=11390  step=559890432  pg=-0.0083  vf=3.8219  H=1.7988  kl=0.0010  clip=0.0404  ev=0.5242  lr=0.000060
[update 11390]  rollout=575.6ms  update=326.2ms  pool=20/20

[league eval @ update 11399  duration=10649.3ms]
──────────────────────────────────────────────────────────────────
  vs anchor          hands     bb/hand     win%     mode-collapse?
──────────────────────────────────────────────────────────────────
  random_init        10000       9.869     47.5%    top=20.8%
  uniform            10000       9.804     47.9%    top=21.2%
  always_raise       10000       4.431     33.4%    top=23.6%
  always_call        10000       2.520     47.0%    top=22.4%
  pair_all_in        10000       0.173     87.7%    top=17.2%
──────────────────────────────────────────────────────────────────
  action mix (vs uniform):  F=19.5%  C=21.2%  R0=7.3%  R1=5.7%  R2=7.2%  R3=6.4%  R4=5.8%  R5=4.8%  R6=4.8%  R7=3.6%  R8=3.2%  R9=3.0%  R10=3.1%  AI=4.6%
  action mix (vs pair_all_in):  F=16.8%  C=17.2%  R0=1.2%  R1=1.2%  R2=7.3%  R3=8.2%  R4=7.8%  R5=7.0%  R6=7.7%  R7=6.0%  R8=6.5%  R9=5.6%  R10=6.4%  AI=1.1%

update=11400  step=560381952  pg=-0.0082  vf=3.8051  H=1.8105  kl=0.0010  clip=0.0406  ev=0.5116  lr=0.000060
[update 11400]  rollout=663.1ms  update=341.7ms  pool=20/20
update=11410  step=560873472  pg=-0.0076  vf=3.8225  H=1.8120  kl=0.0009  clip=0.0352  ev=0.5184  lr=0.000060
[update 11410]  rollout=578.3ms  update=327.0ms  pool=20/20
update=11420  step=561364992  pg=-0.0080  vf=3.8636  H=1.8024  kl=0.0010  clip=0.0399  ev=0.5385  lr=0.000060
[update 11420]  rollout=568.7ms  update=327.2ms  pool=20/20
update=11430  step=561856512  pg=-0.0082  vf=3.7522  H=1.7878  kl=0.0010  clip=0.0418  ev=0.5570  lr=0.000060
[update 11430]  rollout=592.1ms  update=335.4ms  pool=20/20
update=11440  step=562348032  pg=-0.0083  vf=3.8064  H=1.8043  kl=0.0010  clip=0.0415  ev=0.5310  lr=0.000060
[update 11440]  rollout=544.7ms  update=328.1ms  pool=20/20

[league eval @ update 11449  duration=11093ms]
──────────────────────────────────────────────────────────────────
  vs anchor          hands     bb/hand     win%     mode-collapse?
──────────────────────────────────────────────────────────────────
  random_init        10000      10.090     47.9%    top=21.2%
  uniform            10000       9.678     47.3%    top=21.3%
  always_raise       10000       5.252     33.9%    top=23.8%
  always_call        10000       2.602     46.7%    top=20.9%
  pair_all_in        10000       0.101     86.4%    top=18.8%
──────────────────────────────────────────────────────────────────
  action mix (vs uniform):  F=19.6%  C=21.3%  R0=7.3%  R1=6.4%  R2=6.9%  R3=6.7%  R4=5.5%  R5=4.9%  R6=4.6%  R7=4.1%  R8=3.3%  R9=3.0%  R10=2.7%  AI=3.8%
  action mix (vs pair_all_in):  F=18.8%  C=16.1%  R0=1.4%  R1=1.1%  R2=8.5%  R3=8.0%  R4=7.5%  R5=6.6%  R6=6.6%  R7=6.5%  R8=6.2%  R9=5.8%  R10=5.6%  AI=1.4%

update=11450  step=562839552  pg=-0.0079  vf=3.9645  H=1.7955  kl=0.0009  clip=0.0341  ev=0.5164  lr=0.000060
[update 11450]  rollout=648.2ms  update=354.7ms  pool=20/20
update=11460  step=563331072  pg=-0.0082  vf=3.6910  H=1.8013  kl=0.0010  clip=0.0348  ev=0.5335  lr=0.000060
[update 11460]  rollout=556.4ms  update=329.9ms  pool=20/20
update=11470  step=563822592  pg=-0.0078  vf=3.9128  H=1.7995  kl=0.0009  clip=0.0324  ev=0.5112  lr=0.000060
[update 11470]  rollout=569.9ms  update=325.5ms  pool=20/20
update=11480  step=564314112  pg=-0.0086  vf=3.8078  H=1.7947  kl=0.0010  clip=0.0384  ev=0.5326  lr=0.000060
[update 11480]  rollout=557.2ms  update=326.4ms  pool=20/20
update=11490  step=564805632  pg=-0.0081  vf=3.9026  H=1.7882  kl=0.0010  clip=0.0335  ev=0.5234  lr=0.000060
[update 11490]  rollout=560.2ms  update=333.8ms  pool=20/20

[league eval @ update 11499  duration=11233.5ms]
──────────────────────────────────────────────────────────────────
  vs anchor          hands     bb/hand     win%     mode-collapse?
──────────────────────────────────────────────────────────────────
  random_init        10000      10.213     47.9%    top=21.5%
  uniform            10000       9.945     48.1%    top=21.4%
  always_raise       10000       5.151     34.1%    top=24.3%
  always_call        10000       2.047     46.6%    top=21.9%
  pair_all_in        10000       0.191     86.6%    top=18.7%
──────────────────────────────────────────────────────────────────
  action mix (vs uniform):  F=19.3%  C=21.4%  R0=7.5%  R1=6.0%  R2=7.1%  R3=6.3%  R4=5.8%  R5=5.4%  R6=4.1%  R7=4.3%  R8=3.3%  R9=2.8%  R10=2.7%  AI=4.2%
  action mix (vs pair_all_in):  F=18.7%  C=16.6%  R0=1.3%  R1=1.0%  R2=7.7%  R3=8.4%  R4=8.0%  R5=7.9%  R6=6.1%  R7=6.1%  R8=6.7%  R9=5.5%  R10=4.7%  AI=1.3%

update=11500  step=565297152  pg=-0.0081  vf=3.8427  H=1.7929  kl=0.0010  clip=0.0368  ev=0.5288  lr=0.000060
[update 11500]  rollout=643.4ms  update=337.0ms  pool=20/20
update=11510  step=565788672  pg=-0.0078  vf=4.0925  H=1.7839  kl=0.0010  clip=0.0399  ev=0.5214  lr=0.000060
[update 11510]  rollout=592.5ms  update=335.2ms  pool=20/20
update=11520  step=566280192  pg=-0.0081  vf=3.8358  H=1.7935  kl=0.0010  clip=0.0385  ev=0.5375  lr=0.000060
[update 11520]  rollout=566.6ms  update=329.3ms  pool=20/20
update=11530  step=566771712  pg=-0.0081  vf=3.7790  H=1.8060  kl=0.0011  clip=0.0402  ev=0.5328  lr=0.000060
[update 11530]  rollout=565.2ms  update=326.9ms  pool=20/20
update=11540  step=567263232  pg=-0.0078  vf=3.9766  H=1.7874  kl=0.0009  clip=0.0316  ev=0.5250  lr=0.000060
[update 11540]  rollout=561.9ms  update=325.8ms  pool=20/20

[league eval @ update 11549  duration=11533.4ms]
──────────────────────────────────────────────────────────────────
  vs anchor          hands     bb/hand     win%     mode-collapse?
──────────────────────────────────────────────────────────────────
  uniform            10000       9.707     46.9%    top=21.6%
  random_init        10000       9.314     46.8%    top=21.9%
  always_raise       10000       5.425     35.2%    top=25.0%
  always_call        10000       2.682     47.4%    top=22.7%
  pair_all_in        10000       0.097     87.8%    top=17.0%
──────────────────────────────────────────────────────────────────
  action mix (vs uniform):  F=20.0%  C=21.6%  R0=7.4%  R1=5.9%  R2=7.0%  R3=6.1%  R4=5.6%  R5=5.3%  R6=4.3%  R7=3.8%  R8=3.5%  R9=2.8%  R10=2.5%  AI=4.2%
  action mix (vs pair_all_in):  F=16.8%  C=17.0%  R0=1.6%  R1=1.2%  R2=8.4%  R3=8.1%  R4=7.5%  R5=6.9%  R6=7.5%  R7=6.1%  R8=6.3%  R9=5.8%  R10=5.5%  AI=1.2%

update=11550  step=567754752  pg=-0.0077  vf=4.0407  H=1.7913  kl=0.0010  clip=0.0359  ev=0.5137  lr=0.000060
[update 11550]  rollout=649.9ms  update=340.3ms  pool=20/20
update=11560  step=568246272  pg=-0.0081  vf=3.7137  H=1.8013  kl=0.0012  clip=0.0452  ev=0.5411  lr=0.000060
[update 11560]  rollout=566.1ms  update=324.4ms  pool=20/20
update=11570  step=568737792  pg=-0.0082  vf=3.6511  H=1.8085  kl=0.0010  clip=0.0364  ev=0.5346  lr=0.000060
[update 11570]  rollout=581.9ms  update=334.5ms  pool=20/20
update=11580  step=569229312  pg=-0.0080  vf=3.6556  H=1.8049  kl=0.0010  clip=0.0370  ev=0.5349  lr=0.000060
[update 11580]  rollout=572.0ms  update=328.5ms  pool=20/20
update=11590  step=569720832  pg=-0.0083  vf=3.7010  H=1.8040  kl=0.0011  clip=0.0412  ev=0.5239  lr=0.000060
[update 11590]  rollout=544.7ms  update=325.7ms  pool=20/20

[league eval @ update 11599  duration=14543.2ms]
──────────────────────────────────────────────────────────────────
  vs anchor          hands     bb/hand     win%     mode-collapse?
──────────────────────────────────────────────────────────────────
  random_init        10000      10.560     47.9%    top=21.0%
  uniform            10000       9.596     47.4%    top=21.5%
  always_raise       10000       4.605     33.2%    top=24.4%
  always_call        10000       1.922     46.7%    top=21.7%
  pair_all_in        10000       0.093     86.7%    top=18.5%
──────────────────────────────────────────────────────────────────
  action mix (vs uniform):  F=19.7%  C=21.5%  R0=6.9%  R1=5.9%  R2=7.1%  R3=6.0%  R4=5.8%  R5=5.3%  R6=4.4%  R7=3.8%  R8=3.5%  R9=3.0%  R10=2.7%  AI=4.3%
  action mix (vs pair_all_in):  F=18.5%  C=15.5%  R0=1.3%  R1=1.4%  R2=8.7%  R3=7.2%  R4=7.8%  R5=7.4%  R6=6.4%  R7=7.0%  R8=7.5%  R9=5.1%  R10=5.1%  AI=1.3%

update=11600  step=570212352  pg=-0.0084  vf=3.7338  H=1.8046  kl=0.0010  clip=0.0399  ev=0.5313  lr=0.000060
[update 11600]  rollout=669.1ms  update=353.9ms  pool=20/20
update=11610  step=570703872  pg=-0.0084  vf=3.9614  H=1.7914  kl=0.0011  clip=0.0377  ev=0.5296  lr=0.000060
[update 11610]  rollout=593.3ms  update=326.2ms  pool=20/20
update=11620  step=571195392  pg=-0.0076  vf=3.7468  H=1.8004  kl=0.0009  clip=0.0346  ev=0.5294  lr=0.000060
[update 11620]  rollout=656.1ms  update=327.2ms  pool=20/20
update=11630  step=571686912  pg=-0.0082  vf=3.7189  H=1.7966  kl=0.0011  clip=0.0411  ev=0.5307  lr=0.000060
[update 11630]  rollout=641.1ms  update=330.5ms  pool=20/20
update=11640  step=572178432  pg=-0.0079  vf=3.8264  H=1.7969  kl=0.0010  clip=0.0370  ev=0.5300  lr=0.000060
[update 11640]  rollout=587.5ms  update=327.3ms  pool=20/20

[league eval @ update 11649  duration=12769.5ms]
──────────────────────────────────────────────────────────────────
  vs anchor          hands     bb/hand     win%     mode-collapse?
──────────────────────────────────────────────────────────────────
  uniform            10000      10.095     47.0%    top=21.7%
  random_init        10000      10.084     47.6%    top=22.0%
  always_raise       10000       3.937     33.2%    top=25.1%
  always_call        10000       2.839     46.6%    top=21.5%
  pair_all_in        10000       0.115     87.2%    top=18.2%
──────────────────────────────────────────────────────────────────
  action mix (vs uniform):  F=19.9%  C=21.7%  R0=7.1%  R1=6.1%  R2=6.8%  R3=5.8%  R4=5.9%  R5=4.8%  R6=4.3%  R7=4.1%  R8=3.4%  R9=3.3%  R10=2.6%  AI=4.2%
  action mix (vs pair_all_in):  F=18.2%  C=14.4%  R0=1.1%  R1=0.9%  R2=8.8%  R3=7.3%  R4=7.7%  R5=7.9%  R6=6.4%  R7=7.2%  R8=7.2%  R9=6.5%  R10=5.2%  AI=1.3%

update=11650  step=572669952  pg=-0.0075  vf=3.9739  H=1.7994  kl=0.0010  clip=0.0376  ev=0.5243  lr=0.000060
[update 11650]  rollout=667.7ms  update=350.4ms  pool=20/20
update=11660  step=573161472  pg=-0.0078  vf=3.9752  H=1.7880  kl=0.0009  clip=0.0335  ev=0.5370  lr=0.000060
[update 11660]  rollout=595.6ms  update=326.2ms  pool=20/20
update=11670  step=573652992  pg=-0.0074  vf=4.1976  H=1.7869  kl=0.0010  clip=0.0348  ev=0.5158  lr=0.000060
[update 11670]  rollout=562.4ms  update=324.3ms  pool=20/20
update=11680  step=574144512  pg=-0.0073  vf=3.9523  H=1.8056  kl=0.0010  clip=0.0369  ev=0.5107  lr=0.000060
[update 11680]  rollout=564.8ms  update=332.3ms  pool=20/20
update=11690  step=574636032  pg=-0.0076  vf=3.9759  H=1.8000  kl=0.0009  clip=0.0333  ev=0.5317  lr=0.000060
[update 11690]  rollout=576.6ms  update=327.8ms  pool=20/20

[league eval @ update 11699  duration=10788.5ms]
──────────────────────────────────────────────────────────────────
  vs anchor          hands     bb/hand     win%     mode-collapse?
──────────────────────────────────────────────────────────────────
  random_init        10000      10.322     47.9%    top=21.5%
  uniform            10000       9.557     47.9%    top=21.6%
  always_raise       10000       4.272     34.4%    top=24.9%
  always_call        10000       2.247     46.7%    top=20.5%
  pair_all_in        10000       0.140     86.9%    top=17.5%
──────────────────────────────────────────────────────────────────
  action mix (vs uniform):  F=19.1%  C=21.6%  R0=7.7%  R1=5.9%  R2=7.0%  R3=5.8%  R4=5.6%  R5=4.8%  R6=5.2%  R7=3.7%  R8=3.9%  R9=3.0%  R10=2.6%  AI=4.1%
  action mix (vs pair_all_in):  F=17.5%  C=16.7%  R0=1.4%  R1=1.3%  R2=9.0%  R3=7.1%  R4=6.8%  R5=6.8%  R6=7.9%  R7=6.2%  R8=6.6%  R9=5.8%  R10=5.8%  AI=1.2%

update=11700  step=575127552  pg=-0.0080  vf=4.1658  H=1.7866  kl=0.0010  clip=0.0357  ev=0.5007  lr=0.000060
[update 11700]  rollout=651.4ms  update=341.5ms  pool=20/20
update=11710  step=575619072  pg=-0.0081  vf=4.1371  H=1.7865  kl=0.0010  clip=0.0374  ev=0.5199  lr=0.000060
[update 11710]  rollout=614.1ms  update=324.2ms  pool=20/20
update=11720  step=576110592  pg=-0.0081  vf=4.0201  H=1.7910  kl=0.0011  clip=0.0443  ev=0.5162  lr=0.000060
[update 11720]  rollout=557.1ms  update=327.2ms  pool=20/20
update=11730  step=576602112  pg=-0.0081  vf=4.2898  H=1.7649  kl=0.0010  clip=0.0388  ev=0.5238  lr=0.000060
[update 11730]  rollout=574.7ms  update=325.0ms  pool=20/20
update=11740  step=577093632  pg=-0.0079  vf=4.2504  H=1.7863  kl=0.0011  clip=0.0424  ev=0.5080  lr=0.000060
[update 11740]  rollout=561.2ms  update=325.4ms  pool=20/20

[league eval @ update 11749  duration=11296.5ms]
──────────────────────────────────────────────────────────────────
  vs anchor          hands     bb/hand     win%     mode-collapse?
──────────────────────────────────────────────────────────────────
  uniform            10000       9.732     48.2%    top=21.5%
  random_init        10000       9.606     47.6%    top=21.9%
  always_raise       10000       5.209     34.0%    top=24.3%
  always_call        10000       1.732     45.7%    top=21.0%
  pair_all_in        10000       0.165     86.6%    top=19.2%
──────────────────────────────────────────────────────────────────
  action mix (vs uniform):  F=18.9%  C=21.5%  R0=6.7%  R1=6.9%  R2=6.7%  R3=5.7%  R4=6.2%  R5=5.1%  R6=4.6%  R7=4.0%  R8=3.7%  R9=3.1%  R10=2.6%  AI=4.4%
  action mix (vs pair_all_in):  F=19.2%  C=14.4%  R0=1.0%  R1=1.1%  R2=7.9%  R3=7.7%  R4=8.0%  R5=7.3%  R6=6.7%  R7=6.4%  R8=6.5%  R9=6.4%  R10=6.0%  AI=1.4%

update=11750  step=577585152  pg=-0.0081  vf=4.1655  H=1.7859  kl=0.0010  clip=0.0375  ev=0.5092  lr=0.000060
[update 11750]  rollout=639.0ms  update=336.1ms  pool=20/20
update=11760  step=578076672  pg=-0.0077  vf=4.0547  H=1.7934  kl=0.0010  clip=0.0379  ev=0.5248  lr=0.000060
[update 11760]  rollout=572.7ms  update=325.2ms  pool=20/20
update=11770  step=578568192  pg=-0.0081  vf=3.9951  H=1.7903  kl=0.0010  clip=0.0366  ev=0.5319  lr=0.000060
[update 11770]  rollout=555.8ms  update=325.7ms  pool=20/20
update=11780  step=579059712  pg=-0.0076  vf=3.8714  H=1.8031  kl=0.0009  clip=0.0328  ev=0.5199  lr=0.000060
[update 11780]  rollout=573.9ms  update=334.0ms  pool=20/20
update=11790  step=579551232  pg=-0.0081  vf=4.2100  H=1.7843  kl=0.0010  clip=0.0386  ev=0.5191  lr=0.000060
[update 11790]  rollout=568.6ms  update=327.7ms  pool=20/20

[league eval @ update 11799  duration=11061ms]
──────────────────────────────────────────────────────────────────
  vs anchor          hands     bb/hand     win%     mode-collapse?
──────────────────────────────────────────────────────────────────
  uniform            10000       9.480     47.6%    top=21.9%
  random_init        10000       9.131     46.6%    top=21.2%
  always_raise       10000       4.518     32.9%    top=24.1%
  always_call        10000       2.753     46.5%    top=21.2%
  pair_all_in        10000       0.085     86.5%    top=19.0%
──────────────────────────────────────────────────────────────────
  action mix (vs uniform):  F=19.3%  C=21.9%  R0=7.0%  R1=6.2%  R2=6.5%  R3=5.9%  R4=5.8%  R5=5.1%  R6=4.5%  R7=4.4%  R8=3.2%  R9=3.3%  R10=2.7%  AI=4.2%
  action mix (vs pair_all_in):  F=19.0%  C=15.0%  R0=1.3%  R1=1.4%  R2=8.5%  R3=7.4%  R4=7.5%  R5=7.2%  R6=6.8%  R7=7.4%  R8=5.9%  R9=5.9%  R10=5.2%  AI=1.4%

update=11800  step=580042752  pg=-0.0077  vf=3.9763  H=1.7904  kl=0.0010  clip=0.0394  ev=0.5327  lr=0.000060
[update 11800]  rollout=645.7ms  update=358.8ms  pool=20/20
update=11810  step=580534272  pg=-0.0081  vf=4.0244  H=1.7826  kl=0.0010  clip=0.0384  ev=0.5346  lr=0.000060
[update 11810]  rollout=583.7ms  update=328.3ms  pool=20/20
update=11820  step=581025792  pg=-0.0082  vf=3.9318  H=1.7922  kl=0.0010  clip=0.0355  ev=0.5318  lr=0.000060
[update 11820]  rollout=583.3ms  update=327.7ms  pool=20/20
update=11830  step=581517312  pg=-0.0077  vf=3.9499  H=1.7936  kl=0.0011  clip=0.0429  ev=0.5122  lr=0.000060
[update 11830]  rollout=567.7ms  update=326.3ms  pool=20/20
update=11840  step=582008832  pg=-0.0083  vf=4.0008  H=1.7861  kl=0.0010  clip=0.0366  ev=0.5250  lr=0.000060
[update 11840]  rollout=579.9ms  update=331.0ms  pool=20/20

[league eval @ update 11849  duration=10762.2ms]
──────────────────────────────────────────────────────────────────
  vs anchor          hands     bb/hand     win%     mode-collapse?
──────────────────────────────────────────────────────────────────
  random_init        10000      10.300     48.0%    top=21.0%
  uniform            10000       9.899     47.6%    top=20.7%
  always_raise       10000       4.549     33.7%    top=24.0%
  always_call        10000       2.840     47.6%    top=20.2%
  pair_all_in        10000       0.026     86.6%    top=18.5%
──────────────────────────────────────────────────────────────────
  action mix (vs uniform):  F=19.6%  C=20.7%  R0=7.7%  R1=6.1%  R2=6.9%  R3=6.1%  R4=5.7%  R5=4.7%  R6=4.7%  R7=3.8%  R8=3.6%  R9=3.5%  R10=2.7%  AI=4.3%
  action mix (vs pair_all_in):  F=18.5%  C=15.1%  R0=1.2%  R1=1.1%  R2=7.9%  R3=8.0%  R4=7.2%  R5=6.6%  R6=7.4%  R7=5.7%  R8=6.3%  R9=8.0%  R10=5.9%  AI=1.2%

update=11850  step=582500352  pg=-0.0082  vf=3.9076  H=1.7847  kl=0.0010  clip=0.0369  ev=0.5235  lr=0.000060
[update 11850]  rollout=601.2ms  update=352.8ms  pool=20/20
update=11860  step=582991872  pg=-0.0077  vf=4.0661  H=1.7824  kl=0.0009  clip=0.0327  ev=0.5277  lr=0.000060
[update 11860]  rollout=580.4ms  update=332.8ms  pool=20/20
update=11870  step=583483392  pg=-0.0079  vf=3.8621  H=1.7902  kl=0.0010  clip=0.0368  ev=0.5328  lr=0.000060
[update 11870]  rollout=570.0ms  update=327.7ms  pool=20/20
update=11880  step=583974912  pg=-0.0080  vf=3.9640  H=1.7792  kl=0.0010  clip=0.0359  ev=0.5394  lr=0.000060
[update 11880]  rollout=551.3ms  update=326.8ms  pool=20/20
update=11890  step=584466432  pg=-0.0080  vf=4.1621  H=1.7883  kl=0.0011  clip=0.0383  ev=0.5045  lr=0.000060
[update 11890]  rollout=553.7ms  update=326.5ms  pool=20/20

[league eval @ update 11899  duration=12336.7ms]
──────────────────────────────────────────────────────────────────
  vs anchor          hands     bb/hand     win%     mode-collapse?
──────────────────────────────────────────────────────────────────
  random_init        10000      10.154     48.1%    top=21.4%
  uniform            10000       9.800     47.3%    top=21.4%
  always_raise       10000       5.313     34.2%    top=23.6%
  always_call        10000       3.471     47.6%    top=20.1%
  pair_all_in        10000       0.226     87.0%    top=18.1%
──────────────────────────────────────────────────────────────────
  action mix (vs uniform):  F=19.5%  C=21.4%  R0=7.4%  R1=6.1%  R2=7.1%  R3=6.2%  R4=5.4%  R5=4.9%  R6=4.8%  R7=4.2%  R8=3.4%  R9=2.9%  R10=2.6%  AI=4.0%
  action mix (vs pair_all_in):  F=18.1%  C=15.4%  R0=1.3%  R1=1.1%  R2=7.8%  R3=7.6%  R4=7.8%  R5=7.0%  R6=7.0%  R7=7.4%  R8=5.9%  R9=6.4%  R10=6.0%  AI=1.1%

update=11900  step=584957952  pg=-0.0084  vf=3.9975  H=1.7888  kl=0.0010  clip=0.0381  ev=0.5198  lr=0.000060
[update 11900]  rollout=636.9ms  update=344.2ms  pool=20/20
update=11910  step=585449472  pg=-0.0082  vf=4.0270  H=1.7888  kl=0.0011  clip=0.0418  ev=0.5178  lr=0.000060
[update 11910]  rollout=619.9ms  update=325.6ms  pool=20/20
update=11920  step=585940992  pg=-0.0069  vf=4.2854  H=1.7842  kl=0.0009  clip=0.0338  ev=0.5164  lr=0.000060
[update 11920]  rollout=634.6ms  update=333.9ms  pool=20/20
update=11930  step=586432512  pg=-0.0082  vf=4.0818  H=1.7827  kl=0.0011  clip=0.0405  ev=0.5236  lr=0.000060
[update 11930]  rollout=602.2ms  update=328.0ms  pool=20/20
update=11940  step=586924032  pg=-0.0078  vf=4.0594  H=1.7946  kl=0.0012  clip=0.0412  ev=0.5166  lr=0.000060
[update 11940]  rollout=612.0ms  update=326.3ms  pool=20/20

[league eval @ update 11949  duration=14362.7ms]
──────────────────────────────────────────────────────────────────
  vs anchor          hands     bb/hand     win%     mode-collapse?
──────────────────────────────────────────────────────────────────
  uniform            10000      10.492     49.5%    top=22.3%
  random_init        10000       9.898     48.6%    top=22.3%
  always_raise       10000       5.058     33.7%    top=23.9%
  always_call        10000       2.452     46.6%    top=21.4%
  pair_all_in        10000      -0.029     86.3%    top=18.8%
──────────────────────────────────────────────────────────────────
  action mix (vs uniform):  F=18.4%  C=22.3%  R0=7.2%  R1=5.8%  R2=6.7%  R3=6.1%  R4=5.4%  R5=5.6%  R6=4.6%  R7=4.0%  R8=3.4%  R9=3.5%  R10=2.7%  AI=4.2%
  action mix (vs pair_all_in):  F=18.8%  C=15.6%  R0=1.4%  R1=0.9%  R2=8.3%  R3=7.7%  R4=7.7%  R5=6.9%  R6=7.1%  R7=5.2%  R8=5.8%  R9=7.1%  R10=6.5%  AI=1.0%

update=11950  step=587415552  pg=-0.0087  vf=3.7063  H=1.7889  kl=0.0011  clip=0.0401  ev=0.5422  lr=0.000060
[update 11950]  rollout=652.1ms  update=338.5ms  pool=20/20
update=11960  step=587907072  pg=-0.0084  vf=3.7871  H=1.7898  kl=0.0010  clip=0.0389  ev=0.5430  lr=0.000060
[update 11960]  rollout=570.0ms  update=324.7ms  pool=20/20
update=11970  step=588398592  pg=-0.0079  vf=3.8781  H=1.7932  kl=0.0010  clip=0.0341  ev=0.5297  lr=0.000060
[update 11970]  rollout=641.4ms  update=331.4ms  pool=20/20
update=11980  step=588890112  pg=-0.0081  vf=3.6483  H=1.7969  kl=0.0010  clip=0.0374  ev=0.5410  lr=0.000060
[update 11980]  rollout=547.4ms  update=328.3ms  pool=20/20
update=11990  step=589381632  pg=-0.0079  vf=3.9299  H=1.7924  kl=0.0010  clip=0.0390  ev=0.5332  lr=0.000060
[update 11990]  rollout=566.8ms  update=325.7ms  pool=20/20

[league eval @ update 11999  duration=11045.4ms]
──────────────────────────────────────────────────────────────────
  vs anchor          hands     bb/hand     win%     mode-collapse?
──────────────────────────────────────────────────────────────────
  random_init        10000       9.857     48.5%    top=22.3%
  uniform            10000       8.677     46.8%    top=21.6%
  always_raise       10000       5.690     35.1%    top=23.9%
  always_call        10000       3.400     47.4%    top=21.7%
  pair_all_in        10000       0.075     86.8%    top=17.9%
──────────────────────────────────────────────────────────────────
  action mix (vs uniform):  F=19.6%  C=21.6%  R0=7.1%  R1=5.9%  R2=6.2%  R3=5.8%  R4=5.8%  R5=5.1%  R6=4.8%  R7=4.5%  R8=3.6%  R9=3.1%  R10=2.6%  AI=4.2%
  action mix (vs pair_all_in):  F=17.9%  C=15.7%  R0=1.1%  R1=1.1%  R2=7.2%  R3=7.8%  R4=8.1%  R5=7.3%  R6=7.8%  R7=7.0%  R8=5.8%  R9=6.4%  R10=5.7%  AI=1.2%

[best-response eval @ update 11999  seeds=1  bb/hand max=0.948  mean=0.948  min=0.948  std=0.000  best-win%=41.9  duration=1019659ms]

update=12000  step=589873152  pg=-0.0080  vf=3.7316  H=1.7866  kl=0.0010  clip=0.0369  ev=0.5453  lr=0.000060
[update 12000]  rollout=560.4ms  update=344.4ms  pool=20/20
update=12010  step=590364672  pg=-0.0076  vf=4.1567  H=1.7832  kl=0.0009  clip=0.0323  ev=0.5079  lr=0.000060
[update 12010]  rollout=627.6ms  update=329.7ms  pool=20/20
update=12020  step=590856192  pg=-0.0081  vf=3.6463  H=1.8038  kl=0.0011  clip=0.0438  ev=0.5313  lr=0.000060
[update 12020]  rollout=596.2ms  update=326.6ms  pool=20/20
update=12030  step=591347712  pg=-0.0076  vf=4.0121  H=1.7931  kl=0.0010  clip=0.0375  ev=0.5184  lr=0.000060
[update 12030]  rollout=558.4ms  update=324.6ms  pool=20/20
update=12040  step=591839232  pg=-0.0079  vf=4.0382  H=1.7891  kl=0.0010  clip=0.0335  ev=0.5177  lr=0.000060
[update 12040]  rollout=576.5ms  update=335.3ms  pool=20/20

[league eval @ update 12049  duration=11183ms]
──────────────────────────────────────────────────────────────────
  vs anchor          hands     bb/hand     win%     mode-collapse?
──────────────────────────────────────────────────────────────────
  random_init        10000       9.649     47.5%    top=22.0%
  uniform            10000       9.271     47.2%    top=22.4%
  always_raise       10000       5.436     34.2%    top=24.0%
  always_call        10000       2.310     46.6%    top=22.0%
  pair_all_in        10000      -0.018     87.2%    top=17.2%
──────────────────────────────────────────────────────────────────
  action mix (vs uniform):  F=19.2%  C=22.4%  R0=7.2%  R1=5.7%  R2=6.7%  R3=6.5%  R4=5.6%  R5=4.9%  R6=4.4%  R7=4.4%  R8=3.5%  R9=2.9%  R10=2.5%  AI=3.9%
  action mix (vs pair_all_in):  F=17.2%  C=17.1%  R0=1.7%  R1=1.3%  R2=7.9%  R3=7.7%  R4=7.1%  R5=7.2%  R6=6.3%  R7=6.9%  R8=7.3%  R9=5.9%  R10=5.4%  AI=1.1%

update=12050  step=592330752  pg=-0.0082  vf=4.0080  H=1.7764  kl=0.0010  clip=0.0349  ev=0.5337  lr=0.000060
[update 12050]  rollout=620.3ms  update=332.3ms  pool=20/20
update=12060  step=592822272  pg=-0.0082  vf=3.9167  H=1.7929  kl=0.0010  clip=0.0393  ev=0.5469  lr=0.000060
[update 12060]  rollout=605.3ms  update=323.8ms  pool=20/20
update=12070  step=593313792  pg=-0.0077  vf=4.1109  H=1.7943  kl=0.0011  clip=0.0423  ev=0.5193  lr=0.000060
[update 12070]  rollout=565.2ms  update=329.5ms  pool=20/20
update=12080  step=593805312  pg=-0.0080  vf=4.0382  H=1.7880  kl=0.0010  clip=0.0389  ev=0.5321  lr=0.000060
[update 12080]  rollout=559.5ms  update=325.4ms  pool=20/20
update=12090  step=594296832  pg=-0.0080  vf=3.8069  H=1.8066  kl=0.0010  clip=0.0368  ev=0.5202  lr=0.000060
[update 12090]  rollout=562.2ms  update=324.7ms  pool=20/20

[league eval @ update 12099  duration=11632.4ms]
──────────────────────────────────────────────────────────────────
  vs anchor          hands     bb/hand     win%     mode-collapse?
──────────────────────────────────────────────────────────────────
  uniform            10000       9.402     47.6%    top=22.2%
  random_init        10000       9.140     47.1%    top=22.0%
  always_raise       10000       5.055     34.2%    top=24.0%
  always_call        10000       2.546     46.9%    top=20.2%
  pair_all_in        10000       0.022     86.7%    top=18.3%
──────────────────────────────────────────────────────────────────
  action mix (vs uniform):  F=19.4%  C=22.2%  R0=7.1%  R1=5.3%  R2=6.8%  R3=6.1%  R4=5.6%  R5=5.3%  R6=4.7%  R7=4.5%  R8=3.3%  R9=3.0%  R10=2.7%  AI=4.0%
  action mix (vs pair_all_in):  F=18.3%  C=15.5%  R0=1.0%  R1=1.2%  R2=7.8%  R3=7.0%  R4=7.4%  R5=8.5%  R6=6.6%  R7=7.8%  R8=5.8%  R9=6.1%  R10=5.8%  AI=1.2%

update=12100  step=594788352  pg=-0.0083  vf=3.9643  H=1.7866  kl=0.0010  clip=0.0361  ev=0.5330  lr=0.000060
[update 12100]  rollout=634.7ms  update=327.1ms  pool=20/20
update=12110  step=595279872  pg=-0.0078  vf=4.0447  H=1.8032  kl=0.0011  clip=0.0452  ev=0.5202  lr=0.000060
[update 12110]  rollout=616.8ms  update=326.6ms  pool=20/20
update=12120  step=595771392  pg=-0.0075  vf=3.7375  H=1.7987  kl=0.0010  clip=0.0373  ev=0.5408  lr=0.000060
[update 12120]  rollout=596.9ms  update=337.1ms  pool=20/20
update=12130  step=596262912  pg=-0.0083  vf=3.9307  H=1.7925  kl=0.0012  clip=0.0421  ev=0.5152  lr=0.000060
[update 12130]  rollout=579.7ms  update=330.0ms  pool=20/20
update=12140  step=596754432  pg=-0.0077  vf=3.8074  H=1.7895  kl=0.0010  clip=0.0364  ev=0.5383  lr=0.000060
[update 12140]  rollout=555.1ms  update=325.3ms  pool=20/20

[league eval @ update 12149  duration=10926.8ms]
──────────────────────────────────────────────────────────────────
  vs anchor          hands     bb/hand     win%     mode-collapse?
──────────────────────────────────────────────────────────────────
  random_init        10000       9.294     47.0%    top=21.6%
  uniform            10000       9.238     46.7%    top=21.4%
  always_raise       10000       5.201     34.5%    top=23.6%
  always_call        10000       2.136     46.2%    top=22.9%
  pair_all_in        10000       0.069     86.9%    top=18.1%
──────────────────────────────────────────────────────────────────
  action mix (vs uniform):  F=20.0%  C=21.4%  R0=7.2%  R1=6.1%  R2=6.5%  R3=6.5%  R4=5.4%  R5=5.1%  R6=4.3%  R7=4.3%  R8=3.5%  R9=2.9%  R10=2.7%  AI=4.2%
  action mix (vs pair_all_in):  F=18.1%  C=15.8%  R0=1.4%  R1=1.3%  R2=7.0%  R3=7.5%  R4=7.0%  R5=7.5%  R6=6.8%  R7=7.7%  R8=7.0%  R9=6.4%  R10=5.2%  AI=1.2%

update=12150  step=597245952  pg=-0.0080  vf=3.6230  H=1.7982  kl=0.0012  clip=0.0472  ev=0.5315  lr=0.000060
[update 12150]  rollout=600.2ms  update=356.8ms  pool=20/20
update=12160  step=597737472  pg=-0.0079  vf=3.9847  H=1.7964  kl=0.0010  clip=0.0411  ev=0.5205  lr=0.000060
[update 12160]  rollout=576.3ms  update=325.7ms  pool=20/20
update=12170  step=598228992  pg=-0.0076  vf=4.0659  H=1.7941  kl=0.0010  clip=0.0375  ev=0.5134  lr=0.000060
[update 12170]  rollout=554.5ms  update=325.0ms  pool=20/20
update=12180  step=598720512  pg=-0.0082  vf=3.9092  H=1.7772  kl=0.0010  clip=0.0391  ev=0.5366  lr=0.000060
[update 12180]  rollout=585.3ms  update=334.9ms  pool=20/20
update=12190  step=599212032  pg=-0.0076  vf=4.0234  H=1.7867  kl=0.0010  clip=0.0407  ev=0.5223  lr=0.000060
[update 12190]  rollout=563.9ms  update=328.2ms  pool=20/20

[league eval @ update 12199  duration=10913.8ms]
──────────────────────────────────────────────────────────────────
  vs anchor          hands     bb/hand     win%     mode-collapse?
──────────────────────────────────────────────────────────────────
  uniform            10000      10.140     47.5%    top=21.7%
  random_init        10000       9.924     47.3%    top=22.0%
  always_raise       10000       4.880     34.0%    top=24.4%
  always_call        10000       1.801     46.4%    top=22.7%
  pair_all_in        10000       0.181     86.6%    top=18.5%
──────────────────────────────────────────────────────────────────
  action mix (vs uniform):  F=19.5%  C=21.7%  R0=7.1%  R1=6.1%  R2=6.9%  R3=6.1%  R4=5.8%  R5=5.2%  R6=4.5%  R7=4.2%  R8=3.3%  R9=2.6%  R10=3.0%  AI=3.9%
  action mix (vs pair_all_in):  F=18.5%  C=15.8%  R0=1.3%  R1=1.4%  R2=8.9%  R3=7.4%  R4=7.1%  R5=8.0%  R6=6.7%  R7=7.0%  R8=6.6%  R9=5.0%  R10=5.2%  AI=1.2%

update=12200  step=599703552  pg=-0.0078  vf=4.0149  H=1.7810  kl=0.0009  clip=0.0346  ev=0.5254  lr=0.000060
[update 12200]  rollout=606.4ms  update=353.8ms  pool=20/20

Final league evaluation...
──────────────────────────────────────────────────────────────────
  vs anchor          hands     bb/hand     win%     mode-collapse?
──────────────────────────────────────────────────────────────────
  uniform            10000       9.805     47.4%    top=22.1%
  random_init        10000       9.804     47.5%    top=21.7%
  always_raise       10000       5.124     34.3%    top=23.7%
  always_call        10000       2.233     46.4%    top=22.6%
  pair_all_in        10000       0.133     86.2%    top=18.9%
──────────────────────────────────────────────────────────────────

Model saved to poker_ppo_model_nlhe_full_52.pt
